addressId,address,addressEth
"",f14zmgrcgayihubfptjpn42xs2tgk7cpkjxgnjsyq,""
"",f15m6qoqdsh7fn7l5amegshhvwi4gl5alb2eeuz2y,""
"",f15pdomlobxhbs565pem4ru2djvi3xe36kidheecy,""
"",f177tm3c3ldgy6tvpzeuuwnj4ztuqahesa732axjy,""
"",f1anpyrkoyzqxsv3glkjsvdnyiols7p4cajtwax7a,""
"",f1l66uxwsnh6wp2k5uzkriccr23wkxffwfkxjxj4i,""
"",f1spl5es7vrgs6q2nqzoyenlkgaosk2eej33lpkai,""
10010,f2yugns72jzqbhykqk2kxiksbrzuzevqssyac3z3i,""
100254,f1uhubdateuntjmpje6yg4dwy6p5hjwxewuddueiy,""
10067,f3rtdgzkgl64zvk67pjecnh7gxeq67ghqtkdtksivap3gxv7heemya5qsukjhc4p4a2masawt6yrjoy6ssvmtq,""
10084,"",""
101004,f3viailjjkez5o5d3p2flxkdkag2srqy3wouaxcemabrqjp2nr6l56yxbx5pu3qgszgo7dgrzpon4xpuweny5a,""
1012,"",""
1015558,f1nm6aojv5pdngo6fla4asznd55dn7shhmbunapga,""
1015748,f3wnfk6oladwlo2mumpuxqzg4vc67lalnieycr3aqosarqrqgbkia2myvossh76fe2y6th6tyc5urjzorkq7ha,""
101610,f1jy3blozja7edk7firimlylpxpqkqzrx34grkcgy,""
1017127,f3xffffsxczmg5n5z4wxfv33lsziv655opdbujostpxa2rv4q3gdglatk5xntkud24jehhfpex6u5x3wp2txta,""
1017847,f1jayzlakave6ktfeu3ssymh7t5xnsancdehrli4i,""
1019920,f3saxexwlr5nr7utkrjaj6bahdhegolofa7vg2n7nmn5ykvbkp67palr4rk6ldif2arryrffdifaixpx3l7ixq,""
1020225,f3wwvnvrym2jyfozzxbtxhxnbuo5zmxo36447rsfazqs4hxnpjovpsesygzl4bdhf7bhpd4ot52mh2cce5mlga,""
1020300,f3rofi6lad6glpfwewv7aejwqkplbsx3j2vvxhscrbouvldckt3wfwcohjdeqj4kgyhqmiw6qp3onbktuv545a,""
1020500,f1xnypvbq2f5xbz5u4gzrgdmpz6kak4bmnfk7i2vq,""
1023528,f3vqohor26rbzoytt5wb6m3kk2m6h6usirwsinqlhsvfaij45eek5qbj6jmspti3k2fpfz2tn2gkhqqme5j6xq,""
1024451,f1zhtq772y3pdea4rqva52tmvo7zxhhaadjnqh4hi,""
1024708,f1hoxrtf77h7syz3snbvrrpsqoa4z7jvwfix2nyly,""
1024938,f1mos653wf3hkxpdwu2ffs4zsdim7t7mavsgzwlva,""
1026208,f1vdvkqigbozuo2wprz6shj4cuswd3o36j4eckdli,""
1026427,f1yvbvtuspymqk5hnmvdrtqlukdg6tosdhwzf47yy,""
1026565,f1urjdmmz4xgez7wgnnx65hjxtifnmc75yx3mqd7a,""
1026789,f163zlid6nnmr4emt3oav6gqxsj5cab6pwhlmgfoq,""
1030997,f3rmy6c7zoefq3bb4thhvmv35ihe4t35hyaivoxdrzzmtt5zx6hrdp4ltgzccndggynjkc3joxxok3quv5mg2a,""
1031300,f1o7oz5hhanag7a3pmpsuztwoctee66icbweexyfi,""
1031431,f1yyp6j6nro4z7qwmpkaigsl4o5kyp3tq44w374aq,""
1031471,f1efgqu3uhtbdrbzzubloknyczoi4uwqqacyhwk7a,""
103359,f2kb4izxsxu2jyyslzwmv2sfbrgpld56efedgru5i,""
1034053,f12cmrmphhy37rymjbisysm3shtzunrexj4dfpc2q,""
1034818,f3vehf7mwsvfp26xya2eusywb7jqxg6fkkglrtiew5t4ux5q5heicgveojssrvd6pgse66kd7dbvca6omhay6q,""
1037171,f1nfefh3bkrw5erkbaj47mjckivd5lrbfn4m7hpna,""
1037437,f1o52hywcutkq6iqztmrlox24blocbjwm6ka7avey,""
1037744,f1js357limxm3q3r45lajjsm4lbcx2kpfjhjlobxi,""
1037760,f3spci2tzjzhedgvxsoxg4hprrkyszdce5dacaxg4ndkvpshpuma2uf6c4fmk2lvvrobnz5bvr6j5hfeccpupq,""
1037813,f1umc6lkukurhuptzxkpjy47ogkegwxe2ml4xqy4q,""
1037815,f133nozqomkwd37tfrgziw5lieulzuztbkgqivxtq,""
1038964,f1niscl7xmj7pton6niw7efh4ntu7goch4xjga3ky,""
1043125,f3s33bmfqth2x4yp5lg5geofcp4h4dz3jjxd3xxgoncleu6fyvbteeeskmchclx6iwqy5raog7qhvt75cynkpq,""
1044297,f24f7sbxcxrumucvoxuh5gvzv7bb2p2t5hzwlwk4y,""
1045582,f1p53ecntxqmkncfzckxph7lyyaaxskl5y3l2thby,""
1047875,f14kjt2tvvyv6b3njkn6bsmrepoibltaj66ku4api,""
10479,"",""
1048157,f16wc2ees6nkmk4pguoaaly4zdkeemaajjbv7aqgq,""
1048269,f1iyglxev2mxx6unbxt32oafrlbmovgfych2qlmmi,""
1048564,f1k5ghwcdsyl4xx6wsplinwpvqg5t7tnecgady63i,""
1050923,f3vshs26j5yqahibs2egp7ptbeazhwzxwpkszv6xlupbhtylh5ygixxdlxomo5arshs43lwnhx5tqy7ckjzs6q,""
1050924,f3ujspw3djjy4dqrb7zeypwwinpnwrgiqgt4ogggksimpch6g6ge7ckeda3x35cmtm2cyyg4n6hlauze37x3ua,""
1050925,f1td7qw7egvxpxjbd34ufw7mw2fzerzqgibxrp7oa,""
1052633,f3vrj6wri3vtudiz3h5zbv6kfcah7ivxuwgzneymnbroqabmcwxkehf3qgwbbnmq7mybfxmajy4haav3c2laiq,""
1053518,f3v4r3c6c4bqfsaq3yxmleypfav5tykc46wc6z43wp65f5t6ns23sn2dmn7dw5yfccjkn2ygzqo62s6ofyo3yq,""
1054392,f1umygfzfcowexgppib6os2kzdokiugi6aeefu2ui,""
1059377,f3vxjreoalyqfyqildl45tfb3iqgbcboxku4ktlcj4m3u4lbfnpfqebid54mueqge6rd2s7pytvcoafhxhcdxq,""
1059382,f3wydt7oy6yg2szd5m53zj4kjwsee6xviboxge2zdg7hxgglaf4azoau3vlfconj2ocpvmlwk4ityr36hndana,""
1059650,f1qmajqn3dlbwkgu6pxemrzgx7fudhesotjlfhyoi,""
1061532,f1l2rbo2gqizerr2qmh7gfl3cvsfw4azxdrnkf42i,""
1062095,f3usqiahcnn2ys22tr3xuaua7hdiv7rbojpuzsnb2idw2ho6zyergerlbp6mbqpsujn3yl37ful5kqhips46cq,""
1065709,f3vqpw63sr4e26hysqgqh3uh6i2zdnyqrliwwjld34evzxckxyiicm37egonujt3uthyxhycu7zkyxrp2mkluq,""
106591,f1jp2xt7qkgdfmsj6pylcalmr7t4atfby2aoyeh4i,""
1066192,f3wq2djz7itd64k7gnomrxsgpqkfjwlodvtrofjziqo7uk6awcngr3kpe3qrsq6vpca2aiwyvcanmpeywqfeva,""
106737,f3wubl6ri7irc3x2fxhtyyj7ycptac6olgpuymp2k57gelmk2ueo6aqlndoqdlf4z2ryxyvdrmyy4i4xqfiyyq,""
1068744,f1kmsvby7p6kayozjrzglyux3pfqip2hd2i5wv3eq,""
1069489,f3tbfu6dptaui5uwdt7tlhzmovocz47z2fv34dewwhvkf6heel63zqv6ro7we5fvfzndmofel64dggk5vdr5rq,""
107137,f3vfyg5tn3wyirm2ixfjmzj4ivl6ncuo2byzgnj7f2xxz25tkj7seaepxadm4pzxwmtqjeihgxfgj6gy2xztzq,""
1071704,f3r27b7vzufqtxp5fdlltm5b5fstanplv6bslop7mzbpsoxk2qrl6ntl7fcbgdlgyqt4ezjt6ulmi36txnlmra,""
1071954,f1qmhjs5m6xyqjt3x3jz3hl6vkmhd5etwnct3nada,""
1072535,f1krmypm4uoxxf3g7okrwtrahlmpcph3y7rbqqgfa,""
1072829,f3qnbws47oswjhwtic3mc5pshjxrhcjhr5ijrqpuyf4dikznzdcks365lot6h5fmw2wvh67gfpefmvfgutheaa,""
1073149,f1f3bwitej7jt4nupovp2sg645gigsyrizi6r3pwi,""
107392,f137bjlmm75aap4av6ywep53dz7aruvscateefvfq,""
1073963,f1f66jgglnxcdtdkfgppqt4r72x6oifrkcfnrec5q,""
1073984,f1gh52yusauffsn27pf6ip7yvcv3lke2kxwisnmdq,""
107408,f1k6wwevxvp466ybil7y2scqlhtnrz5atjkkyvm4a,""
1074655,f13vtwldyycj32sxhenrd7gmwj72hhatvuoydjxii,""
1075678,f16cnwrdqfykamfbjtwhflftdimn74ltfj2djitqi,""
1076539,f1sjic2s4q7jfz6clu4st3shazyvbihffqjq7qjvi,""
1077051,f1oz43ckvmtxmmsfzqm6bpnemqlavz4ifyl524chq,""
1077415,f14vuugnfasfsiqmlzcuzn4syzjvfyoqym6tyrliy,""
1077516,"",""
1079262,f1g7jp6pnvievtcstorxubkvoz2au647v2vmw2ypi,""
1079326,f2ewflkzxmfukahx4jgcjbygcdhzuzdyoha4rb2gi,""
1082888,"",""
108586,f1qoxqy3npwcvoqy7gpstm65lejcy7pkd3hqqekna,""
1086290,f1wlmilbuwwqfhjrplb3umqpk3ykzb3e5s3ii42qy,""
1087399,f3uw6a3htjf5vblz7fhn6fm3wc56bujxnp2lngndjaq2snbtqz44qewcfxmcktvjby2sku3n5gb5yxhjip3upa,""
109397,f1rlv5cnub6j5ndpvk25zxs4jfqwch5a6uhy3s3ia,""
109398,f155l364zaxeh2isrxdxa3hmbufododya3vtefl3i,""
1094864,f175jqw56mlas3k4y4l7vnmav6ikdsrfds2ef2z3a,""
1095962,f1inc6lx4oosssdf5n7rkt45rtwzlip7ohott7vha,""
109616,f3s4k4qjanlxpjh3ken7eqdnizlq3gors6tyoo33gxle7knnikp4oissy46mr3ujz3xs5s5dv2a55gb57ezzga,""
1096236,f1n7jfmtls4l3gqy23d3nhjgvxjca6kxkt4dkb5wq,""
109624,f3rnnecpx2n5cxs5fsjrnqq32r3hacubkt45mnbywvcaskgwpfuzixdmydpcdmujwqwoe6l2oi4tzyj2zakjsq,""
1096275,f1hlubjsdkv4wmsdadihloxgwrz3j3ernf6i3cbpy,""
1097005,f3qib5lfkzrmtkwex6tciuq3nnelsz6dcfyp5a2ufpcucu4p42bvg3kvoaxtbbrsexoepndn6xq6szywtwb4gq,""
1098098,f1lpuprxc7plhbdvekhdunp2dowuxafvpcy7pbx2q,""
1098782,f3vqabv5pxolpusmqiomsxqb6mbuddzkbbxbwtuzm6mtnmpxmolqoc4fr5wrs7pu5t46jw2bbxp37ynswyps4q,""
1098787,f17mznexmpmj4fy6ivfckehwcshaooxteem6p56ay,""
1098916,f3vqwt4vjlxw4anbo6pey6midxavo3p4jstljjidcw7v3fnr247eih4bqupujonbmtfswl4x42rj3co4qyesia,""
1099454,f13ixt5yjtfa4pcazllnxlutfz72lhcvrfefeja3a,""
110053,f3vn6ehbqdfsw36272obqpmekuswz5pqs47mtk27h56tmgaltmderm5g5sfj77unb47oiyef4zeszbtqu4lt6a,""
1101127,f1jjiec4ubgoiitdokdmwlmnf47hphxyqb6pvhr2a,""
1101319,f12wkuqpj75eiwmt2vv6jqivkngqewx4qvcsdllrq,""
1101515,f3vl3ejg5abtjq33ezu3gfl3xppiisgvywep5fvhc6wcwpkxwnfo6nfvynrlkttharz4fwv6bxhji5zz7yycaq,""
110154,f15iceo73ilvq6modqmtbty6svwlt4qexqlbycmcy,""
1102390,f1h6tnuqsozzcx5xyozxfk77c7rzdifwgxwo4xt7q,""
110280,f3s3rb46omoo3qxfdpbcmxmxyzu44voybidlibyjsm3ajnvsoh37a44ie5rezobs7kd4stnsn7cpygcuaw5oiq,""
1102963,f1q4zzvh54npeaygcionwv65r6i3q55iemun7mnei,""
1103007,f1ystxl2ootvpirpa7ebgwl7vlhwkbx2r4zjxwe5i,""
1103162,f14gme3f52prtyzk6pblogrdd6b6ivp4swc6qmesi,""
1103170,f1bjdcjxha3ldcstw5zmvkyu3r2p5x2bsm745kgsi,""
1103201,f3xffjctbyy7zigopfa3za5ha3pvv4z3xfghlw7kwvyeuabkg4lzsgfwhnghwkvmmvi6yso6k52hq3ca6ckveq,""
110327,f3tektw5tqjnxbcdybnp7kcskg7t3rndvvcu5w7usx7m3exqsfkxezncpefsf6fmianjvwkc2qw5qsiim6luua,""
1103364,f3wwbylr4mxlqcbqvoj3qct2smns4oqk6ewtjwh6cexytv2bqx5w33mw3wpjbtaxnht5az575ia7amj4dtexsq,""
1104371,f3rxyawan5rewscfkgzx4vn3rzq54x7rcsqu6ouoo6g4wrhiy5zdaaiiakq3lywj2l2tibahhm6lkfl2fnkpaa,""
1105579,f3q5l6njc2ruiruysp7ertgga6q3fk5km3ylx5eh4phzn3xznu4xs3pu2qirfs47q2ay3rsqkeuhw5tmmrwzya,""
1105633,f1jk7gbw5mjqwlwkl3oz2yx6ms3rlyza2mgwk4dxa,""
1105790,f2jg2hduowzwwddbr5msouuttpw6xvxnx43nprwgq,""
1105812,f2w55zcpm4anbqzuxjdhxysgmkb2pr3umika5zrly,""
1105813,f1jyalts5uhtmp5sbbssse23toshvsqbbtjgukm5a,""
1105814,f1yh6q3nmsg7i2sys7f7dexcuajgoweudcqj2chfi,""
1105824,f2u353cqvozciirhhvsvxzcqknadg734dfdmbnh3y,""
1105948,f2vsv3luwauubltzj322lsnzazbpa6q3266hsjq7q,""
1106495,f1zatdkpc5aioeeyoqaq6cxvxkp776xsmk76gigii,""
110772,f12feoiisob4vvzno4rntjafjckjqlc4efrmlqkiq,""
1107961,f1sqe5sinyjz3lty56jkpy4xdxsslqiabsloakqay,""
1108486,f1mb6hloeh2a22s5lg6hy7bc6woma2rax3t3xvyxy,""
1109920,f1xasyz4y7tzrpg2nlbclinmxe5ns7kn36ytwdefa,""
1111646,f3w42mmqem7wfhmqf2ovrssz6qe24ymks5zauvwgwcc33pu2nluowt5mcyc7fqsugokmhjh4lfpwn25ztb6e7a,""
1112441,f1z2cfetnw5iarwgx3dphbb5rxc7nrsxhghrdmgjy,""
1112487,f1ho5xg5q6jmvdidawkhhyx4nsyp2ae4plukq5dxy,""
1112783,f1jk46f6pvtcdaeichdlht5xdqjafdhfttkiszrzq,""
1113,f3ulwcfkdp7cqtvyfrfigr6yjmpil5bpas2w7q5iw7ck4dlmuquybvwnbct3yhfjmdbkj7xjdiblhmxgwg5yqq,""
1113636,f3wzvsbdvqfev42kmgyuofok4pcmfglvanwhb2jfdoootjkkzhcicy66cvdpefnd26emfvn3yzylupl4odn4gq,""
1115531,f3qqtglqpmsnk3x2ultbtotvpxvw4arabrx36oxm4id6vz7mio5s45needcqjxbqfr47krs6cxftqtpoln7eha,""
1116784,f3sg35ibjqurbipnwlm7woxeeycl26woqcsrv2tahzk24z6v3brnupiz3tcxrkbz52lieaxxnwqleh2nfh2uqa,""
1117115,f1opauh4topxoosb5d52dkp72gbgkz6xawb24pzwa,""
1117706,f1xxvugpgni2pvsdbplhks2rvnnk4mo366i2uyq4a,""
1118120,f14r4lwp43gzgxdddjrie7yxrxthdneajowdzigma,""
1118521,f3q76fpzc7yhr7n4scuexo6ukwejjbnltxtyyc43wsy273323qjre3bgnyqiau2mx2macqihnarz5lwfnl3l6a,""
1121092,f3vnzyisc6w36wdtprqsahmchj6tsvedrhtj63wlrt7kx56w6sepkpxbmgjtfprn2u6fso7shervx2f4sz4lla,""
1121245,f1fwavjcfb32nxbczmh3kgdxhbffqjfsfby2otloi,""
1121308,f1pwxsk4wcofafpr6agintymk5b2yh3m3lgrn6bla,""
1123221,f3royaduk53432erakxjpxagckdiqv5ouh2wvkyf5kxyqnooytlruofcyie5fm7zoexf6f5x5kmsbs42auj66a,""
1123460,f1wf46t4dvauxd4epye76fkasrw6amfx74hmgxpja,""
1124547,f3qrjqlpod3on5n4zzofok272xc53ua6gy6htjzka3n3ydov2dqgm5odxffiujviuz46p55db5frfvxs7xwsoq,""
1125034,f3vthhgtfcyuca7v7wvroyq67eatcvnx7b5sjxlhizowjwxlgeok4xogzs7h3jjlphalnoma4qv7zfcwjhxazq,""
1125147,f1ry2xgmsvmvzsiaqwhvlxdtkaaamqyu65ew6ajsa,""
1126123,f1lixqw57jnsjb76dku46gqlvw4baleh5xi45e5wi,""
1126599,f1d4gmpqz3execjj2wvrxuuhvbms5mzh7t7yqrviq,""
1127441,f3wi7p7plkdzeyq5mjfjjvgztv757tzzibqd5sfr5xgoj7snsp4y34x67khduur43tutwj4cp5diyfihs2h6aa,""
1127494,f3scxaqdewr67uicjs5egf3ylxv2vkug5egdsgfjgbdzlcrpuqkr4pl7d7id5acr5abo5cqe7w22ey3kmerwaa,""
1128320,"",""
1128820,f12yjlnlfcqjnf6o7gmfr4u3j7fiheufvg4sta2kq,""
1129652,f17fsxihqddhcqopyhjsayfezcqyl7offy542cfby,""
1129970,f3rpablljxoko6djyzbkmtqukfa6dnrzjuzflokeuou4x42nyrfa64e5f4isjm4yfv4mb5v6jtfqgx7hchkh4a,""
113008,"",""
1130407,f3tct62bxuqrmunacbnuq464q4kineqyvo36mca54dtek35rkvh2afdkt4h7jno5vearn26o4stcflbvkoxj6a,""
1130479,f1jew2i56gzi7mybupcwuvogkf4fgnipbcjy2f7oq,""
1131298,f1wp6zoxj7sydnrywvzp276x3gayghi7r6le4tcwy,""
1131881,f1k2pbx376s46c72ouwrg2avyvrglj66u76opbsqa,""
1131953,f1ntpos3g5fln4y6zc6rsqh2juvg7dq6vtvf3oaya,""
1133092,f1kkhqopvdg63qxwwkiujvialp75u7ac7xwv7n46q,""
1134217,f1cbp4cphcbno33nheri7wf7lib2obkbah7g5ycdy,""
1134668,f1ynk2lrlksum4mxkrmivzf3iudgquuevlyilwvoa,""
1134885,f1y64rmdgownpdaegmilo6wac77rcfurml6afvr2y,""
1135088,f3rmsthluyqpk3dn6achp6dw6w7aso7exb4fgvs3jbeuldwy247lvakthys42pfesvxa7nyd6jncbitu7rqaeq,""
1135719,f1sbu2duxou7f2zmykfsekmvnmarltwyvpupdxema,""
1135809,f1zhuddbzcxfwepnibcovfaw477m4kx5ikob35twa,""
1136389,f3qwn3alq4aamrj7imqtonze2igcg6qh6dwdno5xxb4kxpbgy7tdgyenncui3rznqgy3tjwfwkxb3fdxv3vh5q,""
1137800,f3qgvndsrfpymxxhu4bfol5hoiqdeqv4ommfvpmbpa4sjt2oxn5vv3xjxoklubsmyjr6vef76xfxcuw3i6ezia,""
1137809,f1nau67e6k6ggdwluatfz4waexetjfrqmx6fil3nq,""
1138410,f1ugof7wi73h3uipncraysjv5wzfb5t3zetdlxfpa,""
1138414,f1yaao5ffl4n7v3dvdeysda4f5wt43j24rxe7mnfi,""
1138834,f1kn2bqy4b6ts2hnza4boenorwxwegthrafchxvpy,""
1139074,f1k36te2ouzx5rfkflqkgqnefo33qgtqe2vyvitgi,""
1139232,"",""
1139907,f1no6tryylmc26ergj52ec5ruhaki3o6sklj3j2ya,""
1139910,f1okndxpnybagnmzv6pbbfzqxkgnbd4t4ubidqg2i,""
1139912,f12xburvzpcnexpg24esz4h6lpzak5iksgg5r6b4i,""
1139913,f1kqhhvqxvtftur2qqsxowk5nhfp5bgt2wtwen6jy,""
1139921,f12aznu3gvruorilyk3ldkuse3zm373gdpntzkf6i,""
113996,f144fgghdzcb4mmw36epieolhligarygb66aqns7a,""
1140647,f16fw44ez2vngkzrsaagpxpadgzem5xudmrm5d2qy,""
1140686,f1ugudjf465o26qwo7pnprdlec4rgs7mr3fsg75la,""
1141581,f1zqdcoedgshjwrupiwqyyyhwxzpq5hvlvpimzpdy,""
1141688,f1kzhw7cg7jfr6aepdktp4wb3lmpdurrjpzw27l4q,""
1141998,f1zudfye2n5tiinlthm2rhu6qymadsxljlt2kctki,""
1142218,f1lxlgiariqqfd7fqn7pvjt3azvwzly3eyyztrqmi,""
1143616,f1aqe73tek6yuecdk6xedgvy2ais4r46ygoj2gp4y,""
1144678,f1qpqid4zrqprn7h64h6rzgsowwgdmxvglmdwqbqi,""
114470,f3wis7dxtvkjar5bekdzuxs5royw2w34ydujdui2245dmzxy6s2j2ptdgfipmodbudtns7bpzdyxv4oph4irnq,""
1145973,f1hwgkjrsxngxmiiw75md5gcfdchwjbarrm7u3yai,""
1146658,f1clbupojmhxapxmyllvg4feagcexweirt4csdzxq,""
1147053,f1hualjlxqew4wvyatwznw2bncythjifdbwy3mqfq,""
1149044,f16plzyeq3br2wy4pngqxbqhwlztxuaucudhr32zi,""
1149152,f3rey4snqqftmyg2hlnksxgzsx6lntiwhhneclokm6tbg5qp2gzoh5r4t4n2ywpnpnv4crq4ugulon77odquya,""
1150358,f3q4zgcmra5rtjficg2742u4qidwk5mwqpcoys4vuvynyzybmsjmhwarypx5ykresumnowawiooxm7it6p6iuq,""
1150526,f1lohl2vv53vstogwbdsv5cruphj3mkad3jxhqjxy,""
1150828,f1pddbml2fpavdgmvr7oieesr3hcsmlqlp7mkmzuq,""
1151043,f1beqjytk6nba2rg3acm6aybsv5qqgaesbz6335mq,""
1151139,f3watks6wyq5sakerofowyv7q4gwx4z6ukmfe2irh5zitspj6gpceudt3rrbvm5psofkcgoabev3s2mwtkcunq,""
1151947,f16khkwqucljg3fw2qfae6zx4fn5cm6grncqsafsa,""
1152157,f1awef73heaulp2542qh4zjmzz3bjjhfk6wkaxpqi,""
1152693,f1kqqnzieijymsur3ww6fdiaxwy7xirppdumpyqha,""
1153411,f1w5e27frwefl6yrlo27j2kwx762pwsfhjtgjmeby,""
1153729,f1ispiaiaqe7qum3wxaoaa7djunf6jwvi2euc55ji,""
1154261,f136nhmmb42kgpynripng7ceec4z5mxptgejmhppa,""
115447,f3vsnyrlzthdklgverpzaqwlnt5zlbij4znbzb5y5h57omnbb5vj3maiwv67kg3s24ne5usijrhlcnzer3tnba,""
1155654,f2h5fcjyjd6p5djl5zy3sufq73frr2ua32qsq7bbq,""
1157865,f2pdfklqyf5ibbphxeb5nynexcdj6244nnubkexoi,""
1159798,f3ve37lvjjly66w4edtfy6fs66njbhqjqn3ylw2u4l3knnmbthrxpux2qg2rh3ghrc7lwteu4n53fhgwk5hvha,""
1159983,f1l4j4diydy3yk542ulrepu7iyblbjvjfmire7vcq,""
1163272,"",""
1164313,f1k46ibag6ot374ckvp3253x7trtf7a2fl5aby4ii,""
1165699,f1efxnl3pa45vdtb27d43k72wtg7x3nqf3gu6eqsa,""
1166068,f1qdycz5jgdcg4lerfpkujikkwcj7wq7yiqnmubni,""
1166250,f1lgmqkf3rhqsbxt6aoxsp4xhdyrvpzlsgt56gcoq,""
1167224,f1eq723qfqsnko7fectlqerdxegj7wxrkouc2bloy,""
1167495,f162po2nlneqbwmnxn4s3ej4jbf3dtc7fnd6ky75q,""
1167824,f1ggjdw6u3ho6wlximli2a5eqaqtsrpxcjbyas6zq,""
1169319,f2zd3ouxlidkk7vao2ugicunetk5athmwq4ohntki,""
1169601,f12ffz3mwhikrlozclnysrtolckbmf53246wd5f3i,""
1169971,f1cooyvjngeup35k5qdjfklfeg4x2flombbn42yji,""
1170415,f16dm6dk2bnd2tlt6mlikcfphzz7vrpegs45gbm3i,""
1170765,f3uhjdwtlys7ybeegd3zzbeeyr5gcv45f4rxxi4djrybrtgsgmavwrv3bu7rfr7zywspofwa7sc7cfox2i67ma,""
1171984,f1gzepqfenk4oz7vue6folornnut32qpg6i5a3mqq,""
1173608,f15bifor3i7amo6ympnry5zlmdtdhq7zajtqtknli,""
1174121,f1jhy5umrs3rknqqsv7gifo6gwsp5e7fjacbnwdfi,""
1174161,f1jg4vwqkmtj4n7siyfkwrr5a7haqtmehkjraof3q,""
1174487,f1sshymsne7x3cndwflpk57ozerlzkxgzv7aknadq,""
1174885,f1smhh7vbdrn6t7arnz4yaroikjxqy4tlol4zgw2y,""
1176293,f1wyktymbfso7ps3ejna2nhxu4ksovfj2ddaikzza,""
117654,f1luelfcqktlgpw55cqsqieyilusqrayzxbctsqfa,""
1176594,f1fqancx4utzipxqamjcwtbsff2mvraxkfck7i65a,""
1176621,f12xcqk3hxefxvy6gjh6r2nqt3zlcbth6pzhlxnpy,""
1180322,f1fcumrk7khwfpf7jjcvd4czdpvlq4t3crkcybjia,""
1181090,f3uils5cdx3ezyzszjjfnulugknbdsanmqtisd7x7xkfcljdnshp4jspnrgxpldt5b4aafuz4q4rkebpjykeha,""
1181488,f1hz23c3qpbzbkjw46xqum3lrr35wy4fsiuk4vtdy,""
1182005,f165tjbzgb5dv2nwutjfcuczvv4etwsphcuvginbi,""
1183457,f3sdbodgr5i5o6dgpo5qc4kaw4razmewamevn3h2wnkvoprvzjhbz7a2oghrfq2xwyncacciw3htudlx5b6wmq,""
1183638,f1slvdsa6ln5xzmcfuhnwldn5jyz4ppm72kvlqodi,""
1184279,f3uxjhr4mybhuw4ge4qw3lpyvl3q7b5wqytr2utxmxy6djg6pz4x5mtlos2ehlc6t2ydtty35wqvsjbxkbiova,""
1184644,f15xgvnuhuxeyqpo54zwm4fuvgn2hmgzenfk3shgq,""
1185181,f3w7r4ssmrbyuboton42r2omyubn2fv7h7r6xz6ycemk3pvksl3sfxru72b4y4xvptjhqclip2h4jnvrz4chka,""
1185366,f1udph6nqtv2hqyvktnwxbqghhwpkwgwac4g7p3sa,""
1185440,f2wchq6mev4gtuh7woq6jfg44elprepxxsccycgpi,""
1185698,f3quejq4gztpgnpgrseidybubkmzjkukpafn3cmbld6trxhfxbyvxaknub4tla7wlmeugv4kpfurdjhojqiltq,""
1185781,f3xhkfkpiic35xrnzsyklgthys3po3c2dfidveg2syg3kqv3lmoqmo6dadlnmoxwupyal3s6maswnhtrvggeha,""
1185789,f1i7l42sbxdbiisql3pzvaz6zuncs6dd66r33jgoq,""
1185793,f1gtpgfpa5aan4kqxz24eigbba4qyj4ful7gby42a,""
1186116,f3qoxxv57ce6i4oe6zkdp7jwbqhi2fx3r5jkuqjqfsnjnuhgihcwmmbmbon6ntlt22hkg7tblg3kxnph2inxba,""
1187995,f1mxyqm2afyy66ftc554iurq4pwjschzmeq7ke5zi,""
1187996,f1aujgasdra3diklch5apfqatihwy57zlvdyhs5ca,""
1187997,f1o4vntqro77hwg7zj64c7yzpuqubxhrvf44bwr3a,""
1187999,f1j2c7gfoko3erjqw2jdwyva4glt6ac6syjamfaby,""
1188788,f17bz6u3wc3noin2vclauluigrp5gv4f4afdm65eq,""
1188905,f3tbt6zdx6xvd34e6nucs5oicco2nyjvorch5blhvtbdsyfwp4qellgo6zdsjvuzkyfgjkm24t3gesym7l2qra,""
1189607,f1dcadqattpf4jtsbvt227uytxnrqcn3jqp73nt2y,""
1190178,f3uef2p5jd3exvrrht2srwkgh6h47fouodfbv6iuglhtoymqndajjzbcmpyf4aixv7hzuqvsgjdgnyfkraiota,""
119112,f132avo3voj34w4ddxbevr77o4p5mdddrcxhgmfcq,""
119113,f1hglr6lkwgkcqs65xgi4ukmqki6qzftgw7kcbu3i,""
119114,f1w2obsyxlijx3biaswobmpa2xxojx3sf4khypupq,""
1191207,f1mmxofzst2jak7uru36exnxhifv5zkk7iql6ctuy,""
1191552,f3wofacj3z6f3epznogibutta5xpirxexszjolmgetwfexvx5ea3jv45uvoxiquxaiuvqtncdmxycp26plxfua,""
1193765,f3selbl6qtr4qoph47ob4ngzqbbc3smi6jvaszgvpvsiau4rr2cqsnr4cyol5q4r46o3kbx7yoabdln4bm7b4q,""
1194897,f1m2ap4ba72mlvlqch44vpe5vrhx3qmqlgiuqhw5q,""
1194905,f1ydznwjwjcotx6gejbj2z4jyc3tyow5bwqnrdl3i,""
1195008,f1mbt4wgkln5weftclj3pvul4yypqhahidp32skzq,""
1195013,f14wtqj7vf5ptmfanv3gnnfxjkzlljb4nfqzjz7my,""
1195015,f1onedsxngh2nlnsdc6uad2qljka3q5m6pgvleata,""
1195019,f14nfcod3atlveig2tya5yghbfwapntjtxqoacxoy,""
1195022,f1572m5uudominquilyhisqtgpnjzh6j4ioddz6ny,""
1195026,f1tnrpcpu47aq2mlrjc5hkftg22jltrzscflclq5a,""
1195029,f1rzgpiawnmsb3i6ssndy534xjjel4tkab5bsuswa,""
1195030,f137aohfhbh3msrzsvmf3wookedrmvckkxxp4eaba,""
1195406,f1rfoftvo4mid7qffjb3dxrwckkyqlfledeatfk4y,""
1195414,f1p2mecpviboy3berxuxhhtue4kk2mi5ebdpfbj6a,""
1196105,f17o2p4wki7q6dfqac66p6tdjixky35b6ip5s3m7a,""
1197663,f3udsbmzzbzc2vg3iobnfac3z352dgb45lgqto7yfkehrcex3bexmsi5n2jine6sikgvbdk4lu5i34rauhljaq,""
1197804,f3q75pevwxrwju7uppfbvssbxaj7ov3dpedksh7vzihn4qg5nzjamb2gmvdzmp2t2xghq7tnsdgtxisjhrsoaq,""
1198158,f1ssq2xgg2g25p2746xs2ovy6tzvb2yynx7ke7lei,""
1198159,f1nuo623xwfzrkhabpcmhze6kyipcgxywt6fxdayi,""
1198161,f1ueampl73vfysovrn5etmbaewyjizoduewevjqyi,""
1198166,f16uug26enj5lq7zh4xnguyc4ikxlsmj3xx66olci,""
1198167,f1w3rry66h73rujh5scdkuigj4islxs3tkqdiraji,""
1198168,f1ps4xce5y22nnlav2trdvvztlcw5gjpo4qkimrga,""
1198169,f1emyqnyaf5kaqdlfnkhhqrtt4hdodxc2egrjphea,""
1198170,f16rfaj6lyjsl4i6wcyw7wp2xukazormp7iitpbaq,""
1198172,f1cg7zkrrogqx7mo47mkvcdohfbyxe7lrrbnhyjui,""
1198173,f1uuzet23wng5lxu3y4iicokksydynamgmptfekdq,""
1198174,f1nn7ixkts3nkf3gefjjnpjyngh6bwsojvxqisyvq,""
1198284,f1rrxyo4twpydgqarwxyzhaqnobemiduj6so27eka,""
1198285,f12spmdxmksn7p4pj7whk3qtdkalln5oddcur53ga,""
1198291,f1eqk45cnsh5f4clxeflairogyt3kkldpu6msnlcq,""
1198292,f1ztll3caq5m3qivovzipywtzqc75ebgpz4vieyiq,""
1198293,f1g23hnpdd5rvajmji5t6hecduw4daqxcckfkuajq,""
1198294,f1zppvqcwyhzoo4657p6ca2qz4kbdn6ynvpfm7l2i,""
1198299,f1dy7qyjwj6jwsentkdlar3g6etuxjmze3pfkgkma,""
1198300,f1rklgiyvg53wjyy2zv47wz3tmlrc2blek3jxy4na,""
1198301,f1skxf7htm4hhk7muli2b5pafh4pptwn5iukrr7wy,""
1198304,f1z6vdlyvlbhi2jdfj546epordsael4kq6ops64ai,""
1198305,f1nugxe2zfbvjmtc6bibywhz7rybev6o3iwcojsvy,""
1198306,f1wwuty54bkquibpqor4xkuam334xme2rqwzmojqq,""
1198307,f1h5tnj2denjjeyt64eqfns4airllc5rhobdsf3zq,""
1198308,f1m4setoa3ne4h6i5omad6lcbslhiv4asbg4pnpai,""
1198504,f3q6nrch72i347b637fkibgedj2ifvigmalwpiowli3tunlszcycjh3w4kuyympw6dlndwdzd3nestj6bg2jfq,""
1198832,f3sl3ildxdef4zraav2izbpdwb2zbxbadiyfkliwc4tppi6r5ubw2q32rkctrjcejjhf6rp2tqdaz3jycqjgfa,""
1199377,f1gjubqgtpxnuplnvqrtvhitt24333ksz574xhbai,""
1200115,f3xco4naa7llv7huvrtbwysjlhapbocb6q73sbaowl4z7ztkwdr4gkxhqgxuhoozcltokxcoyr3axjxvre55oq,""
120054,f3qhkxyfdnp4nzqvf3f5pkjng3gp37ndpbc36wq5ty6kwizyxcluggpznupnzyg6srsiio2drnmaxir7onkeea,""
1200727,f1bbiqiiet3iyt6t6hvccb5pggop2jh7io2ezweji,""
1201264,f1uwldyrntykzt7uyji556v3qk6bthecoji3hk2ka,""
1201848,f3uaqcq2l5up6iv3c6ke4334t7wytbndabakidarlfsnglzfybxulbhb2obnkfqb7hxsp2jind3fz2crg5tvra,""
1202705,f1lvhpupziuao5o2nhz4czye4cuejjgorjkf5i46y,""
1202842,f1v3xbzlsma6asoh4n4shy6sy4xfdx4psvin6zvli,""
1203863,f1sdukdpoursdbbmfkovkfuwwkzehpom4jpbcxzdq,""
1204637,f1b2qsbzmigis3gj3ohpdjnm44b4xzkesr23yrmfq,""
1204829,f1p7f7i7rnfce4own3g2vz72kft4z65xiw7q5fnxy,""
1205349,f1xafjfha6otrriiui6lwby42shmleqtn2bj24tuy,""
1206075,f1divlmtqhi4s33lp24dkwgz5ds72yk65sase4voy,""
1206090,f1v7b32u6z4szkswehw3y4txgjtjpwqgsuesxa6fq,""
1206330,f1nne2zi6cza2uriupxr55imv7sxatwwn7h4eajiq,""
1206967,f1uzrraqusfe3sobkuu3abpr5ljpidcc63ymvkdaq,""
1206975,f1vwa45ukffkn2p6y63st3eq7yykhfy2e2x362plq,""
1207128,f1mbxjudbu3sykoxwqp4crk7sbjutsfatwiuepfhq,""
1207622,f15f7hwtftup3i3fqaukw7hvmujtkeuhwiutdluqq,""
1208195,f1us3blwsnrlspgsqudtt473eekpnirudbhmonnaa,""
1208359,f1tzpezjdt3liy42mimqt3l7j7ehl6webg2e4onty,""
1211066,f1j7jcvpkujfdht4v2m6c5j2saahn5az5rrtkbrpq,""
1211136,f176fm4r7prjwa33juzf7mf4nqlwwfjkrbd5trmea,""
1211503,f3q4aylh32l3vrrqu3gtmwfnek36hvr3odacaril2o6zegotesv2ojugz2a3aauyemjahvl3i3pirqucjaufma,""
1211819,f15vk2sngqxtrp7j3b5x2g3uywhz3v3zdlsuc4zjy,""
121264,f1bisba2smhkdabtw2blvfakassme6vtfdwloivra,""
1212913,f1hvxl2ctghh2omzxj6saeuppgpruaklq7binuy6q,""
1213859,f16jobv4473xywqjvhbyocbsjwpzh5n4wemhs3vhy,""
1214235,f1c3v5cneifytkueayoamfymr3z7i7mwoyaqyp44y,""
1215419,f1tclq5znifmjpjzg2oj6wv5ug3wxk43qoywrzhya,""
1216286,f1f5nlsvqkwpm5de74ig5iapgnfytcucti6b6b7yq,""
1217028,f1nbltcqm6bgjr27vj3quac2avozksz36pucjmeqq,""
1218392,f1uklcxncpk2jgdvqrq7d2pri6qn2xaqtsftbvbua,""
121877,f3qqlzlsjxgy67wdwe5ade5ygk7omp6cnze3nr3aoxwtptjg3ar4i3w26p4rplnm7ppeeyjlwtxqawx2boioma,""
1219291,f3skq7ssp5w4terzxkoyh6siuep27toepzfpqvaccfm5lorz6g4bdm2xalzh7isocud4inczdufbvoovxtbltq,""
121930,f2lda563hy3q2oxnoo265elynct3u2ft27ae7ptfy,""
1221700,f1dxcrzjbvt3geng6lg5jjgjxloybzfqn2szbt3cq,""
1221878,f3rncwz3qo2bwnsrfjc7kq53xr7yi2lctcydtllxozmszndvttou7n565yb6aqssvn4omyf5m7q62qpfmqcbwq,""
1223185,f1kdvabpbdytkjsnaoyvfvdw5bei3nzxmr46ufj3y,""
1224308,f3qcpd4uybca3mvyovwjcqvvuikia3uqm5nte6lbs5dmtgz3udbohskmo3lmoasqjmtqc2qmsyko7sahfzi46q,""
1224362,f1jmjc5zicv7gmrchnesma64cqjnbfiexzosdo24i,""
1225073,f1jpoxmkhrdfr3cfoy5br4brzr6qybxsefttnlfli,""
122517,f3xbefkznrxzpucd366st4fadcsdh6mulahvrlgn6ttxdxoel4ytft23aox5tuq3zuvkipm3flrhlcqeycqn4a,""
1229991,f1eujc3nnescn6tp4kjh4erlanjqmxaycmv2ihhdy,""
1230457,f1wycdybgy26yidwvh7gojvvbbfu7n66besc6kmnq,""
1232622,f3qzyeg6vlp4afq7ddbvmcjsuqhd67dgmcrbd2rozzgyqie5ylx5vwygk52l2hcemjqqzpcmrhxqpan62j24fq,""
1233968,f1zuevr32ju6w76g5nosztp4fhj3kmrbzvz3u3wzy,""
123468,f3uxd4xs75gthbqry7pds5emoad2zqo2ic22fwjuweabgyzqyynp3q2wq66ze55obmyobmwx6f2yfxfghkpdpq,""
1236834,f1kgoqafboyyuvhl4ddouzepwkgvk2nlcqbxjklpa,""
123704,f3rdywxf6uijkmha7fat3zkaxtual5oqiluear3gywnuaoafym7dcnxfvtmn5txw6zbb6re7tbp3pal5a7k3ga,""
1238684,f1jomjdlqa5ih4kr3ev3ru5akhjdm3jkxuheybazi,""
1238821,f16inbglltcwnbx3rfe2xofk2hozex5gxcbvcuyia,""
1239827,f1kl2oxaiody5qnfmb5edu4ldstjjgbpgzj5n5rwi,""
1240,"",""
1240047,f2ubaporvhnbo5greafxxkejpilpupp4wo7zzbiba,""
1240081,f256hhxkbbkxew7gcxjnt4sfh7asfec3roqlnlgsy,""
1242135,f2yrgdkl4h3yxwliv56zy6g5ecdnebpboqo2meuay,""
1243200,f1bmkq2l6zhjk6l236m2qoscoucitzfqlimnboixi,""
1243874,f3rsrgn4kytqtpl7s6vmolp7cdturafek3wagpg2mfymkpmzhqi2l2cni5bvxoxyxsz5y33fjtvvvy3vhmouaq,""
1244122,f1iqlio4h2lhospyar73fab5enojrkzharakq4mci,""
124554,"",""
1246576,f1rpgm47qmdudkbtbvku2qm62dbypqw2h4urayx6y,""
1247,"",""
1248,"",""
1250481,f3v2wclkywpiy7qodpj7mmvo67wybnsvhzdhgzuxbnzicowdwaflj56xaq3ppb6gwt4yt2wow3vmwloqmcpmla,""
1251061,f3rxf4zg7ycy42joqkefbamfxb5jnmuebplqorep3dbxok2ab5ozyajakuotzwkvyci3hp46yjh2g55npxpq3a,""
1251071,f1vykg3elgzoa3lpzf5xo6rbcghzr5ifat757mucq,""
1251775,f3ralyletvhdsd3tfimwvprpnhr4ggcdlmujfrfv24j2t4fflodzmuqzvnct3lwx7tzkk6yxlef3co6rowok3q,""
1252450,f16qfjjdqzwzp2ydtjlhpmzhxo3tktwxy6ztj6teq,""
1255175,f3wfsxstbvr55qzgupydbnxpc75araebbhf4ms4thuwgeggn636utls7g2izybtsp3gy5wgd6ead7quean26ia,""
1257034,f3vxnotfq64nkf5jxfy3shg5vcj5h45h3qsrodkggdgrfvbniqg22kgjfhheorb2htov3g3pdfu4xp74dnlo5q,""
1257232,f3uzdoz4kvubl3oabbtzufqaeirsqo2wbjqjerlxm3urdo4p5t3sdey756e4576veigxdg2kd7imre63ytiqbq,""
1257405,f1grglchdbchsplanki5l2kx2lwrpgejbg727enxi,""
1258039,f15lrlzgypk3odzxy7no3fdb5qghatjtfv4aolsgy,""
1258354,f1qo6qdvzsbqy5u4zv7rfyfwqjp6gcoeyus2mlnrq,""
1259389,f1u2zv52fr3qqoprr3bkmprwo76ozut5fkwt42h4i,""
1262175,f1gou272lr4unxty4uuc6vlfu3tfdv3gwqgfm6qoa,""
1262523,f1mpwvk6rwemjrxxukolj4gt42i7xroixyxgpybia,""
126478,"",""
1268109,f3vsofilk653op74w67zxtn4ed7dygpdyki2x5tilnclmf76troni7zsag3msfv4y64qwijpkca5inx736vq4q,""
1268814,f1jfoat6d2uufipsur2paywxidbhizd6rkheogqwy,""
1268930,f1ifwj5xd3uibzhvy4yn4jt6wgtffzl5tb6svb75y,""
1269003,f1k7l7elwkhly4fgxilx77oixqauhakqqjflhixdi,""
1269052,f1apbm5hsqpejxalk7y5gnd44ydob6akwvxbd2sea,""
1269070,f1hovu2fwlzif7oqo7z35se6bx6ev7y6zuritenhy,""
1269101,f1soilkd3as3cs6ippv67rberhzalmdzjsozkjfbi,""
1269111,f1e6jw4utkjxaybhgthynbfi2smawo37ekcf7qpqy,""
1269112,f1q3l2hdris6ixmjg5uivvljil3ubdvx4i63sajfq,""
1273972,f1fc5kl2ep6aixtzjxndpiuxspypca3a5kyf2e7eq,""
1273978,f16x243t32nght7bzql6svf3ecqor3acud2ecfcuq,""
1273981,f15ypzwl46ffam4eyjkpcfswf2xxjcvjw2bdjn2qq,""
1276201,f1b27ulxgzjlqpnpm5hafj6misw25gygm3egglsba,""
1276967,f1t7hjq2bzq2hehjyqb72a65mnqjx7nf3qci7my4a,""
1278064,f1kibyzka3caz4rfj45myfkfwo5ojvkjba2s4drsa,""
1279860,f3vfqb7comvrd36wk745dpy42xmnbiqghl3ndexisdejma53tkegrqmrtun5uw3yyiove7iql6zmcr44w7z3ha,""
1280140,f3wgyutqwxeqhie4x4u7howkvqmgd766p5znnoksop2436rpf5fjbeelmoyedfpbjz2oqttm4525gkzpl2kwsq,""
128057,f13k5zr6ovc2gjmg3lvd43ladbydhovpylcvbflpa,""
128059,f1yuz2twsllparyfqwslfiuxrc5wj4mfiflvnsw6a,""
1281232,f3tdrpylphoxvu6sgngnmlmai7my6tapqa3dfw2yipwv5jkns64bm3fvr26rjoust5j5r4hc4gk27dycjf4rya,""
1281521,f1x4p42mx75zha5ziqma2ib2sx2wbblytwvtez56a,""
1281524,f13edakoidcbwhdnnxki6gz4sad67brhcpgxwexmq,""
1282246,f3wkskr4csunwkkug323yklnd3zbskzfkjp3gl2e2hynxg3d4txnkglrufjtryqkg2nzccq47qmhgpzdxqbwmq,""
1282636,f1mbnj3mlueg2fdilc2e33k5f6rer235od53cflcq,""
1282896,f1ygpmrs7ahrfvwfxark4vjfobtj665t3wyuge3bi,""
1283491,f1mlis6y4pi3pgmd6xbtumekhnnymjl6ozm7sjfsi,""
1283650,f3xc6zfcxzzqvgpmsgxtwlwjdtvvqjoplq277eweei3zcfsipkla3fwin2xieymgnllp7gaib5ac356wqgu6yq,""
1284159,f1fkxkfxgopjf3ufnfg5i3m6qlwf73kp4w5zz7nnq,""
1286011,f3qlzzhg4ctom3parbg36mhll7c7gfnk6isuu3qysui4gk6fupp3kmehtmqo6kvaoksi7lpaf4taizh2yu22sa,""
1286382,f3wl2d5r2mscnbpk7piabeap2hafzepqllioqyoonehol23tjyialqxfsdjdtrguaxdkgujqk5mxnq4f2k455q,""
1286383,f3r4vxzqne5nlpj25ynqnj24k3rzjck52gy27oorhuzgyxcvp3rt36os7hfs5b4o2oodqsjlyadbxhqnwkr46a,""
1286384,f3sem57itahtgirqiuuodfbays55a6fy6zpd4d7ntze2sah55yba622lewvcorr245vvqpdytlng7ugni54cia,""
1286388,f3wgkfvh7mqkbsw67emdlwxtes75uvalqp76nosossfbdkqhlxrowb4n3poeouojn7vpcvmh3gk4daoecbbljq,""
1287504,f14t42ntmcxakdfcveaprxslzcbfmc7r7xr7r4woa,""
1287640,f1nwlcokjh2pzosj5o2dt6o2iqzxcwk4ida7mwchq,""
128874,f1wxhnytjmklj2czezaqcfl7eb4nkgmaxysnegwii,""
128933,f1pns2ivst3kwrxatogpoucfk32ugebnn3medd73a,""
128934,f1snwd4w4y2fjwadkftcitcsnoerprlkrphn6kily,""
128939,f1yqydpmqb5en262jpottko2kd65msajax7fi4rmq,""
1291064,f3s3pmw4mr3m6vskbikyxa54sdfijvmou56ss7vakhcsvgw2ghg4dr2jiga4elsbx3lq66baxddciv6whsvzpa,""
1291195,f1233u32amugfpop6n3danqekfqbcznabffwkpxwy,""
129623,f1xjgwll4reenvqzyikv6lxdueue575hmx7xmfuhi,""
1300307,f1x6mm2pyacdb3xwgzlf33koygp3ktqv5brk6yjna,""
1302467,f1c6hqqczhk54bqjwigynvpu2tgufk7q5mk363xua,""
1302553,f3skkellc7wegakh2blqeu4kkrlzuqy2siymwli7sec6eq77c2v4kzgz5ozgnasjl5r52ckameba5kds7hdjda,""
1302562,f3whs54x2k2zwkoz4ehjhkn2uj6ayct6hmxko4gyx4zk5hxi6h3zhlj26ap2orjvwmsoj5t2nbur4shmtbwtuq,""
1302565,f3wwfhucp4y5qgdqq3g6lya6gonqh4qtpt7iorrth2sguyhrn7rbdakgjr2nmpdcpaspkhxtifgkytdquix2ga,""
1302730,f12mrcu4hvxvcod7ofwxlndcto2ot64v5hedq3zsi,""
1304523,f3rsy3lcjzbhuv4pof5czbfy2hmwnyc35fowj64fuewp6nio5zynlwxb7piwz2o6zupmkgmho6japcuhqw5ggq,""
1306151,f13hg34cihtbnonhzbuwwnrzwab7vaq7fiscr7yzy,""
1308255,f17hrlahtvue2nfr7wczgiauvqp7dsl2gy32fyegq,""
130868,"",""
1308682,f3rzf75hbsmance2v3wdvaz6kj4rbqnytat7bzrdiap2zm56gmkeriwxmj2hfcesw5i2jtjtiq7xj6awrhhrba,""
1309568,f1otiim3t6dp4jf62yidtlvn6swr2q2w3mf5ykj7q,""
1310844,f1lcxitqmipdbxmz2lr4qvdowh52y5xc6xslgnt4a,""
1310915,f3vcrkxk5kvdq3hzqbabi4tfuumewaswhmn2jytwsnh5a2ywbhw6jl6jccvkeptd7ndb3bzjaxb5nc2qoyn5pq,""
1310923,f3vpiaxhk273vrcffpcj2s7alie75naf6uykeqdec7bhe23tehxxkoktkfoh5elvb6biws4xbby7ooqrr4kxua,""
1310929,f3qvn7f5u4z5w5pqx3htckp4jcn5dvgmebq6qkqczxdxkicwokf75tt5hbwtrjwldz2sjiyq752ajcn3nd5tgq,""
131318,f1vbtdsgnmzvicbdjrqdzhau62iwzu53ybao3i6ca,""
131323,f3uzp4f2mo4xrpbapux5kzowkf6m62cv3lco6f2gvh5tquau3zvukanxbxxh76z2ywm4hg3p5wpk7eid6cma7a,""
1314800,f1wxtbxpgfbkucpcdmm7r5yb5yevlu35hlw4wg6wy,""
1314801,f1xa74clfrty4pzt75bgwprhu7asnq7i4b4m7u4xa,""
1314844,f1ueitq6m743a23bxjnfsjp73a253yabho2sxhjgi,""
1314845,f1qhxirxuq3l6ctigantm7csbh5wyy54eq4dzaz5y,""
1314847,f1vxl5xdawg7kwcuvtawracbzfwmiy3mpfbh3abgq,""
1314848,f1jyahrlkqntzt7oxszl7kkferax4x7jswz5rex3a,""
1314850,f1pj6kowgst72rf3np2waigsosxafcmhfvhitr24i,""
1314851,f1vmxm2biqcs4scqfibjdf4yrr5lumwmm3fp6wjfq,""
1314852,f1ns5bohp7fy4wvs6swf6gftdkkm2ojgdbzujxony,""
1314853,f1sjbbefi7djqnrolhj3w6t7kg2g67qnoam24ejli,""
1314857,f1frrnjahwxvc4z2et6trbmvofccz5sfmokakceri,""
1314858,f1bjgqpmuqbft7bchf4kj45sltu3f433ukuhgwtci,""
1314860,f1xnfcild4h2ux2ympnbjop4kqjsxaz2ruskqdeta,""
1314861,f1x5hm6tts3byx4bipvufds33o34wyv6gqackrieq,""
1314862,f1gecmx43as4xvhysmwr7pysjit4b3gpdks2h7j5q,""
1314863,f1gexwvdbyupazqecz5mqox7ckp3pxdatm25m4bvy,""
1314864,f1a7jgstwsyp4iiwrz5bde7gzksrnqhq6czlg72ky,""
1314865,f1du4w5z3q2ddvajerslzbzfp6v2a3xdbsv4ufsra,""
1314866,f1zsjavgpu2qwsf5aimljyebipxvakkulsqig7qkq,""
1314867,f1cysx2bzay3kgpwikspr476ittpzjgmxqqpltjfq,""
1314868,f1ilszauz6cxgmio3l2mbqlespg47ccsgbjrnwgni,""
1314869,f1dyxsubkh32i3wprhfivqmfme6opveloqbaqtwzq,""
1314870,f1pm5uqcpqcw3zzcypg2ot4gisxg5wliiwczhrdfa,""
1314872,f1b7ed6t5oywwl3ffgtgw4hxl5yhqktofsmqyklga,""
1314873,f1cbqyyd54o7jsdo2m7vx24ws23qz6ifkofyeeacy,""
1314874,f17khdrwew5wgrwgl2mynao4dbunz6tdojysmiwwi,""
1314875,f1tse6hxgvrb5vzrms63bdw4shf5nalmsnfi4vlkq,""
1314876,f1lwdn74oly64xmnxt2pdse7u3u33by4rfvyibema,""
1314877,f1imrld3hmud47comk5e3szpq36xxqc3igynfk3ua,""
1314878,f12gbmjyc24mqw3mn2f6e3ftysf4o5g2cv4qe52uy,""
1314879,f15bkiys3saxw5uu44j7ta5u7tidfjmltanpizqtq,""
1314880,f1tvmuf74imrzwhhsqthswfamxttqt32rtfqhakwq,""
1314881,f1v4oz6w5g5u5qoyr7k7jukn7torxwt7yksp27ebq,""
1315766,f1wdpnire2pz74fmgpeopmfl36awkynlw3573v3ii,""
1317045,f1ptwudshxx4occj35h2jmtudnsxrxvfwuwynby2a,""
1317857,f1fprgkgk6d3t5datbbcdx3d62osqxayj6xcoyqdy,""
1318731,f1dimh2zil63povhjgsyw3gw62ubc4lv7reugmpka,""
1318939,f1i6fpwwwuk5ttvd27pkj5aaij22avguysgxkqzci,""
1319630,f1zhs6xrnpb6xgqykngsihm5ngnhox2veni5kw4dq,""
1320112,f3vrfe2ssem3nh22kvxko3l7hfjd2njzlemfn4ppklazlkum46cg3pht2edem3c5qsulhtwokjsa6hdlcdqsuq,""
1320988,f1yl4o3akrprbpbaquo7kapjtd4bixrvfwp25cqla,""
1322367,f1ciu27vn3r7htmanzvwrm6ksx6y774gqsz3cot3i,""
1322399,f272cpe5romwbxq3hm7cainiaj2qgu5ies5nbmlxy,""
1322555,f2qydk5k5b6hkoxs6fz7kjj6v3tw4abhe3yrw4fmy,""
1322563,f2pkpa4kgats6xdbemzflbsix45cdnmotijof5jpa,""
1322570,f25kic2rvag73bl5hl66eqldimcqcjptkcfc2qkpi,""
1322581,f2ltk5hd4knujpgjzurc6vlnd443qlnzauooyisli,""
1322584,f2hq63i36522e3xarlnhpqpfw6vu3suye23umdqdq,""
1322590,f2g2y2gi6qqesa7ipm63kbfvvicgjhdjvr4bqplfa,""
1322599,f2u656wkw3on7bftmel5b3nvc3j4q3m66dmjaulgq,""
1322605,f2bv6z47ujhzts22g5fh7s4kzlpcvl47eznvvhb3y,""
1322626,f2qhh5p23vrkgj4pciyxkplfplr77r7bb3ec6wsdy,""
1322631,f2ffkxwvdgsxydvzoecqkyaxz3h6dpqq4fbkwtr3q,""
1322650,f265aashjlzw7u2vlpepndi5xynoudools2zftnby,""
1322656,f2b3ngl7drhchj6e5kwriyykijz7c35qtxgqu5d3i,""
1322658,f2vu4zwggikhyvpkeirvojpvymagmpt3k5ojdzqzq,""
1322661,f2wapj3jdwz54ki3ijoy3z72n36knieblm52fcocy,""
1322664,f2335lh24wczqyxxfl6qyceeevoxw5pwwowtvxmoi,""
1322670,f2amrtc34ln7kcxddw4v5pjwltwat3luuz5tl5gey,""
1323296,f3vic4pucgd2aytghshdk45bxdxr7hi6cbxy2walssboaq7cgdsvaxqoiokkghoemtnjivgqqvifmuwgnnvqpa,""
1324025,f1wfecoxsahxrpynnlnvm6qyp3y2uky375naanqzi,""
1325111,f2bjzhhvgaop6d5t7lzft4lhwj6pqzgnpstib4hsa,""
1325112,f2vyqhugec5o654w4or5q6simswyvubpxmngcy3fi,""
1325113,f2kt4klxvzkkxmn3kzfbzssm5csnxwu7cn5izbjwy,""
1325118,f23iuujdrqhexjskdwr27z26p4kp437fzyh6gjati,""
1325119,f233d2kxulxg5ngjedwym6tyfgynn7uobq6wp5h7y,""
1325128,f2hqh5variyxcbfmhfcy26y5nwmcmc7wwb4y3qilq,""
1325129,f2jgdp6ddobftpj4wicdnwttvxpg7mdbc6xbzlpfi,""
1325133,f2vjdl3sws2y2dgrqwpkcs4w2w5xk5akoeww6nuwa,""
1328781,f1dxv6fq6ht34lnesldb72ufj5cfpsgc7xrkihgyi,""
133106,f1lwpw2bcv66pla3lpkcuzquw37pbx7ur4m6zvq2a,""
1331428,f122zywoj2gimcq4enwdumz3ea5vf54ia4rvgisha,""
1336688,f12d7lrdq5tibjz55alzf5n3dtp2ofzbmpimhf4bq,""
133998,f1gjlqwcscm5epimy3eqch66eonnrztmd6fdzwuvy,""
134208,f1555tn7gebk5iiupmmre7ktwwomirh7r36wxzr6a,""
134212,f1chttin3wn3gjrymlrnol2xae4d2grle3hbi7wya,""
1342737,f1vlrc2jds4hjdnu32ipj744rugjnogvasxwy2aqi,""
1343509,f3uabycbcjbizjnhvkfh3vyodjotznh5qn6c5o4enmgxy4fc7xycbnqnhkq3qwmevhmvrrzbrvnybpoksp7swq,""
1343523,f3vygs6wslfvenruzrrbez5yelczv2jjoii4wlvd6yuyb3snm7sajh2ngjflhdntzxewuzmeczy4j6q56fqdsq,""
1345229,f1gs5xe26fkplu64mwcfq5fswycp3qucuvzbg2lia,""
1345472,f1oojcdaay5dmojsduu7dtzusbsgqi25owafjsu7y,""
1346498,f1lr6gsci6tsxeqs27hcjuzddpyb7jcjevdhijgui,""
1346508,f14othx5g3dxxzxxhkbca5gdumu5xcakbo23gwxyi,""
1348427,f16uapcqhpzgl3ihws62ki6nki4wtvlsjn2glfpoa,""
1348466,f1gycwsujqibbbp4slqu7mgleej6iszp3gscnvnsi,""
1348497,f1n6nkd4647ekep2zwyod6tlfbzfnpuxakqxuzd6q,""
1349183,f1ddy2n54bbpdel5lktbyhx7yfpvahkun3ztiq6gy,""
1349230,f1sk7uy6zjicj32nfnzuk5p4pby2fncwqhiunetfa,""
135322,f12emhcd2mutxr4wpkf2sdovzng5mchltp5wrc5eq,""
1353978,f1soadjrs3dzeirskgvyhhqla6s7veajnhjmb42ra,""
1356431,f3xbtxeptbmiuevsbjnnsntx6p37a7q6lbw4x7gdkdkiih2ha4qlymoayd2xwk2mpgbwdvgievlje7eivh3e3q,""
1356432,f3wkoaov5p4ghrjtfk4lcwtloc3mr3vunxk37mkfmh4lwiqj5thj7wddjgvzaqz5eqdzgvbfrhgqhrvxzrmxva,""
135816,f3wd5yqgo7tlb2b3yzfuwl63h6u64wsp7i7t5jon7umwye34w73oicqhdjo7vavfoevq5x3d5esrjf3nb4u27a,""
1358345,f3qiyu5tcfb5qbpynz36mzr7y5p72opqjzstctq65f7wpysk57ifre6hvizk2drfui74fs5xchlk42kxhhrekq,""
1358346,f3q3eysweh273pwygu27yllyafljznqewpxwlrc7jdaugrpvhmrcnxmkn43wkctxalcg3z42zxas2hinsftgva,""
1358347,f3w4wlayytfmsay6gu5phhij5r4yyx7t4xxrlosgotlmqg5eih3co5atsra4h2pe4qd2d6c76bvhj6nwim7lgq,""
1358352,f3woqxpu6ekmj43nmpcv7j2pgu6lejxtzgxpzl6f2vrueoqlzjntakyhdkghymyffbzfbsio6dvfmy643x4y7q,""
1359764,f1wpishbyyazp6kvr2g5map7ubbs5dmdaxy5te7by,""
1359865,f3r7css7xsksz5qt33hzbccpqz32ajrukqb3b4fgcpx6iehmzk7avii53hr66uy2ircjquf5uxbockjmrkhyna,""
136169,f3sgzb5qayekxdu6zglvxslbvevpzkugsthub3rsqpbd2m34jue4oot3xrwrq6b3tuyphxgxyeqeap5h73qola,""
1366067,f3vbdfytfl7o6dv7z6pcy4fzuvboh7wn4nkfvtqok2vecmhqyedaetra76zl7u2ssraxxi6qbqfkibbjqjg6ya,""
1366278,f1e645dweiez6thvrodmq44xloyvqx5r454evacsi,""
1367212,f3xdahiegj2sbbv4nqnhslot6uq3haholifqaulytiotzdlm345d6b3phscfeydmo6viyampq2qo52iup3p7ta,""
1367560,f3uj2o635qm2dlsbt4duoocf53ehvpk5oxbf7ferbnworkk7smbyeydqmabd5d4k3tay6offg4xs5hdekhkosa,""
136852,f3vu4shnjtoyeigh4dgkdb5qivrzlvyumt5vbfuesejmlyqwkjxaooesqw52yfbbsbdovlrqflemjb2yah7ujq,""
136982,f3qfjtedox66c3x6dgqt45e364ht3ydcfymcx6xucoy34s22y6jttatbcatsuppesupanb5476npnt5tdasrqa,""
137168,"",""
137196,f3wrt6m62ppas5xdyg5mxw2v6nhopoord2tpqjpbwf2h5cgljgly6ei4tsenmsmqom3bj4h7blaugmi2jmlneq,""
1372259,f16jfzkwzlaib6ibc5gtfcocln5sora4674acc6fq,""
1373374,f16euwmd5myzwlzwivxuyznuqd2rfedyz7l5gkzki,""
1373476,f3wbimh7nsax3tstomkmcwfwf2n5pqic4jhcdg7k7vcwry67tl3qac6q7hjuzwkieht5ds7d32tn6l5qkx47hq,""
1373915,f1dxrlwbmv3vj4mc2dhvqz5sspwj4htavlm3ziz4i,""
1374105,f1rislancre77n2ttzzfqdutkal5hhz5wng2bub6q,""
1377406,f1uyr5lvule563sf4kmi33w7v6ybpsjhabhsn7qda,""
1377553,f3umfia3tn5qq6ye43lip5t5facgvpjr2mkem3xr6jvmrwlhchoofeldiilvt67sulrbqjcjspmbddxxogmayq,""
1377557,f3qfcto2fba5jvnjqthwziiflvm2ikaa6wcyad26b7ax3n3gjtnwklfcfycq5mbiedjfxaikiw27wh7qtkxtca,""
1378649,f1dpg7xya3huaf7pz343ffmkh5buwaqgzy4yhjcly,""
1378724,f1bsuqx32l3fazt3iv5yslbgqbujmgnv2wysbirvq,""
1379394,f1nhmmsupe6jvpdrtnkqboiokvjvuun56zichqnqi,""
1379794,f1ymfz2mqdrkrdpjmrwh4qaqtuknfpsq3lp3r3auq,""
1380058,f1xzvg36hstbicudfisho7d4v37j5plugoylgd45q,""
1380285,f1qxfy63xqqpmliitipcfv6pmzhf2aogfrv627swi,""
1380327,f1lbrinobjskj5q42uu2vftvh3rozy3c3arm3ijyy,""
1381144,f13lyhfrsbp52vctbkq3dyp6iwauo3lqjuulqabzy,""
1381719,f2vpl5675ptu4ebn3pjh4zuoevmiirm6t3hedxvvq,""
1381729,f2u43uwe3e4tcuz2zkp6fgxneeebsqrbbwgrmygwi,""
1381730,f2o3dcvj5xjjevgzwh5p7zdyjnkhvft3gimx5pbjy,""
1381852,f14r2jybmccwiu6hze4fu55jyhclktvwacec56hea,""
1384271,f1xxetil4ri34kfj6vvhwev42cqgor55k2iu2spmi,""
1385053,f17ia7m5mvizrdug3sqtevqw3tifiqvxqr3kdaeuq,""
1385278,f1dblbdqhgq6hab7oftvcmmz36fymlfp5wrqwclaa,""
1386535,f176fktxwlfnqdcwihuxoh74jriqgore5hp2zfdgi,""
1386681,f2pcpgrvr33npdef5tjf3kjx6szp57ywpmw5ro5cq,""
1386682,f23ot4e4vnyxjlocp53qhza3ibx5r37ehasvk4swa,""
1386685,f2lqsomxiobaksiyjqiptd2ungzebzmxjqxfd7tqi,""
1387986,f1ftinjpnlh6ovxuzuj6mn6ndscj6awmjtwskz7wa,""
1388320,f1drbbhkhielhld2mmcbo5cswlsxbnaoujwfricgy,""
1388337,f1nwssse5yhx5eiuno4s2awue2nuigk3zkznd4ody,""
1388816,f3rujmju3v5a42kolvurmlsijareolvpzfp3ofesr4xkoe7wgd7y65v4vsb7u7tcc2nnudqphp72p4zumq2s4a,""
1388882,f3uce4vyr3ds2nenr5n353hvbkt445tua3sggvzleexx7kvlpcknpflb2dwlr64nc77ziyffuaxrnrspwhtvna,""
1389218,f3u5v3wycmenvmb3iumuwsxpp5scgjt2ti2f5wbznrvmarm54tcrrzyucalya56tsv4brz5h3mzm3jtbxd3qua,""
1390120,f1ir4hph4zbnpwfrvkbsv3h4utn5kx6ofqv2aqd5a,""
1392996,f1mrwlnszbw64pn3e4hsmx3llmkh47cngiddc3vda,""
1394448,"",""
1394916,f3ukpbw7etidnzsbwxdvnqzm2jxj45zl3ti5qbomk7vo522xparxghjlp72th7rygsdylh7zlkwcxdmekefzpq,""
1395783,f3xf4n2i4b6yl4etuhr6hzee6w7t4bcwa5m5ni7uxef4t4rbzpflkpwryjrfb4zria5mx4sdyr5vndllyhfdjq,""
1396300,f3w6siugixbcmcfkxa5d6kfx3yep3eb5jsswcrxktzfothtlda22rr6ul6qhndymwegwnizfcby2cotw3bow7a,""
1396305,f3ruy6nclvlqfm6fe7rjqkml6w3if6u5eqhfccjqq4hdhjp6gazlsf5mwwnyerkphemd2lz6v5nxdwyo6dmyua,""
1396315,f3tcei4r4brfke7s33fzfgaarcdhut2cuhi3ib3kqyqoqqaz6losktmg46xx7sfw5yaoxd6xy6hcwy3lftc6na,""
1396431,f3uto2d7z73lvlfk7ux55texxtvbqijnrdf4wjnabgoqgdqp665bvtudynyvdhxrnhpgwhsy4xpckremjeza4a,""
1396440,f3wxvclsnicfawrvey6mnsxowkrydk3fh2w6fah7captrw2vjnwcw5bkonnrvxkhlwaqdrhovzoibjwj433pka,""
1397971,f1sayqfrepzgwmw6qqcfbioizhn45k2o7r4dyhl6i,""
1398231,f3soaazrjuc4os4mtov5miqkqtozzeemvhugamp3och7yuhk6jjndibfdmudtwblsxzjh4cgua4g3aoatqiuxa,""
1398391,"",""
1399020,f16sby6sobysdcyjvtbkmm47tkofqb46uztsd5zeq,""
1399044,f3wgnlj7ati5nyvk353zahn7xr36vi5u75t5t37hyaeo5zthjxqo77wvq5hwe7cijbep6pjicrtgklx33iimnq,""
1399640,f3tfs6seggoe75xpj3a4buavcjttx4rs6jgeusbmjzzklra6l2j3oqpk3tpgbfsocl63en5r7uiqrsdufb6jlq,""
1402131,f2xgbhgk73g4zxajrrjn2knt4b5sglctugm5ljpti,""
1403110,f2lm7ba4mqot7x6tsrseimw3zvgoljcz7iy2xnnmy,""
1403220,f2fe7woomxl653dpchwgineijzak5drh326a5ywni,""
1403222,f2tr53r6girzw5xfua2fwrapckhh6tv2i4hjibbqa,""
1403224,f2cbdueed2qw3l6mv6gi77fsgbjreozmpkctp3hmy,""
1403225,f27f2tnvntxztcgthhzs7ggewaf25rljy3b23idxi,""
1403235,f2crbyjzigds3ogleuv5cfk46bwskoql2ayhih5fq,""
1403237,f2zchd7bdft2o5mstgvggfmd5b3jf7lbkfttdpzrq,""
1403239,f2rdg4l347fhn63jsi2kdigiwqszxdarwhvl7dfta,""
1403243,f2zfyzbwwatccsn26mbu4tif3v6jimzgvxgsysvey,""
1403247,f22ketpb4r6g5adtconewz3rx6m4ton4mwfkrrply,""
1403250,f2up37d67j5aphnbay64ggyo2kz2w7eniuw6zkwgq,""
1403251,f23ap3t2gzufd72mauecrne2tvno4wk5rlkhzfegy,""
1403256,f246spdf3v36atsuvgwzqlix5zld6wp7auii43f3a,""
1403707,f17fs2gsrpz5xbo2zwy3uz7hjhvsnumfvbrtwri2y,""
1404557,f3r5wyvf4nhgbuk72wmvheju5uhur4ifatnorqpkzans2gwup6ehxvzmbie2mtmshdggukaxyekzmgttcqsraa,""
1404908,"",""
1407157,f1vqh72uwzpho6d2nocqh2slwrf3qe2erybkpf6dq,""
1411417,f1a24byryiq46xhphdsgsxb7yafvd2gnb5olxldbq,""
1411623,f1fi6gmvjcs2wxb2ndzk2gpr3okhukjmnllei7k4a,""
1412795,f1hjvo3tcu7t545cfj5sfoz2ugbitnlj4e566gagq,""
1414707,f3vzar7dhytpgencnuzsqiql6xsvidkctxqg52xcq4gpo4uiqta7z7vb56u2mb6ej2xa4svgkdvnop7xbdjnaa,""
1414708,f3vpwdlnauo6atlwezhvy6cwxywofspewybts6eikw57d2hjblsflp3bnrplk7zx3y3rdj2a6xaqgmx7ymzorq,""
1414710,f3sy7fibgforclhzxb4n25j4xmp5lpgoumjdaaqijnjoytyyl72xhcsoiz26mcroobqd3jygmsisdi7v2hcnlq,""
1414712,f3ri7eoqdpai2eor65k3nbzbalseph2sq3ytl4awtocwib5twl2qdqapssehkmpqli2hib5hzkjqktmg5hmd3a,""
1414717,f3uizzqt4occf4sf6ne7pvjqorfh2anb4sys7kzrxfpw77rgpfqjkdquat2m662rnmfitrfaoqzf6nfp77oqua,""
1415221,f3rfr5sh2n3dxznyq7umqihep3yn4fkqg4x67tdksagtvwfu2f3xuy5prrmxkvac3nj4b6rlxseu3q3va4f3la,""
1415525,f3ryokto6idz5uwsfkynnv5sb7wyvxmszvhl3myjmomgve3clykzfvgfqgrswrxl7oggnu7njlhdeumx3c5ota,""
1415945,f3sj3mwos34apjwy2seskztxamqceggh3foxyw6agqn7yqwzvcfq7im4xohhaaops4y4fqaigukh3u2wwnbffa,""
1416025,f3rb6odyge72vbun5bcgcsilvizbfpdq2dtp34dg6xbhyz4rrxab5nlqoyyicjcesbvspfxsybnxnnupwhyjsa,""
1416078,f1fd7pgiygdwnsvxqj7n3f4ixuioq5btgok25mgzi,""
1418112,f3u7sj4ffs45u2syntwqydlp23hlx2kdbuclvml3p4nx2cwjpuepc2nbifeuntuv2etqb2yjcmrlnnnytepybq,""
1419768,f1vayejhhsaxuuik22b2wsoajlrkmpzonbwuthigy,""
1422475,f3uq2houcwfpbwq4lr5hqrpeetha6bcxfd56fss7aa5hpejvczpkzszrgwqcbux7k77pxy526lqt4p5eudovua,""
1422994,f2nqwogmbqnoits4ymizy726sayiiwztbzr2qtpgy,""
1422999,f2kpalomfnvwmk5i36b4jtkre6kbhpwxrcqgljhay,""
1423002,f23hmqco322oa7h7andyfvzddff23lx33hrgj45qi,""
1423004,f2om4p2qtp6ccphhpdcs6sqwzokn567hhhz3z3miy,""
1423047,f3xdtjxvcb3nl4pgkkiolr6ufyhg7es36y2as6oitqpqbx5eulioxbvnjtfx2jpkn5x5gd7tkcs2erhhaxftdq,""
1426175,f1i3blofouyqoauj3gnsiyv3vrl3kc3myovpvfgly,""
1426958,f1wykorspusdbmpedqowjmrqryp4qbdmdg2hguivi,""
1427062,f17puvt5i5vtxmryxw4yqthnv45wn6vrtsgkqdutq,""
142720,"",""
1427479,f1crjni2r6brrvssvhzfhfbxerdjosl64q2wtjoyi,""
1428070,f1lusc7rktephp6o4w5mpvvz43mmv62ubmcy3niri,""
1428687,f15n4ka5h6etljdtgx34doqbibdjmi76voqjofdai,""
1431243,f2t5ku4fgdah7ewmtwqr6h6wsmadgttslnz2fguui,""
1431244,f1dtmqiqekiadbsmrwhozt3yrppc5wgp2wr5klx6a,""
1434414,f1spvzdqv2sfrld2yabsjfmta2nucsliabt7ior4a,""
1439258,f1uahybfgun2fze3iwofwk6zwb4exl2komk2o6clq,""
1442767,f12s5kybvuiehzttck3cc47gb5ruegug2fjqyf5dq,""
1446688,f1jii2brmcgl245baxtezaiqw6dflbbuksnewgkkq,""
1448087,f3wbj67cnokutbmizgcazbvn6hwolrirg4gel2wztfjffvwjpkxwtxdcvqgdfzu5wtizqofjlxsbic2lai3heq,""
144900,f163twx2qlicojgzckwtbnqsplw7pgtenio7xcilq,""
1449040,f12ojuuh62mdjadkox6ccgre5tw7coq2ydoc2vmwa,""
1451206,f3q7ablez3jqkcjukwbzaql7lmbx4ldouu66nexpdcfvu6kgho3v6gricckt77cgr46tdre2l4zmvha7bsu7qq,""
1451238,f3wkyhvuzimh5oal56b5r63fewtfrv3majwg6g5yeu2gydwgjrlhytkgjzombho3eflntbvpyjj54xpowq5z3q,""
1451359,f3wnbxf2zbkh6cgfow3riyrn7etanc5y2clztrd7dbixv4n4uxapk5f3eidjwd7heohw2dkvtjnjyhhyqxnjpq,""
1451583,f3raml32xqlljjva44wavgi7of5xlvccbd7u6n5uhor4bsyvfmoaqudz2no4gomlnk4zxv37nqhcyo3ozdlnaq,""
1451723,f1aklmtwjtsqv6p5ch4x7qferea4zldm7d44fyhsq,""
1452183,f3vn67d2ncju2iikkwp56gxkzy6fbgwa6x2rqgp5ud5nwashsvbfnqc7vcn4n24sjpfuq2qoksuw55hbvt7cgq,""
1452432,f3tfhu2vmd5nywh3nnv5vvudn4bisvquyr5jemtfpd4qu3cil4ydjcrjpx3k77q4xms5dcladuagzk7q5lcf6q,""
1452439,f3vp2f66fv2rux5ax6h4o2we4z7kbx5eoro5ymbqxbdrxbodk3ecsnkgh6k5zl37xnzpbbj66wrbnc3zoo3g3a,""
1452694,f1qddkgwnntv2uby6u4hy5keubofu6pnlpix66cgq,""
1452734,f1muylyo7lxywhckjm2lnzp7wmuycqc4lkgwfzncq,""
1452749,f1ll4zafrefwklbuwbuptmz67ifemc62xapfaqm3q,""
1453855,f1q5rmsfg4klnwn4vtssskhq4bjcsbe726a2gw2vq,""
1454231,f14tmi3ac25yu77wa5x2tqywnfdfcptfgzczr3jba,""
1455131,f2p3jgpsyxxmu2a5hoo7axfidq4hotjrcxcc2ysja,""
145729,f163yrswdzukl2oywmgcx3wgtkuljpqc3wlrsae6i,""
1458293,f1mq7zudsdfloodkvt77xsmgg56ndg3f3szzdboaa,""
1459858,f1ujcmcv4r7d2wldgsy3ckl5ko5tovyqewuwtf6gi,""
1460420,f1bngaizunpthcvfgcdoxlf37bmdgbgau7prbmcjy,""
1461697,f3sampb7dwi3y2rhxslrcrhl7mrc5n3upz22o5at27tvbsubqa7ovo7zhjmjoqao6jsphxlmxwbea76vmzcwra,""
1462610,f14caygrp7s7xuxhbrnwj5s5xqqpbcj7unvw3ylzy,""
1464149,f3wxegeffsajm7qgmv7rqda373kbzuhkiwhmihk7s3bmzc4f7mh76zsswls7nydtcs4slmurcy6w2chxtcwiva,""
1466707,f3su6vmdvyyl4wvbmbzkxnvpwjcniwrqxtsnay6ggfkp45qechzmwle7rg6wx5bggzap25etum7kp5i465ny3q,""
146744,f3w4izf6nmqf6lupaex265apaz3cdjmulpq2cf342zeyxwvycqpq5rheywnnh33iii3dhv4elunm3kkiwvyztq,""
146745,f3s3dwh67ps4kxui4mziwvus5ue7p6p324aiebrrpe24st5t334ib5gwlxql6auo7ibrccmppjxxavah46wdqa,""
146758,f3s5qozdyocudxtt2ekvcbu34dj2ubt3b4fqdzjqla7gj7442xckmlntcsmzibru6zkpiqlwflgn554cdhw6va,""
146878,f3s4nxtakkwt2cjwdpwna5zhzvtdryth2uiiiwa5iigykgumkpai6i73tm5foxv6dui5rocgzx2i2e2c2d3uka,""
1468850,f3vb2e2jl6pjof4un6hb4bz5jdxxezujvvdqifset5f33xuuwr4vwxa6jgbjuwm7ghew3m5f2pablrkwjwe2yq,""
1469816,f3s27xfwb6pdne5qgfkdbf7ekuvpnfeo3iq2kuu6a2nixxxitsnlkmotrxtj2jtegewx6kvugo2lj4dy3pesrq,""
1470496,f1tmfri5gvmtfpcqyoehxgxlsh2ewi3dmflzp3rry,""
1471028,f1r3d25hl2y7rqlsu2mgczdethy4qqjmkfdlmibfq,""
147242,f1k7t62ro4uvqcyrpmqlo5y4brinbrjbweisqmnaq,""
1473740,f1vboo22tbxvgpig4vydwp5o4y6liucm2zifu6ehi,""
1475418,f2t5e5dja344znid5rqfj37mdf3x7ai4vvx5kbwvi,""
147573,f1qgswgk7tqswz5dq7siuoylfp3rqvn3b4emtgnwi,""
1477022,f163aj5vdu6nl3d37m6nyznypjpik3cw7mau2ue5q,""
147762,f13vzzb65gr7pjmb2vsfq666epq6lhdbanc4vfopq,""
147787,f3w7244p32qsc53irc2nd4nnicvzxjcsm52mcbqlt7r4gjzqjnb27fbpwasu24edf42oodeb2ewv3lncuy7npa,""
1478135,f3wcblytixwiuv3lmxoewxs7ziau7nxfzaemp64rp6jbnrf3n7mfonues73rrs2rka3mzzy4tnjqhw3a4eueba,""
1478224,f3vju45ph67k6qmk5c4hdhiv365seudouts6xwlasyyjnfcmoiakichiym5kae5jfrqxj5pbp7lc5w2gie7rqq,""
147883,f1vmlyzmehog2mje24ffxaj3hkq5tdk6l6tl6jyvi,""
1480103,f3ryt6rfisohz7wy6kgpavhauginvne5vudjqg7zkm3r4j7wjm4vqmc6ywy5rfhjwnpylptjawjsk2lgbucpsq,""
1482440,f1lkzv4bfi5t7pb2aj2m7vmh3wdnhmhf53bqfxs7a,""
1482612,f1gxpkuqn63cefhqh2rifj7ewl7qppqb73amivceq,""
1482959,f16gjowyovj5v7eaibtfwappzig5jvbhdyelf72uy,""
1484077,f16fibkxu77c4ymtzzsws3kwdcj7ztd7qdn5szpoy,""
1485184,f1euzpiitzkcsauqgprpnskagob3erf4v5j64eggy,""
1487915,f1sc2hs5o4phn37pi6vxwtpfl6zmdi3rxmhnjddey,""
1487997,f12ku7fqbp2k6njm3j5wqry24yig3ptah4nr33xpa,""
1488004,f1poxtmorxzj6kchi2twz42phmvvuszexaoegjwia,""
1491000,f1hkqj6xfl4om3ma7p6x2d63u5exqtnwz3b5h4q2a,""
1491360,f1mguxgsx72xrpki3s2ynwygdy57tzzdxxinkjmdq,""
1493859,f146ootkcbkam7yb6oang6ufrlsz6jxc367gdxfjq,""
1493869,f1xx5vyyvmwjhwh7ua4rtt34q3getaphyblfvybri,""
1500699,f14bllegsgqtil6eqbcqfqwthtqvncilfgokamtqy,""
1501255,f1u4vai2bw5zomwu4vzu3s3gymqslgfg5tqjywcoi,""
1501820,f1cxff2c26tbuawi2gnyruwi2d6wj66lmbkqzt4ga,""
1501821,f1w2i6kvzpjbxex37g7nzx4fi3gij3aiggwp6hvsy,""
1501824,f1zlmlnspyivvevewh7hqfx4g7y3yc4z44unfcwei,""
1502254,f1vsaankm5nbbdd4ow6ezniu7sx5kn46ynylhtvvq,""
1502259,f1psxxyhi6dwgl2bxzbzdus57rpbfy3qyyck25tnq,""
1502269,f1oiaqg4ujsc534p7ts7x6nlcbe5fh2pyt4b3inpa,""
1502366,f1pb356hneiyqnl7ovmcxs7qmlfhev4swwgzesloq,""
1502371,f3u3unadf654vezf62cd4jo6r7h6qpkx26g5amcdc3oe6rmpmk2nfosfd2kjkdhj4ndvr626gsm7fhpmt7gg2q,""
1503630,f3wgnxp4jlgdrwvmz43u4tg2ggpvy62saxwdpclzmml5bozneudi4topzcgoo7rlim4wfxxluqq6chep2l3oba,""
1505581,f3qei5u6w2r56kjnt3d4a7ypva6yiddytx5szasijnani64vz65yedzztcf72ei2jik3pfa4dpeh7gisvnxzeq,""
1505764,f3wltsiy2hntcezfl2d3smvbsiw22nz7zgltdvzpyysfbaqzlqdkqdufnehjgibkymr3vhhtjsmvcscnclzqmq,""
1507308,f1f72pautsgkxp6vsvmzimrz6ti7joy6l77iro4ja,""
1507323,f1askovuzjijdti6onsbb2ft2r6ozwbvfotrenzgq,""
1508583,f1fl42wj5eo7awwgdxuxxzstceeagwpiaigzlu5ba,""
1509538,f1isu6pa3pvbymukbloyger5lcy5gcifugiw5abzq,""
1509930,f242mmdnerd3mtoxdjjipxc2gwjv4zlm5rg7hvr7y,""
151002,f1rcuu6lgcoyzbdtgkuu3i7g634xc6e3cswpdo7ja,""
151004,f3rnzgvmh6itjywfy3n6e23s3impootcafbook4x3et5qqmxrces6hd5oypufdwkwi6eobnhfqny3oohr2s5ea,""
1510247,f1ap26jyqpepmcytdp22ohzxsaedzckii5apha4cq,""
1512103,f1wbmcknidxdfkpxdkhk6mj2otkiexyobow3pa6qq,""
1512500,f3vila4wx2vahcfzui3pkq3qth6eqo5haemnullchvwljeafz35nso4tld63qtweqws4si3zahdtyh4zjmr7gq,""
1512680,f1xppiiufu6rn22zi6d6gq2ivc23updomtl7ainbq,""
1512995,f1xwmnlen7j7qlkktm3oqggzcbrxp6cvqnkd2wipa,""
1512996,f1na3gu2v2rlznyw7yrqo7hlq6gz7zumsgpqir7xy,""
1512997,f1ilu4xnhfhefxdawhmsx27dvduaks7k2vldt4rky,""
1512998,f1kftqp5kdhd4bc3b6vo6o675vkn2elbmkfzsjkli,""
1512999,f1pmzqfwengdwvbw54n45emtizxqgqekpmrgtaygi,""
1513001,f1g2rmqxtd6e3bucubbl6i66wbb7pay555hqey2gy,""
1513002,f155awf3bwturml63p7us544rxqpc44z2d4xdb7vy,""
1513003,f1bpncrva3scb63ege4w56w3udl35nt7ikhq2snwy,""
1513004,f1lz2p3veoepwwgn5fq4jna2rdkr3sc262okxdmxa,""
1513005,f1tgii4xgcp6um4n2w7eqaw6bwvnvyii2u7cjgzka,""
1513006,f1ivsvpljx4ovp2tth73pllkxmumrudemks623iia,""
1513007,f1fi7vzu266bh7yxsygw6scl2hjltdkhfb6nyzn3a,""
1513008,f1l2hkjqfh5abpd5x6lxj4tjrphaa44pnumt5ms5i,""
1513009,f16cgdbgygn6fkxdibls6icjjjkg5znco76hr5aha,""
1513012,f1tivtdkq34mnfzso63wrr2xh6r2zo7aebao4jfla,""
1513013,f1ojo3wo24zkeovndlxfpqmlgzlbysg5fiukmup4a,""
1513492,f1smfrznoqsp7eptqnselnosng7vxuo3ptnoqv2oa,""
1513493,f1hzdld5oikfi4p2h2qmnmqwjtl2znj2qfycxnuuq,""
1513499,f1qjrlejxv5a73kxurwtxyrni6ji7orm74zeeetiy,""
1513502,f1vbe7ze5yknpgu3orinv4zu4rkofsyqfsmpejpui,""
1513503,f1ffbtksiso5za73pypuxbxznng6rdv64nbihdtba,""
1513505,f1vmbre2qgafcfizvbmcfdj5k24ouwscp5cavspxi,""
1513510,f1ac3mjrhahxbyvxsasp4e7kwa6vyds3ahm27us6a,""
151611,f3tc2ebpyy7uojoewaxjec3hmsh4dmrdxdgmeyemnzr4hvwr7a7x5nvr5ykbjmsfaclychm5dha53inaiyq3da,""
1516128,f1sm52k745tbdymmekxagyu3wmjfrxdqk46mruwzi,""
1516236,f1et72ct7rgqys6w3szlhg2a37j5x46c3t3litoca,""
1516511,f1mb4mkci2cfyilb544zin7fj7eghuirlybnooipi,""
1518544,f1zjfjka6a36rnwvkvdw5lnlbgk7eujr3lddlemly,""
1520037,f1niularcneibvkss6o7yjvc2jxt46pytiw7443wi,""
152012,f2m6qyszn47pd35bqs46on3ebwoo7fd242gog2gbq,""
152260,f14x3oc6uqeppnvnntw3jwy6kgzonfhdp4z24hd5i,""
1524687,f3wvmc2kg2zts4ehhjqw5qdagu34cqvtg2rhjynnf3ejojxygyfzq4ypa4gmupfxqu4aqskess3awwk7wtisqq,""
153775,f2lmhl3hudlf6qnq6fs6ynufxz4vvuyy2tj7nx5nq,""
1545398,f1hfnfx4dwok3cxahtfy5gqoxtl77iokf73a3gbsy,""
1546660,f1onr36yvaryqizxf54ek5rreukoalih5aw3vntsq,""
1547678,f3qit4fzi4ih5rw6tszplqh67xhg2kxmgvdou5o6za7o2jssc5dt4ycybmonercx4zsv5pgafy5sik7b2nndfa,""
1548942,f1fjtdayrcwgkztvt4rhw5jzcglgu5s3o63faa35a,""
1549256,f17g7h52bsi53rb263xwne573dusskit4mieqkgry,""
154944,f1enfilmuyphmnqexjt33zfbk56c25mo2lplgbpxa,""
155334,f1jf3v2hpwinqicnovfcbsc4h57ycfllf5s2h67yy,""
1561469,f3sfka42ph3rivdkvtfkjw23hjydwaqogqduuocwqexnis4ynststswi76jqssu3tk6t373dvt232rmmqysfya,""
156452,f2vig46y2bbsqmqea5otq3b5wu46ok23izjc4ch2a,""
1564574,f122qmy25wdtt5mxd77kndiq7z5x2n3iwiuz2wdsa,""
1564802,f3thgy2b3m25t34eltpfeuayayqb2ca43ls37pk4z7rjc3pl2w2owgjjxn26w6n27eronrrdjauifhmq4wr73q,""
1566819,f3rwiidkpjbprpwxo54kqxisc7xxaxko4u3zlld7yj6cagzdsg4ypcdejacqzpcb7mstdq7znl2mflp2q4fyqq,""
156719,f15sad5ij57vkegceldbgtdsg37kgdtc3isicq5ya,""
1570777,f16psdj2gfuqakolvtftaqkbijwyvjgxq56b3blua,""
1571049,f1k4p3gsg6lcg6pspcgmjp7sqlyiyavydjxurnhma,""
1576374,f1rpjjzib6fvdz2qscxfa6qt7tfxylpszboustcka,""
1576871,f2p734qmrhnaxou63lrktorsexmoaym3qu65nv2ti,""
1576874,f2bzhci4o6vusli5wbt3nwbfsoljsizxuznfwtgyy,""
1576886,f2qhb4w47xglf2xx3rvzutnbdcrupq22rf6qpvg2y,""
1577476,f1f2moc6nvl2n6lceavglmbe5i5hp4w5zn6t7f3ki,""
15787,f1kz5qqyae4vfnnsyazfm4lossat23mdoumubcq5q,""
1582746,f1r7fyybusyzx4wqgaedfksozfx2sz43i2tu55zby,""
1583381,f1ljkuhb6cpjkuewfbac75sxd6tf4vbmsxor44qoi,""
1591216,f3uia2vehqm3dc4dqmfmdqqa4m7l4p3n5leuc5wpxfibegat5vejxxxjp5hwwrrzlcaexsn2qwsugnev7zdohq,""
1592645,f1efkgddkyruyu4dqxit5hiar6ttnzljmfxeyh7ty,""
159763,f3sbunigqcrdk2xkxcgvrm72wt73fb4km2kykuy3xvb5gexf66kryjoweno2zlz6kyjuzcket72xd2s7b3zhoq,""
1597968,f2sta4sbehq5lc35gajsq6rpnycr6gjre7ifnr6ui,""
1597986,f2rqwoasbvppa4eqc5b7npgv3hx6i4a6oaywfzzay,""
1598016,f2ae2u67otshl2k3xikjmyo7mfay3ux6gd3cyq4ca,""
1598031,f2wvifhj2yzk572xfa34w7jmvonxrhltnwoqi7wcy,""
1598036,f2sdqidtyowy3x2gzn4yfiatqkrdmgmcmdmmmrnfy,""
159916,f1ry5tgrth2qt4r5zu4e6ssfkf4qrce7hcdp22kbi,""
159944,f3vlzrzb6wjzlogdkhd5bsu2dzq6hrqryciu7bysmb7glimexcqfxzxrcfnygrco7j3zcw4346vb6oeue4uvhq,""
1600628,f1rb4fa2yoozp7ju6xlnau57uxbmhaf3blwz2njdi,""
160125,f1zowrrb2ngkjwjyhh7vws4m46anh3qhxvetleqyq,""
160134,f3usvy7fyiurnzongrzh7dnvcyxb4wltipurrodazjyv543blcfn5rrircfxhkebrvil5tjuzu7q3ssnatzu6q,""
1605383,f25n2l3ye46gqwmp2tyhk2aym426nkzs3n4w5rceq,""
1605388,f2ntfsgrtl4fadsa74bv3dcy2qmgfq2o4zvqcpo7i,""
1605392,f2yzul3h7zxvwprtqloku76yojzt5enkero74amzy,""
1605399,f2ecdvatf6x2rnrgomqd4yeznwctq7rx4vwcv4a2q,""
1605404,f2ae3u7az5kbasof7v2zv5pbrn3edos2uryv2gozy,""
1605407,f23kli63dfrncvbrryc6mutv4ymhxtax6qp7amwda,""
1605411,f2h7oc7ggjxmjummprg74ae7hoolu3oqelnevmxei,""
1606575,f1mckzwi2as7t2dl2xddtqf2ebuqkf6x2jzuwwzxq,""
1607356,f1pmvlr2vmc3f5mpketckupq6rmw674qdd2pnruny,""
1610839,f15djc5avdxihguvpmtej24rzbvnnqvzurxe55kja,""
1610897,f3sqnbeqqvaxyqlt56zls4viihpg5v3uykayqw5irnpbk6zbuds4dz6reeiud6eezp2dil5qbhvavbyhydkv6a,""
1611135,f12uknfljr246uisb4ww7y5z4girbefdqpi4fi64y,""
1611268,f3rrnwuvtqd2wpb4vp4xdksn47ahdzqrm4sfdnzz2qbsbvbmuciphfvlkmgrlbl4megdaw5sc7pqmlhpjiuipa,""
1611810,f1wjib7ehqkjmpha4trs3p7vi2zt5epuv26si7noq,""
1612160,f1c7voo6tu5nicwtx2zfs2tisspbld2vh2lpolrgy,""
1614121,f3v7x4a2aapgx6o2r477tenoin3u5oadaeqyd7kjdsitykvf4ok7vq2utcyh34lmu5u7oybs25ff6s4dbudpma,""
1614579,f3qebbkqspq4w6deouaubtngt4bmaada76uqs3omy3tki6hoeocpgxyplknev5u3oi5e7xnltobrvgxnpa3qga,""
1615359,f3w436qzcbnzpngwwkslethcbsnt7rjdslf25mk7ufoo27gmf4uxt3pa3yn5zilzaqwqduew7pqmu5v2nypuiq,""
1616168,f3sft44ypintkfv6qemodrnqoj2gbf6ddcvzumympu4rv2uq3o3jg4sbvagsynact3jvq5i4fzup7q5b36gbca,""
1617818,f16esc6ov2uxif2gxegrxrkn5mhav3jna72tjj34y,""
1618890,f1ktdejydyp7ccrtlj7ctbuwdpogaan62jj5udo4q,""
1619606,f1jngyxtpqoyiknmeshqnydokhtxme3s4n7uecayi,""
1619669,f1vw4wzumacayktliu5zov2dlqment3mhah46uy2a,""
1619806,f3rwypb3nhyzkslf6eb2qoiaqdwvaedcawxiav4hmhi4cp4w7ptjua42knqoddbl5uabcrtzgq7jajvjroz54a,""
1620186,f3qtqwsgitaaiz6j5hoga2jx7wxwuob6lx4maxmlofllvrpswyvayhfmuyudsuc3ytl6bg7s6p4777acspdwiq,""
1621027,f1xzlgeouvukhpro5vyvcsug34sdcctg7edtr5hya,""
1621253,f12msbd5r6rqf3yzhfuinizfcw3jn6atmpuhlvhsa,""
1621962,f3vtrnj3jlbsdw3u4jtnjf7v5gy7hwjyuaeuzj7aimudpwwuhsg654ytd5344rfi2gwam5jrceb7munoaknh6q,""
1622049,f13rbu2lim3bopctxwrlg4t3bq74as2bkbrekcb6y,""
1623023,f1v7gld2yhjra5nr5ufqjp2cbc324iphpadlc7iwi,""
1623092,f2bhjwhhzl6wvsqm7abfguqxuubxiwiqvxfr4vhjy,""
1623103,f2mma76v5hsdahmvmy57savl2dwv7tliulv3ry53q,""
1623120,f2r5xzimjsynrhs5fkkrebq4n3pbmany6xidvmhsa,""
1623217,f2lh7sxolqps7o3i32mj4zlsp5e6jv4hd3se7kdba,""
1623248,f246hrcunaxh6jdbjetiyaell6slwijtcmhkuwfti,""
1623250,f2xm63ht67fvcgd5vj5wwuwpilal5kzc6jxeyotnq,""
1623272,f2i7wsae3losj35jg76fydbaqnzz7lm7fvnsjthha,""
1623274,f2kjvyylfdkg47nroljbihntuzbyeq4s4lccm46oa,""
1623277,f2ioygxyvnzixjpue5vvlm2ssai2bgydblxfkeduq,""
1623281,f2bvcshhdewauy3wheeolpm5crs2wai2pngbivomy,""
1623282,f2yxkpnwflbydesr43tzapvpny2keygftfodchpfi,""
1623465,f3tfavkanalgcm25imtoxdq3jf3i4nddqr2viwd7ynb6zouhkzkdc56rvenzuojnwihtm4tude5rspe3ipdxdq,""
1623954,f13d6zt424jkp55u7kp67azotkzadtlokwnz2ntxa,""
1624861,f3vyn26odhgiu746qv4n4h3xv7u3bzntwwnnhzrcppnhv52htgzkdg2war2pgi4kdoucneqzkl7wenj3mnjpea,""
1626287,f1rvgrg6mxena7eevtwvugwqqc3bw3teq43fqipui,""
1628975,f3sgqrmkqmwwpxif3edrreorvbh7hulolvao6sb722bicwisy4ilrjwww3k2mn5hmffblztzm2xn4ri4vvzdja,""
1632316,f3setskyxpxfginhyilg3yyl5poy2r2xvekhsvh4omxswjukzhqr5bz37lzbruxzd7v6b36lyrbadlj6fy25fq,""
1638263,f3wulqe6ljt2ymj7ih6ydllgemx5vknfevg3s4ggbssnysi7lebsbzf3mxsrt2vsx7rxky665ncz7me5cjj7ha,""
1638940,f3swow7xoegvfnw7h3imbp5ztms4bdniwwvzcvsie67owyqdpywhswkddfqwyll4eqt5zjonswhafceibnibca,""
1640216,f1cxthgmuboefjl2l3ngyeyadaladfzpbtr7ufuga,""
1640278,f1tr4o24n7kx4z6ib6vscfto2ugderixlixnfsd7y,""
1640475,f1oievh5xv2776fdyswgikaep674t6w2ff5qujoay,""
1641656,f1mjfshcldmjuuwil47rev3dg2avilv2xgmgrbtti,""
164277,f3r6ekupriyvuw4knyycqhospihogkk66xo7z3crnp7cndzqn6ct4sonwydansz4t6pawpxm4gnw2cgg2ayx4a,""
1643332,f3wtdob5ymm5qy3t6w2ggk3bb4niq25e3zaolvzhrkzc2fkphrrvrsqau74qvhwncghqoutg6lztjqyrsnlysa,""
1645636,f2obecmjvoh3cga7nbpvihyfn4w3q6kst6hzafhxi,""
1645638,f2tvp7t4vdqa77nhl4gr7vgplfp4enefkhynm4fiy,""
1645641,f2mwtr64hund37yd3r5wvh3fyvxhq2s6p4kzpf2ia,""
1645647,f25rokazoubcinzybjixvwbzucahtlgz2yqkg23ni,""
1646655,f2esp4rppcg26m4vt4tdla7sc222of3v37otqmbya,""
1648422,f1bnq6wlkg3jy6vt2l5fyhlg3rtead5s3kowon34i,""
164864,f3rikexkas2vxfhc6nbhla7hpunrp6as5msjx3wwndve6rfgzmyrliu2p3ypzdf74yzfwjhyqpnt6gj4xwzkoa,""
164868,f3rtqrpxadmhkfgy3cmtib4q6pwiqxpn6fxxq7kvopwqtwghwhwhyy7lm4euqvkg5h26ll3fpc54zsv7jtwdna,""
164878,f1xcnjnqld23o7hrgqooimvdnw5mjvrcmbatljcba,""
1648880,f2w3l4kn7jhady5kjjwqvsggh6d3od7dtccduoqzq,""
1648999,f1goc5asxgqitrjakyfqyndde7y6te4zyxbtxd5zq,""
1649164,f1sxhltjfelqyqbub2jylciglj7o74prt46lz5aqq,""
1650106,f1o5mj7ie2t3b6sj5n3n6ss7e3sdhwbjttmvw2waq,""
1650621,f1acji2j657wwxr3cfoamowabl6al4aehzakzgq7q,""
1653686,f1lnecek42mynnu5ph7ucoikald2gucl6jty2ivty,""
1656370,f1lu4cknydpvzkgazwuyihks5blammg65fsnswlga,""
1656452,f1quvbybolurp6d4xzthieupygtco6mcakwflzwya,""
1656506,f1uhc5v6w4fkxu6qnecyjkwkcscfuz55mirzosbfq,""
165866,f1jixzlcuqay7k3wigzgxhafi4ia4mmow3yauna3y,""
1659079,f1f6w3amv5bb4ldzsvgbzs34xgvafsofiyqmxg7ey,""
1659102,f15dyustlxyzv2qspxbepijxxnz6d74vn2ckqlq5i,""
1659103,f1ufbhme24mzlo3mtzx3hkhte3xndpinq7xycezxi,""
1659109,f1dfkdmjhuvvol6okun57mix447wdpolwcd323ktq,""
1661956,f1xcdqxxuzo52vwk63kklneztmu5z4acsfuyvkfyi,""
1661978,f2lmjweoljrc6govergtztg6lgi3fgfta7pji5acq,""
1661989,f26eqxioprxqx6f7m6ynv5iklik222suitwavjwia,""
1661992,f2ss5cqmpki2oebkbqmyizmtbcrbgvsy2qsambrqi,""
1662019,f2w3whswvy4u3bok33plpdeq7j7f3s5oa3kbkrxsa,""
1662028,f2iwcv6htrva5ykfwchae4fssv35zhhgnefgmz6qa,""
1662069,f1focjdp6bpqpsw3zsnfmgwykzxozzajmbfn3xrby,""
1662991,f3rd3va2aisbqjnyimngyskuclxtetzg4axnae2iymragptbhmhwbk22f4mdnetj2km6taswlrcq3ugqor4t7q,""
1666929,f3wvcbvwq2666xbock37qbjk2jim56h337tna4awkoqmsx25rkytlscesv7ewakn34p4d7uxvdqkxdlgam7qaq,""
1667324,f3waicghlboxlz6achonanttndbmcdmosehzu2yceaxkrgjovk6jeni6p6k5we7svvx2dbfsffxpnxik5g2atq,""
1667796,f1gmiepn73zoa5gz2oiqyugjmrsecwj5qxd42vmyi,""
166943,f1jqjoleqxffusnsyxxlmyedhqsiigoqg2eg4sgzq,""
1671154,f2hv5jbmjr6wou23qjkqkm4r5aoanrqekvmqvwtzq,""
1671203,f2llbe347zq6fzl4a27ose4ypbe4ictbnfvf3fj4a,""
1671232,f2mylsmhpnozi4fqeclftyrv6tmgc3duhj3ksyfiy,""
1671241,f2lr3wsxecprkrvwco4z4ctvjiikgts4k4jlkxvni,""
1671243,f22khkizkr35tmt5unedg3xn6aay5tk3whl7war6y,""
1671295,f2fumn6agksxkon35srjl6rejttb6khrps7hsopcq,""
1671301,f2fmavbrtgwp77a552mq2cabrsy3pqfdms4dqb4tq,""
1671512,f3qtdetwwvwotdm7qzrdrbx3us5zlw52ucautnkbygv4rjklybt2yvvlue4dnqkrfxnzrsxvl64tuomit7bfxq,""
1671641,f3rgipbywwwcpk2nfkoqi7uy4glbloybqfaskbgnchghehuzv2of4schzgkvorutzkbqcntmf2lx27cz4wc2aa,""
167254,"",""
1673159,f1ng6g57r4u62q67u6lm33ftijfsggyzzjzb2l4cy,""
1673828,f1jbnmjxeeym4p7u7zvedbup6cwr3ge73mlzr5loy,""
1674887,f3s4wotkxd2piay4tlrt2c7j2ktosepmceb5ptwghk2x7jxohqnc5eahfylwrxwreafx22hglb7rycp3plemza,""
1676203,f1qnhjr2kq742poi6rukv5hji5rdrtuqsib7khz3a,""
1680229,f1ssft3rqegbn3l4foo6yfklr2qxs7pwgfcdidnzq,""
168104,f13qfmnpzwcwmcozifakpvp4gjvqp74pmkk3r5s7a,""
1681790,f3r2vuwzskttvx3me66usaxn7p4h2rh3l7ptdpwdrq2jf4izl7o2jzq447o2bp3uhc55ofvnkv4o2qutp53hqq,""
1682487,f3qjrgxzbr7uhsduaz2kpvivv43kvlfopvuqutabzb7cvhmrpjhv4pomvepktsru7xqi6xv376ebaxoysvclxq,""
1682491,f3w2hpznu4zhor6ihaynoqcs5d6doo7jh5ymjoq63hw4oxhoxkjwyfg7caq7hu3zy73s5hxs4lic733coqs53a,""
1682492,f3v7acvitagfyfhwdedorx4rv2kn7d7px2mdvg4w5btsmdkweknc6zg33mqjdoiyklaiitw7gxsw66yfzixpwa,""
1682504,f3srsn5u2owt5vwvuaq6ltelr4fecqz5qptfbnj2plbv5q5aowhyf4vonbzuxcswp5owuygb4u27ozox5bppfa,""
1682586,f3wrdtgn75il5r6rnjeqcotwn7cum2t3jxuwy5u7n7wcstg3gr72apdtlyr4mbnjzi7vjschutd7hcv4qinjia,""
1682883,f3qjq3kqyfo2kae44sw7bqh56hawfecvbcybpej43kgxarc6fkpgvhjhegf5ly6ytygqilwr6vuyxnmyqo7rbq,""
1683420,f2755znid2pd2i3abol2ki5oorb2hmbpkolijzyqy,""
1683646,f3xgmtwepzgkb45jf6tkfrcezybhwupmg7jl6p6plslced7ufww3b2k4e6bcp3toajv43acdknxkc7xqs7scsq,""
1683800,f1m4papqpij5wmgrbzgih4uz2quc2di6ws5h4hbqi,""
1686241,f3rk3f2lcts5vi6solqy7sibtazfj7ngpriztuwseol36uu4dwv6wdkc7zesvlli54becpxw4ukrffdrto3m3q,""
168669,f17johuhfgnk5wvxltswqvxq2d2uisfilelywvgma,""
1687025,f1xouf4zp34uuadudee6c5sk34wtqaw3n3ohiox3y,""
1687236,f1qlqujaotzleogslz4j44rntpyiurs67v7g2b2nq,""
1687339,f1lzkycqjpx4nmvznhxkl5fd7rct26tpo56qx2ura,""
1691274,f1o5pategpjdbfrhcfga7qqgspv7tkliaqg4baeea,""
1691283,f3ukybfgls74cjvqgr3bkqrrnpuaxijlz6ylixpefbsvythl5qfbwhbrg7k5zmqkxqpfobddfnig6prd2cppxa,""
1691339,f1ot7ukwv7qx35syr5lf7ldns4av3ybqqyqgvb3vi,""
1694810,f17lccpov5scril3b2jo33ifgmkfale7gk7phonny,""
1696282,f1gcs54snh4kvegyda54762raksnu5sy5q2cx5taq,""
1696572,f1i2aavipqtzq6x5nhigndbhvpbkues3vd6vftlla,""
1696598,f1difbimrgfphpakqjyphxpxw7cdqmhjfcvon3f2q,""
1696863,f1xm5xqm5oljaaryvp4stgdjhmwh5sufsenp5osiq,""
1697048,f1fwemipoezwmnghis4udu3vaqeif5ywlhuxrmg6i,""
1697067,f1jwzruzn63gfn7ffnfe4lvskji7hbmcjodmxamxi,""
1697121,f1xd4hex5q44mkddd2n3wr23jmbv7qyzqdcsyetea,""
1697124,f1z7fp6k645kqut2srq4luhxc4j2f42zbnxq6kr2a,""
1697414,f1pcz2ziuynlqton3kave64doj2cbhdi2evcmze6q,""
1697541,f15z7chdmemcvvhk2ivmui7pb7pnmqadriskq5hvq,""
1698427,f1ochplvalz3eks47ve76pyhfc45seat3fn3dziry,""
1701457,f1gdkefolzyc4progdcfa4tlkj5bmubn7dmsri3qq,""
1702337,f2fnzrdiksimmk4hjlqyfhzwsmdnaoyibewwpauba,""
1702338,f2mlpox7lzbanaoc2qc3bdivbzxgf5afkjs6kxaoa,""
1702408,f1bz2txjxaxw6qc2mpakgqcfd5jm4dewmeayvxbpy,""
1703714,f1f7plqxwmgwzbwrubai5zuhovnzf3sgwtf4tkjta,""
1703781,f1cvvyqgnmuthcudsnmrkhawbckbncn45uv56gvrq,""
1703825,f22xuzntoku25yqp5f6jtipoaqyvdi3aijqcdftqa,""
1704551,f1hfu4sx62flpllccvm36gdtu6su4fw4k5yqlui5a,""
1705499,f1guplg5wyjdn6bv4forsb5eu2lohexvdlttkavpq,""
1705501,f3xbjtaf2zsvnjmfugvxsk3gal66crwn5l4yplua2fpmdecnqh5pva2y7whm7gusnfpykenj5x47leltwb2c3a,""
1705503,f1ju5oabz45ceog6e7k5omdj56uspv2pzgghiyzdy,""
1705504,f3r4catwzlk6jfau54tsnp6qesf47rhcu5kesn5v7jatzwrsgqc4tagftwpignluubpohyikhqmgmwm6kuebkq,""
1705505,f1smkg3penf4nrooa6tmzxphfrlt5c567gfa5azka,""
1706119,f1cfvzvizdkp5bbjk5yp4smevl6ubeif2u75wutsi,""
1706776,f146n6um6vijphged2c5pznottysaorzshufl2fea,""
1706781,f3simkqmjbjnbpifr3pbtdmcfjz35sisrehkq3gcmwn7ghtussajcw6wiypzzprxdvt5pj6y2dzrxjpvn6tz2q,""
1706785,f1qpkmibcsitxtxwg6ayghxwkssoxs4bfyzwzslza,""
1707711,f1doivkgpui3dp36idjcmxqonh5qwv3l6taft3rla,""
1707713,f1dgpstcqx6l57fzhwtynimqdoh3il7ro2eazspei,""
1707957,f1f6lczpf362yppuxo6ski2v4y3sf4hmszaltoqcy,""
1708122,f2pepiyxlbztcpxftwmaoqiszrc26jjadgieriw5i,""
1708161,f2ei2745dartvr44cbcboahodqazpt6ocukoyxzna,""
1708845,f1wleaianitunhngcvaffotpsq47fpskh4xncdska,""
1708939,f3ruafr2ygxk2zngo56tcdds4ojvz62sg5unehncx7ccm4csbo6pseddmmnaiwvkcvhvytdzbc6e7kl4jwwqgq,""
1708975,f1z5zijjnrat6gelemomfdqzockkfqdwgbhjxs3ta,""
1709085,f1gy7a22p7k3oxtmno6dqivc3j6ia2nwk3rcya4xa,""
1709238,f1oybbwvstqwgcwtl7d2gtyln47nkdu2myupoda5i,""
1709517,f13pzohzrok5inwp54cgz36srykzx537bhrkwjqzq,""
1710142,f1gncpmfcwmgc7bvsmqauivrzv3tp7ety53k7nlaa,""
1710951,f1uy4tl7o4xubohvsselrdqksb6vpfajepe6mtesq,""
1713999,f1m27kccz4arnazg2es5hg7siy4kllbqbt7leougy,""
1714575,f1vp7dyjpuewfol3viqpak5lvguenpoqd6744tgli,""
1715290,f1epzplqtkjbp7tik2y2sgqouu3gedai3kygrqk3y,""
1715300,f17w4px4urotpjl5drmieesctemwq6336surktpiy,""
1716028,f1k4cgxf5j2whdovazh4kxne3vbxkcz73rs6sxava,""
1716417,f1ixk7pzl2zequpy3jx5txmdlkwsig6dqup2a3hqa,""
1716661,f1i64dht6jd6blfbxmt4xwss4wvf37kn7wjaxe3ui,""
1717265,f1uhgthvqkbvffc6mgmn2mtklzx3453y4axcbvmba,""
1719091,f1pkyohoq3iilitysqt7fzctniq4hvmhrpzanspnq,""
1719765,f13noguxfyppzcm4rzmpxxhhhke2tychfpr6xk44a,""
1723194,f14a74snnt5yfhe3zwfiwpki4qw2v6uqgayei7zwy,""
1723568,f1mwppnmuflkiaci2cgru6iyekdo5zaonpqcgtwgq,""
1723746,f1ta4a647d4xm4t6te7xayxixb7vvlxajmxmtp76y,""
1723987,f1lio3n4aanqpyr7gk7kfkbhge2ng6soszeb3ewfa,""
1724099,f1gmmswpp6s7urzefcxkx7b5udyauhrde2arsoxva,""
1724416,f1epuhw7ypm3lddyurirpekwsbbzgq5xltr2izisy,""
1724421,f1ewwoms3aiairedun4h2uayqhlmtjsulnqy2xnrq,""
1724439,f1aqbilzkvvtggxd4kui5zamwqrdpfzilbtmg5kdi,""
1724525,f1ukmaiepxfeyld6qbm43bsrlkf62m7szln6bhmii,""
1725224,f3upvqixcfedlpvbinrtssgsr2adc6ek2vc2jbj3bwu4do2vwzj45m2wysabdww6uitx5luj73cwmhbbgusqoq,""
1725873,f1hy47oqp4cng4tmrl6p3jbgdsyxvo7uettqvswky,""
1725903,f1ay2h6x4qhstwvldfqgc3v72lkynty2upndxjeqq,""
1726205,f27i4rol3n2iqubsszdpgl444xgqbxo3i2b5vmmzq,""
1726220,f2s7j44cu4tlcnseviyyfwnqzq3rlg7525fqm2uzi,""
1726223,f24ugbroqvbw7nfwbrnugdoqa6s3mm5jrpfocurya,""
1726650,f3ws2czjd2teaaocl5omx6xj7ewbyyjl4y4ltqymbvcoe3hysr6g5bccc2woznl4gdymdhgv5cewql453nuraa,""
1729204,f1hnz7vkfyomwzyra363ulady7oo3zmbr72e5cr7y,""
1729248,f1u4gw76qhhhg2tdgijdxdd7exhrp5p67pibaqjcq,""
1729511,f3wkli64jh2oqnt47xni75hic2mbsodamwcrave5xqzf44jn3q3mk3pncylwzmgwxmsa3c5md23fw3o72wfysa,""
1729602,f1c2nxtixkivuzmmezwawg4nwzoknvd7hto37cy4q,""
1729611,f1zil5gn6fgelxw5lb7sbv22eayfltg7eohcrqpni,""
1731827,f1rtkzbu6p2z2jovle3cdit7sri74rfdsm56x33ga,""
1732100,f1orbmgaiz2y4vcgx5h4uabgi2if3hrrnfaca2rsy,""
1735650,f12xvdreguwccnafpaz3fffugip77lldp72rxftvy,""
1736244,f1sw5zjcyo4mff5cbvgsgmm7uoko6gcr4tptvtkhy,""
1736555,f1zk5oufzpzeokprrtwv7lsdkr5jl7fg3jkp5kplq,""
1736569,f1dofffx5qwubsaxxgti52nrowebdxehkbo43qxsa,""
1736570,f1vnlxjicuzewffcsboet265n4wryk3ap3hyw6aiq,""
1736648,f2mu7sgdhqk6t6ygnfkcphuc6cesqtjsurg6ofzvy,""
1736650,f244wa4zob3jal6a5qw5c5mhq6zdtl4j5werellia,""
1737620,f1y5rbfzcdkbcitdv75imfyuorhmhiebnumnmupmy,""
1739058,f1xnhtlc6tocyrxlecgmzlw7lpd5e6kori54kvhea,""
1740139,f2rqmlckzf26zfpb3vyg3o7fpicshcpacrczjfvwa,""
1740144,f2y5cyr7cp2kranq34iigagqc2wwe5gn3hl2wptcq,""
1740326,f3uqovt6cn4nj2gvdaceeexsy4dsgp6mi6j5ollnh2mvfn45vilqgseexqmylkplq7xqi7mbghoshkuf2ttyka,""
1740488,f167jj6vmbigyhb74tz2a6tcpd4zm5445i2gfednq,""
1741448,f12bf4nuwue6hcbcvnfmg76vmexkcx2o5gat3daha,""
1741463,f1e7vdxlvnlo3sggtsmfrj3vondujnrgtgdvqsaaq,""
1745322,f1mvio35fttr4cumqnssbdg6ytotht7gzi67lyqpy,""
1746176,f1l4x32zpffd6setxms2vm2yutx6opvqie4iyg3fa,""
1746328,f3qmmixom4ynncj3gxr4ci7bcie53fzqbre6pjnk23ndyqdz7pzuieil5h6v22l4bitewryqe4qeqquowejmuq,""
1751925,f1eyxr5ngqufuuvrwd4y7dy7mppgvvcbaokrwwmnq,""
1752082,f1y7xmlneep3qtxcumqlmqrja3fhqdxdaxwou6mdq,""
1752086,f1ji2xty4dtg2a4pfnslltkw7pbhy76kvihizkfmq,""
1752533,f1kf7fddj36wwqmpgdvedxo3avjq4hjxajmq47wqq,""
1752621,f17yb53dklk3ceqpru42ujan2bwi4ii2zkvqtcrgi,""
1752758,f1664xafh3bzwub6gpg4beb2evkupj3u4txclko5i,""
1753401,f1ndlgkp4iorkp7dkopkrm2n37iztkavhniwui7mq,""
1753487,f1ylwyduvuq4v2jubvfsmkmdxfejdsdmu62xvjmjq,""
1756027,f1toz5izxdse43peqyd7zktmyqilvhf6u72z74gfq,""
1756131,f176bhwkg23t2omhxp45ym6wctletg6hsawg5xfja,""
1756761,f1zmahtimk2j4ugomoytegjdw5lcsyojcfgcpz7hi,""
1756762,f1zq2q4hi6g4kjqsd3mbgq3zuwpzl2tr4a7ionhyi,""
1756857,f1dx55xrqpk4tycqonvrkl3hpbo24pufcflzwi7yq,""
1757613,f1ytqy7yxmfqmzmeecsap5esouv2qvk4vqc2jcnfa,""
1758185,f1yhlxpl7lg3krlbwqcgtvkyecus5arqpobujfkoy,""
1758292,f15jvtawch275266k7ez5bcqotohhuejixrbiedoi,""
1758608,f17xdri3wunqgld7dm23e4f3eqsntjakwc47xjo6i,""
1760906,f1hp2zq6glhfpmp5epckjkti3pt62yj3w6hhyixca,""
1761489,f3wzid6h2dv5osdmvvvcyxezgupytsiqgdwxcmucr7yclylogw36xrma23qc57ogi65udaylimt7bmbpdr2daa,""
1762604,f1o67wwg5kwlxbdfrmb33oo2zdotjndl6wvmecoly,""
1762699,f1o54sve7ede7im4caux3ug7lsyjmbue7ss3zzl6y,""
1763241,f15vsv7nsh52he6bn2u6hgqnqd25tsx4rlgqr5kfq,""
1763662,f1gi7sthhy3h55lwputnp6rlwnaiubusoijflkidy,""
1763746,f1r3ze4uow7ryuewwtbm35apt4ny6n3lmyuvuzmai,""
1765178,f1wr6rwwqckh6um2hynaym2t4mniev5b675kbf5ni,""
1767963,f1b644ui2c7vz4pkciszvfsy7rayc5w5v7sdu6juq,""
1769221,f1pyzn4a2mwkxpk7kdqr235dpeyoaqwhl4m7d6ltq,""
1769561,f15d5pxriekd6rcxx2t5xlebbubc5qlqtcuyewxfy,""
1769601,f12xfvj7rouhgni222644ax2lr6zj27ypyywq427i,""
1769959,f22bgsj7zu2csoev74rtzwhels3cbeykonnuwmuba,""
1770186,f1hnyz5txai2vw73a2iiwrwlkje3sxwkmej52rxaq,""
1770851,f1oa3q3zkj7hnciy7i2ddp57myodv3h3b327ksobi,""
1771053,f13dkryrmhnsvmromygwhnm37v2ospivoielu4dya,""
1775023,f3thxsad62t6hhi3yamiijvigajj7o2en7b5afa27n6wddtb3m7o2kulnsho3m2g3ytpiyb4nrps6oajec5s4a,""
1776261,f1zajwdqxofpbldurm2zxq77upuxjnzomfhwponci,""
1776716,f12q5ebdgpvdeaoslcb22enzvg3oxsda6gqhl7vri,""
1778328,f3ra4qdlsjp2nm5sji3p4fs2f5vnwn7yjgq43csz5low37s44lc3jyhec57kjonmfnjfrlwpx44bgwfr6hqboa,""
1780634,f1me7xwziq6ygcmh3gz4aolqrp7hu2uuhihp7ss5i,""
1781561,f1jppq2oetksji2vgnhwd4vpfdn4oo5yh5nl3b44y,""
1781779,f1rsm5jtoywstv3smlqqnxlnjyutzzflbxlbfzjra,""
1782247,f3u5dehxxe2uvehitioxhwjp27wpv72hsnuqhtz6sce2wzqv2skhguivnsvwbkwgczcc5x4qf6eeao34tejqdq,""
1782315,f3rhsjbkgprilapznxfd6zh4lyihwlbq6jiqdl2xk5ue5cfekjdkuk6ciag37qfd4fvexyztuiycivmweqdm7a,""
1782316,f3scb6lgfaf7cnaauq6mlwn64tjhghw3zidj5gfray33hymowledvgcr2ord2v7u7u535g4kifugel32zvf4gq,""
1782335,f3sr6lkuoyyxv4sroaw5gdyjxslqhbbujuctor625nheeri25gwjmmcuzjelxfx7t7jniy7ljjf6upsvnqtyaa,""
1782465,f2au3ana5o3t4xtlf4ytkmh5rnotphbthuq5ywtwq,""
1782718,f14ea2ccp5nzyp3kkdkrqqoe5wivfxadj5ywy6eqi,""
1783065,f1p5wpkmieqn2sszwqdz4yugckduwc7ukugyhzuqq,""
1783129,f3vwmnujzkxavfsmazen2dh2hhjgr2i5nesgx4t45g7n5fyjhudrvkkb5ryushz4bpy4vd2uqkmn262ygz2zua,""
1785922,f1eto4dfafkoeukxenoc7vzexrvf6i4yqvhszrq2y,""
1786582,f2lcoovgyevnuyj35bgkwn7adnockhbtyez7rzdba,""
1786587,f2welaqfw6qzf4inellypd2ktcmkcyav2mba5wnaq,""
1786632,f2hbxgdnzk6q3pjv4kbk4kee4ksljnj24kmissu3i,""
1787572,f1jmps5272fdmtqgxqwnr5g2dmednssdqwod2m66a,""
1787692,f1pkrmygbvweykpjcut36lf7ewgqdfhjklbhvepda,""
1788115,f1znd7uramgqquelcgefo5xgozopd3nga73hhywpy,""
1788118,f1rkmhotssjif6ucrosls7oewjz6pr2v2eygfjyui,""
1788131,f127l5waa4pw6k3sm4e7wxevc4fe5uz7dyt4mxa3i,""
1788133,f1ibuglt2lzlyf7vnmtzmuykcfgl2pn2fxym5dibi,""
1788135,f1pediuk4kncwp4qxawlope7hzfmd2ran35w54o7y,""
1788458,f12ima4tjej3yqvbnu7hizyobfrrkq574v7ojytay,""
1788479,f1agpnzemww7penhelcaks6oiwciy33qxmlmq5csi,""
1788565,f1gvjp4alrhrzj3mpgxjvcm4feuj5jmzdg4obt4eq,""
1788631,f1qqxpyg6e72irozvscfbkmodtfpxi4sbb2ppw2bq,""
1789059,f12utswru4g7joh23eq4pfst5gmmc427pxbzxctdi,""
1789355,f13mvhvevmh2yuuvwl34qj4xs4xkqplwtqi63tbyi,""
1789840,f1o7z3hrmxthl2yohnoabk2bmmveg6aoomatv52hq,""
1789867,f1rcnikqgbgymlr6skvckhk5w52x7necl2vg5pjhq,""
1791688,f1quth7rlzeawtsbrfuzd524qgslhx4jaauemecya,""
1794026,f1vemvacols7i2eeyhaucnq5pf2xwk72canmlt7ga,""
1794176,f1zteknicfidvdxuficlco3jozf54enku4wso5w7q,""
1794366,f1djeaxezazhlg5334gla2j5jojkna6qnzxg7ovba,""
1794748,f1ayyujzrzyrjis2ggi6emuqwlv74ymukvh5mtcsa,""
1794776,f1pkpa3h4suh77mi3guur25r5u4twkere5r35fjii,""
1794807,f1kv3wltjidbbvnbng3yvvsr7a4zjnhh6p33wbsji,""
1795034,f1yjhnsoga2ccnepb7t3p3ov5fzom3syhsuinxexa,""
1795095,f17gg6ukxvfm25qyn3bt6lwvk3dwhm3p6hiyacqxa,""
1795130,f1fp5f7bhqom4wdypuw44p47uyajbxohqga2l3t5i,""
1795363,f1uksx64y5qkrrg5nkcjkkpu76w4th3eqmtvs2nga,""
1796599,f1j4jdqubbt6r5tubco2aalpq2iaxxi374hxsnypi,""
1797161,f1q6ybo7mwigoyopjtz3dlksb3iixrrmdbxglyula,""
1798062,f1sq2n6ukionqopvguork6rodjvkozwcsn6scr6dy,""
1798063,f1upezqouqnc3xyhgjfebzxmoqi7ktb46ivuzcxci,""
1798064,f1wobhjvghfwvesezf4y2elszmjvtw4lm6rcidtgq,""
1798213,f1uogmhbqni3hr5nf57lyznbfm4sl3u7j74npxiey,""
1798950,f1vfadmbybmya6eg7nsmkhqhnhrqm5p3qfefkkuxi,""
1799,f2o2dntvez4woj66a75uznf4hhjk3a2pp66b7g5ja,""
1800628,f1a3iicxdvwto72wrdpoquu5rnzsca2xhcqqhzmga,""
1801077,f1mgqdmyysbbipaqqvrqkupqvc7k2pxengy5bfo7a,""
1801126,f1pciosiwicvr2s73xekkfbgtilvevllk5536hi3q,""
1801282,f1cbupmoh5umtzjst4lnspwzsoayrspxle4r7adta,""
1801479,f1gtlbtlk75qe3zycllo64nwk63a2ejgdwsggy4va,""
1801909,f1eon4u6vq5ejirmyfbz7xmgqimojudmo6xlhpqcq,""
1801993,f1cvpxb4b7t4ivgorj3htifnsunh3tqpw3jc6sdnq,""
1804302,f13mja2rff7bh67cylunba2uk6wrw7gzzt36kytta,""
1804303,f1demr7maxruats73i335puw3jx2liqczhu5g5fga,""
1804304,f1yay7angrtjvkjebdxgu4zt5zatnm773hjmjcbna,""
1804305,f1slgalxrpmdisljf4hzcmvva75ukvacvroc2bymy,""
1804306,f1nkjl2obsdpq7of432qrrygpvgpep3ce4tjiezxa,""
1804307,f1pcc3fvvrvzzmhip2rdqvgh3f22dg5d3e5f4atdq,""
1804308,f1xyfuyj3l2p3ghoqs55uppcmivj4keqqhrtezc5y,""
1804309,f1cfwva3vyehv3kims3q3rr7245qundlwytcrxxka,""
1804310,f1ohyd2ekraxoeilsyub4zj44psvjgannqirvu4za,""
1804311,f1ybu4j4tuwni6tjzqybqntwd37uc7vunu6zbemjq,""
1804343,f1tyio4edjcsnhcn672eh4sgxghwlfspn2ssvvshi,""
1804347,f12nc5ixunfqph472sw2auv3cnnxfsiiirrshuvmy,""
1804348,f1omwdl7ohjejynztxjmzvqvfgta426cxnmvbfgma,""
1804349,f1pg33kz24hdt5ydyltv64t32z2wh55jelr5jbsli,""
1804350,f1z6qcxw3hk372ceqj4sueqj2crextv4si2uhpj4i,""
1804351,f1zaitnjskreipocyigqohmmevvwnjngjyxqci7vq,""
1806085,f16mxebqa3mbtpvrswdovmd7sb6fwfv2bhfwbep7y,""
1806145,f1xvg3xbjrqqap2hqebeinostg2rtfvegaz65wt3y,""
1806215,f1mswvnt4upjtrufm2jept5xssj2kkbjoatq7zdsa,""
1806911,f15lalv3xk6ceblpy2pgcw432xoldelkzswy4f4by,""
1807078,f1fd53ikydfpbx2rp5e363wzm7gugyw5d2kw34lvi,""
1807600,f1boopvyakt4s2oropjeukcyggcjxtv43rfsgxdwq,""
1807601,f1kfmbufg63yyjufzz4rclf25a4u55cpnvu6ixk6y,""
1807602,f12ruqxah3zjvoteltua5ewti7snra633pkejvi6y,""
1807603,f16exxsfcfxjsyd67errtil762pbbqchmkbrbxlfq,""
1807604,f13eajnuhyqggcnz2ud3be5knlze6ir54ba5o6rxa,""
1807605,f1neopr2p4qqtczitbxx7hobudwpdn3oc2ydrldei,""
1807606,f1db3cvvolea3z53mrd3unhhx76tidbsonfuttdwq,""
1807607,f1ztgvt4vrp63nt6oioemw2n6wya226meokl2rl6i,""
1807608,f1ougok2rrlwz6fc32zc42slggm6dqyuzr7rgetki,""
1807609,f1jwd4rs5rvxct5gxyvhxydsxvkoe5px6nmxw6adi,""
1807610,f1joiij3egrc4bn3emehfreglagko53j4rrlvstji,""
1807611,f176v45qlht64s5k3b2vxvkwzhvr6o5ujkwv6q4fa,""
1807612,f1qrnlrvncb5yqjcssfp3tgj73p3tgv5z4t7luh3a,""
1807613,f1wlx3zqjg6bv6d3bjsvmmozgglryzuej6llvmdqq,""
1807614,f14hktbvaga4nphdgifwcgpy3aqojz6hi24qnyb2q,""
1807615,f15c6hp5v4e7uxfgb4h73pkep4mh5tksj2sf4hh4a,""
1807616,f1ixagke75wt63ma74bmbslosrfsepblmgajvyuki,""
1807617,f1am52adm2kcyzss6bewhqe3qhszyc4bng25xgb4y,""
1807618,f1apmc7t3czfoekesth4nsl2kdxdorobpbfvyv56y,""
1807619,f14o36qw42ox7mgiwk7wm2k53doa5dholjpjh5ega,""
1807620,f1rsdbrdta7tx547ukabnktr545aohllbeksy6cwq,""
1807621,f1ryub35jno5gcrne6yrp654kmdhixx6otdbhwxia,""
1807622,f17cofpy7s3ayhbmkfmgm2jkxpahlkfn55meeydra,""
1807623,f1k7eiyhjhcmgbaskmevt35or4c454metvxpcm3xq,""
1807624,f1ezfh2qc63uhjdimvpu6nqh57fzkvu3ou3nk5l6y,""
1807625,f1ijcq6tic7jo4cdnojkofkybv7gefxaxcckmrkgq,""
1807626,f1eprgkge3no5r57pdz35k3gqmnvre7wwk2qdjrry,""
1807627,f1nemg2bnwlfmyqivmyjhjki34fvn25noyoerhejq,""
1807628,f1v274f3pjwtguit4ow4wnxsbl543ct7m3i6qsuti,""
1807629,f1dlqtc5azn635cjiftzaioumds7mqbvudih5smnq,""
1807630,f12uwuua4w42zybt4f35xczexaacu72lp22oba5ry,""
1807631,f1jamppd6uwvfabdauuw6qowrdbzxr7ajy2ppdnpa,""
1807632,f1czne6ed63j4tgth3ds55gxp3odclocm6ux2r3bq,""
1807633,f1ighroremggzt3yvzf5gwwlarpj4zhiothsf2ayy,""
1807634,f1czkucfkhgagfm76yic47snda2zqg2jjcexz7ova,""
1807635,f1cx2urp6axsuen57ulfezytrpuotwco32hgbamji,""
1807636,f1kaacmzk3qwfvb7ccc3jp7jev543k4jzjdwbu2fy,""
1807637,f1mhmcw2btufzhorvvkl3jussi2thkxlnaci3xpzi,""
1807638,f1l5z7fntc2ggxbnjdzghz2q66jwx4avptzz4fzfq,""
1807639,f1yusanln5tkfsya6ayp7677gt6mcyevsam4buppy,""
1807640,f1cbiee3tphjgnw7rwkckald47r7dodf3f3mgyoxy,""
1807641,f1nzyklprghg5xdramq6yojdzvyktw2fp77am3ryy,""
1807642,f1ionlpdxz6nilo77m2jytk5d6jjecmznylimtwni,""
1807643,f12nwggt63jk3e3u4dyx74rdacaxttklxsp3exjey,""
1807644,f1cyym5pzssugjhjkaqphrrpzxz73ypcuqpkuvuxa,""
1807645,f1luugk7kzelkjvxsuwrbdkrdkledxxp3shc72rgy,""
1807646,f16ic6z25iykgdzhrtcrkcu2yzuf3yaxzwn4rz6zq,""
1807647,f1wnc2i4bvhfpif7vzpcp7t6bpng7ysmv4aia4w6i,""
1807655,f1qwvmonbzfhj3kd73il2buhkdijlnhiwupnocbuq,""
1807660,f172ziorw2xnh3rnco65khtu3pdfpbnfacx4y2cga,""
1808198,f1ub7ryuudggncio3nb2pgvdbjwhbyvven7wolvma,""
1810142,f1kbx22lb7rsh4uhtqlu7xscxtawsihmwwn44ne4q,""
1811426,f3qkhvdeuhn7egwppudgeo3bw2b5gm2ahmsfjj45fcczmkq3swlevilgubpfseo5jedbwerxszpaoq5ss7y4oa,""
1811926,f1qi55kor2nsvdsittepkkzpxs3h4ipklgckhmqcy,""
1811936,f1rkzmt6siljhvru6tr3bhf3st4bpqf2vwkvlbtuq,""
1812447,f3vjspxzicx4xm77ysoa6t4mqexjjdojvny2f55g4ffk3e6hp4wjxiedbstamdjmaypacgm22wkho5d3nttawa,""
1812665,f16hjiyrv5kdo2sa45ok3luboof2kgllrui3udsdi,""
1812717,f1v7pgay356md3xgjgdayfgkqngsubx2vzlogon5y,""
1812791,f1b6q2mxmpsmkp5be35se53d6jobn46uu4k5mbcga,""
1813127,f3vacefwbz3qciz4lp4c3h7fe72rmkwhzqyisw6y7utftxgkhxvfbfw4m3k4ervuz5oydd7gpvvghvxirc7oea,""
1813363,f1mdk7s2vntzm6hu35yuo6vjubtrpfnb2awhgvrri,""
1813652,f3rwwzkebfhqutk27v5d2q2rxrkwt5urds76gzho44pa2fg5ksmvfpbxinackdha5uclt3wmmhhekyyqjmc2mq,""
1814923,f2ee4nq5cxpqmh5rf6pgd5nm2n7yojc6oe5rfuqcy,""
1814930,f2hxs74g2d32yfgycfbepjgoyqmgil2qvgfoypofi,""
1814931,f2vvokass24cmmutetmwsnynezbgt3peea3r2ugsa,""
1814935,f2rjcwpza35z3muoy5vy37u5kgtwkvsl6s35ol7ai,""
1814944,f22bmnpu5a4keuyezbdqqvtlmq2a6barynup3hz2i,""
1815204,f1b5wse72uiusm4n2waqx4vuvsnvadz4ltcfruksa,""
1815702,f1rgdg7r3arqje7dzj4h5vwa6ve7frsur6cqqbxza,""
1815858,f1j6pwjnuo5a6s4ou7emsx6jymam5nu4es7ogf7tq,""
1815941,f2nwowmmqhof3wmlcmdyvpbpaassdvkz4hkv5bqba,""
1815952,f24vzdbfpz6r5vulhaibamqpww6tr7zwdckjbfcia,""
1815959,f2dhnzialupkssxx65kccre7h7mbbkqmh7x5nj34i,""
1815962,f2e7actqzytpqr43hwfhpdixbzec2eswboyo7hsei,""
1815969,f2wvrk3uis7dubdmcnyo7qqzrvn7cozgn2ctk66fi,""
1815970,f276owzqjhon2oy5hz5kfzcfpbc2e3evujskjnzci,""
1815972,f27ct6ckwghzccfdgcsrcdcg7pftbfvstxszutdwq,""
1815975,f2ik7lznjfl3qrdkgxskhxvymlvg2yikfowh4iily,""
1815981,f24qecypzziwb3qpf4wegnz2uvacpujiclmay62ua,""
1815985,f24bm2bmhasixrv6iesptgwbgwste6xhreciisf6y,""
1816391,f1pd7drg3lw5rnfay3hyfojb4dc2tqjytzbmwv2ty,""
1816452,f2r7hu7gcp5iokscfl7oymaeor3su3gaguck6rmfi,""
1816453,f2uoawphdou3wjbxqyil3t4sp4japqc4rqgxmehqa,""
1816596,f1srdiocpdspxzjnnd5p36tvgjfc7gkvx56lusloy,""
1817237,f1efk7kg5hgmd2r6yr4kyro24pou5hd64ua7x2iii,""
1817238,f1eknn564qwkfjwwzscbef2yc4itr5r6om3bq7yvi,""
1817605,f1qdko4jg25vo35qmyvcrw4ak4fmuu3f5rif2kc7i,""
1817860,"",""
1818099,f1fg6jkxsr3twfnyhdlatmq36xca6sshptscds7xa,""
1818376,f1snd4ecvg76grdkl334nkws2fyjudksvtegemp7i,""
1818919,f3ugyrpe7im5amvnkhg5qbpgz37mul6uwucvdrzsavdywggfqh36qhoxpgncaumhi54d6uvofbjbti7fxxtu6a,""
1819267,f3qzwcrpa5frvusrnryerijzo4qhopysssflcldcscvs27ozxxmvyetxeo7dal4ofhghsczcnpoymq2or7qy7a,""
1819323,f13p4ulygph4n5vyl6z75mjx67tcqn53qwtx2t35a,""
1819389,f1ws3n5tuxtyg26lraqkjirz7qon7y7ckju7hhmii,""
1820158,f1xyx3tvfoy7ue62oqdtcpud5ewcw2i7ctu4kyylq,""
1820329,f1fskqvisvrb2fnnct27ff4viwmrbcfqzbkgzttuq,""
1820335,f1hfifdzvre4uzwrpgrzvbkpigh6eqqwbk4yhjl5y,""
1820341,f1n4h2wnp73uelzrtdhv3uyd5hjfg7ivhz2sys7ca,""
1820352,f1s2sl34fi6eu6vbzkwfqesk2ytg5c4hmfqwektji,""
1822059,f1xvhr65jcozzo6bjhkst7oiqplgidzn7qdyuizhq,""
1822530,f16iuwuzitqvcaukyj3zepxmni54qelobhpwz5n4y,""
1822978,f3qd6q7hnqojrw7oeo45yd76gbjeplohbjrjfmgyfowyybm5sqgbu45654iro3bpr7zvpui2dlfsdijpvpjb3q,""
1824603,f1qlscna4ylxqwpdjtjrzkxmqed55p7pyn2lp55hy,""
1824703,f1zasxg7mrspqouzg7xv64vo6ta5nldhy5vtdy6aq,""
1825028,f1vb4w3i7rnf5hgjll7pakll4rj22m5pbprpr4boa,""
1825078,f1x7jrp3g2pogfeby6outwfi3i6kekjiwoi4z6xbq,""
1825145,f3sost52iz6ffj5gy6y23ecqlxzvsikotw2nbaypfwte2bhgoqwv6ht67hmu3k2wczocfmguk7xezzn5upsbiq,""
1825785,f14ffbvys7qiq2mbvpansrn66d3ppcwqhtr3rpwbq,""
1826669,"",""
1827456,f154vttvdo6sn7s5q43rqjteuhvpny6xkkxbowftq,""
1828333,f1kmwutqrt4ekadgryjeatpf6ryfghpiapduhmzqa,""
1828472,f1nwrxon6gpb6nzkfj5j6thw7ftaknr5sw6xirmti,""
1828473,f1n4mcikltkq5i56epp7eb4lff4d4n3jjhd5bl5jq,""
1828965,f3wemlyknfexyv6uetazxzqdajsyff5vtwip2hnwa3jtwubd7fnaguy3ny4w2alflfdancqxipweiuzo7ldsrq,""
1829105,f1yuy5oe5i5o7a6jnk7yaw2qacqnheqmm2h3t6vzy,""
1829479,f3wljdlqtg5inr76mn4enf67hqk6agswrjei5kq5onzeu5eoqkv3hgvzgnp473mihv2faqedcbkqlroteh3wca,""
1830300,f13xo7mzb5blapakbeuepehzy7q2lwblsl4xrf4ny,""
1830795,f1uypndrjwxw6zt3pm6t7b73pzqjfkgrhewlzp62q,""
1832032,f1h3xdom4hv2nmxspotggsjymhsyha22hjzs4smny,""
1832064,f1l3q7mtwssetaorsoo2omibh75by474lmtemq3wa,""
1832331,f1ku5wyxygryvjtxcgydwbfptdtmqf5hczwqwsxiy,""
1832399,f175mwtwpg4cjyhshq3tvnmilokatekjsma5m5mly,""
1832683,f1yz2utimk4lqtusyvlyfdl6e25ez7wqy6awpk2sa,""
1832927,f144dj5mk3uqxijeh3zouxhiqk5lpnap77ierg4di,""
1833163,f1qpfarfojlu77w2sqzfi4532izfjokevntt3fk3a,""
1833244,f3s2oc2lcezxddxqkbutukfhxz7p2kk5vkvx6pyoli3uouihaypyaz7xpnk445z3z3ieva2dwlbbkwt3x2wbga,""
1833571,f1e77zuityhvvw6u2t6tb5qlnsegy2s67qs4lbbbq,""
1833813,f1og6iybgiciap3hz52zync56a7mfdimtgxgu3xsa,""
1835101,f17d2n363326qlln4uva7ylxteamtdj3lq6wuaewi,""
1835313,f1zc4troi6ulfeiup6edkta4qckon37lp56vgzzyi,""
1835564,f1fa2fcvndff6xaruckvfjb6jiwvgcx25acjiq25i,""
1836089,f1ezfunky2eihaf7m7nerujgie6kyluherxivgeei,""
1836207,f1gbmcnas3nqia6u4msyxmvgyfqwe5ab5id74t2da,""
1836473,f1zf7krnsnk5qyivabw4unkp6z5jxlslalp45gpvy,""
1836550,f3v7kcjk55fbscsvzsk2ob5ze3tk5zcmv4bkhudrbxef5zsvofvteiaok3kk24mfqr5tgqstieii65jyicao5q,""
1837485,f2abyt4pcr5v3suzyk4akndwlodzpzd423h4yxgaa,""
1837490,f2zdtaj5f63f7i7eiwazl3e7kka6q4x3i3r4qdyoy,""
1837498,f2axlcfwjtorgoaor5ljdx23xqr4zs3dbou6uhykq,""
1837501,f2qyd6dmzeuhwhzrvlq4ifax2vj4disjgxr3v5bzy,""
1837502,f2ovgxrbekns4ekhgq6qaltjuehivxfpdflz4zpua,""
1837503,f2bbvhpmlazfobmwzi5taa2mx666ek5wqnokmfrwi,""
1837620,f24cvu75uhfjq3aqqwmp4fjyyqcqbsikn4ahexhsy,""
1837708,f1z7jogzx4x42wtilzb4lu6iotlad5rptt2acbzpi,""
1837711,f1xafi3wsh7q553efnumhgeomathrehwwd2mye7oy,""
1837712,f1c4tsscftr3a6ljujjn7zmfpd6q5vab62ylqxrmi,""
1837713,f15cps7yo2x4fosvp45opfihk3a4wg2qukmwyet7a,""
1837751,f1w7464adjlqbduxabxgdyafj347ska5m74owyshy,""
1838560,f26ya4t7fltrtjecreijtg4izj5iwjezsnzgzsfua,""
1838578,f2si5gsx6svmpgfvubls66stzcaparpbxdr64cu7y,""
1838580,f2wezmokptvs6esgntthkhwer27jyubxc5o26qgdy,""
1838581,f2piccdpxuq2755nkvfa537w67tlind4ubyul4onq,""
1838769,f2jrakg6aqxmxtgmpohshlczpjnapijvlgva2m3bi,""
1839447,f1iao47tnzvjv4f6pesxp6qu5pxkjljsbditxa4di,""
1839961,f1clwd2dooy2cflfilhzeq2ycl544b3heqsiwhjrq,""
1840229,f1ktlkcxnmzxcdaoqfsunrg3vocfbmgv4n3mrn74a,""
1840499,f1k3ysofkrrmqcot6fkx4wnezpczlltpirmrpsgui,""
1840775,f1ofq4mngy7ggcp755pfquq2gphjjnlydolf6awtq,""
1840813,f1mf3ako5aarzjco7y2ugundhkx5wmjdwmk74vjxi,""
1840827,f1fvtx7g4xz6htvh24m2cgasvwt6rfb27qhe52z3q,""
1841152,f12ecnsbf7b2xkmuz4kwd5fhyvr2ktwg6ixw4kdtq,""
1841173,f1jvvltduw35u6inn5tr4nfualyd42bh3vjtylgci,""
1841196,f1pszcrsciyixyuxxukkvtazcokexbn54amf7gvoq,""
1841197,f14hochejttsdh7mgi64j5wgehp535tpazvx7bqay,""
1841237,f1q6bpjlqia6iemqbrdaxr2uehrhpvoju3qh4lpga,""
1841335,f1hik4fc3wvck2jchtufrnfnzmmskw2nyezlbsr3q,""
1841925,f1ypuqpi4xn5q7zi5at3rmdltosozifhqmrt66vhq,""
1841969,f1a2lia2cwwekeubwo4nppt4v4vebxs2frozarz3q,""
1841978,f1dx7ljly4vmk5x2bn5ng4jpbqnuvozrz2phw42qy,""
1843149,f1bb2z36lpq3pnwiiowiraagpzqnpow4bonjacx7a,""
1843279,f17nj6x2rt7yuk4wyw33gc2jxjjxqibvpve22inna,""
1843336,f1727w2vwjctfo7hflr5trgqkl3c7texh7pl4grzq,""
1843589,f3uek4o7zxh5bmyqlxuucwivoonmsk3rpixgt47feh6f3qmuafr7ybhdwi4yzlwyjgpp2gwv36nnctsjt32cja,""
1843653,f1dnb3uz7sylxk6emti3ififcvu3nlufnnsjui6ea,""
1844774,f1x2wjpopqkrg6qtrhm2ieifcqwc5er7dy3usqkgi,""
1845670,f14qmuid2b6ne4342m5dk56f4rcr7y5sz4sg5fiwy,""
1845762,f3q6sp4nxww3aztaufjydez2wq4nj5u4ddfzwkyyvvjuf6enkxbe3ihl6yp2xltnftimpb3pbo6fq2xk5jjlhq,""
1845764,"",""
1845873,f1zffqhxwq2rrg7rtot6lmkl6hb2xyrrseawprzsq,""
1845976,f146mlww2f6thuppfpl2sb2mfzwbagvivcgznsmty,""
1846005,f1ffwxqjqmeqd3i6l3m6pjzhchiokj7ud4vnsdcca,""
1846059,f1j4n74chme7whbz3yls4a7ixqewb6dijypqg2a3a,""
1846076,f1ja7oy7soty7b34dslutygsizwxfnsadqku7y24y,""
1846081,f1o3twrcpwjtpcd4q36lpq4qmy2qfbgtyy5h6tsty,""
1846082,f1tbxqwjxfyv7swsdin4einirlsfquv3vnmlapley,""
1846085,f1qujwm2cgn5dzzfxaxnlqtlq264a5agxifytybti,""
1846096,f1ojvpkl6so4r2nosewdhirepmggqn72ya7aisa6i,""
1846350,f1h3dd5zh3y24xshb4lpu6bkpwbzrd4oo2ip6eqga,""
1846426,f1mxndqrmzpj5q7p6r6bsxwmr46k34ogtsbeewuxq,""
1846428,f1ujyknzb77k5jwbmmfsqyjm5y62z6asbhnvpzr7y,""
1846444,f1tgnlhtcmhwipfm7thsftxhn5k52velyjlazpvka,""
1847078,f1mqkjh2mymlgzg5kzyno554lp4c6xflx4wk753ya,""
1847120,f2qsflcz7lwaipglc3kvdwft6lncqbx7nktvmpyoq,""
1847245,f1oc6qvenzp7wsriu7edyebb325gnaovktmujl7jq,""
1847249,f1hhippi64yiyhpjdtbidfyzma6irc2nuav7mrwmi,""
1847251,f1wp5enznnbgzyoaiafzlox3h3bkwcl347iwqivga,""
1847351,f2zuuwvljrn7pxwukyh2rjpplnuikvbtmxxi3meta,""
1847484,f2x3uqqx5mkhd2emhhvxdrxsrtcb2ax3bmmmux6qi,""
1847886,f2xbmhugacm2qjhgncg2enyis4gdyryaiilqc4bxa,""
1847887,f2q7cob2dnufhdxtibfolr4bakvk6ushcoxjflk2q,""
1847889,f23m6ejcsj5sa6wuzuuve4fj2n4jpdkiyammsttfa,""
1847896,f23a62zsoxhpjby2ahem7l55wulfvwnkb4qkpjl4y,""
1848003,f1jqk7xok5kautet2knhwlg74jvcfbrqlj47kbp2i,""
1848081,f2rr3ec7oqjlcp53qjyfe2idvehcloelijlbqqxaq,""
1848320,f16rqyxeeyrhjidnmvca3s4wmuwrncufffqjfylga,""
1848528,f1cknbfzj656hmk6hqrblzs24ecv6ndg5pmxt5aka,""
1849047,f2mf7kzpnrlgfqxi5ny6uvth6lh7xez6uurtbpbyq,""
1849049,f2aq4rn3r5dujihwb5isnwq2zttufloenjgisg2wa,""
1849068,f1w2vyp4w6df44gbh4vxqle4w65zfrfnwhrl3hojy,""
1849493,f12zcobijfcpnzzbmetkklyplt5que5p4rioy3b2q,""
1849553,f1muygjb5zowppbhr7wnmdreqdoiyyanfm7fe54dy,""
1849811,f1bti6ex5cyfsxz7x63ur5u34ueyeerk6bnx5t2ry,""
1850099,f14abwn2goturifmt27s2bssoe3fup2b3npkgfzui,""
1850623,f1arw5aon5zhnuuoxnulqvre6ycyneem5cr5tu5my,""
1850901,f1ificol6wpampul6p3q5rwlncv6wp74sghoccqqi,""
1850937,f1hgbzlguqq6zlar3tijct2sqyprmwel7spb6m4wy,""
1851513,f13ctc37hbnjhpz5vnksphpjfptfwrnqud2f445oq,""
1851698,f1gaefbxfct24tfv4tck4lpbq3522sq7pb6odoiqq,""
1851725,f15b5znezvmeldethez46u4ijvhupio7yku6llvuy,""
1851738,f1usscfxtogr5v4jmi32uzkckeql2mgvun72q37ga,""
1851817,f1raeideaex2fwvoemftky6x5jzbqdawrgeuz2mry,""
1852043,f1daedt4jo6ltaudonbdkiwh5jd7zmehjwnyung3a,""
1852089,f3wzua4wihcouehv5datojpgalyapegvdfkhkqamxdtr4tzcsn7kylkoaapmmxisbp3tzekgijb32lrswf5t5q,""
1852166,f1incwdaez3ugcqi74whn327bbm2j7nzffxq4l72a,""
1852187,f3viuigz3jjibuzfqrqjs7re6ir4wh47txbc2ej3pgdoeaedmjubvdveir6xsznz724od5txuivnjctvkbt23q,""
1852199,f1ku7dtelop7ooikmk2sgidkd5sgzxyvpcr6xpetq,""
1852534,f1huke6ntamxqsz2dwpvfkvx7ng3hzyk4whzhgrkq,""
1852733,f17kxxpm2235ia3kn4tx6hfoownuk5jdndqpwfn7q,""
1853599,f1f5edx6ofn3lf6rk3yfpldbi2pzgq2egoyu6ubpi,""
18538,f2r46h3l5sgn3tl6wwom3563nz2ioyk5neipy477y,""
1854900,f3qlr5r7lexphexnllnotn5inba6pqirnqnt4cik2lszgrqumstayzt27rdecsyhl3vaaqcefmsxxjadxfmrca,""
1854901,f3vcwv646rqlwp5izprt3sflwmfbbkxxroglaswjp2jhhel6gbj3lko3frjag3c2zpfqhtwubik3jdridhcqoq,""
1855200,f1scsmm3mzvdty3noh7gvizzwxc7hnv67zddjf3yq,""
1855232,f17xebold62c76q5fncy3hqi2p4cyie3jnyoq5oui,""
1855337,f1o5s3qpfdvmzzl6kxes2yj2iysp2d6qqswjuv2di,""
1855549,f1kvffnugu5j2fjjuispqr2y7bzmmtrvj6hk32xoq,""
1855808,f1ki4cjk27ypzjsuzkvvqzs6xobaweuoxfdcnpqhy,""
1856573,f1vrve45rbvkgoyudpannxzm52wkezyrmf5vjpzma,""
1856640,f1ffr7uhq7mszotfdybexcnl4i7xw5tqyp5fhqy3y,""
1857338,f3svofl4tx75ttb7jk7j657fqrhxqj63jvkwhskm4m34pgmovukjpxgayv3lolzvp465k627ellvzye5dzwikq,""
1857483,f3qyv4zmfkg5457gjsgymqpsaw2guy5pvoxx2zah7euj5sh5iurz6jwnuq25m7jgk3w5r6c2gt5zii73qxwata,""
1857494,f1bgdahqxyidso3u6udao75knealbyf7vgqiihspi,""
1857915,f2q6uaib4bf6wmbuqaz5xwuhn32wwupolbaqsxcsy,""
1857951,f1e577krmeli4iuclarvl37pbxtthv66ceuuk4hii,""
1857952,f1t2haxau774ram6s63zlgfhmn3xkrqyexp7tpoxa,""
1858366,f2wi6fsm6wdmr7lta2btsilf4jx6mbdn4vq2gk7sq,""
1858369,f2f6lznzsog6n2x7pwmuaaxr622r3w7obbypse7zq,""
1858389,f2koyozcrbod2vahhkkaujtdzpi6q27t4n7w7n5oy,""
1858390,f2n6npft4yxbugmmczxq7wffuiw6xmrrh77tqn5dq,""
1858391,f2lrv2ufvom6esso6ezkalsy4ao64xz44i55ruvwy,""
1858410,f2752memfwmuzbps5ymlklta6mb473vztmii4rfmq,""
1859007,f1h4lifyeklypfffkylulxk75bls2xcqihpc6byfq,""
1859027,f1iar2mv5zz5il5tqlizxvbodwla2xpdvxb5ozlmi,""
1859221,f1zo3n62q6j5b3rfc4drj67d5e7hr5pqtygxy6s6i,""
1859277,f3w5ybn2csoqkotosse755epu36rjdwpim6bug3rklf6635ojhjbfie4l6esr3hvq5d2mqj3huv5wx5s54ldya,""
1859345,f1blw3s545cgl7bwkrvojtbkdyd6oyvg3vxfldqqa,""
1859601,f3qimp33d5mdov4dzd6oc7nzkmnepeyivg7yshdp7mmxwml2nkes4wnuzbsu6yfbyjfiflpeqlc4x4lzr76kaa,""
1859603,"",""
1859717,f15j6kaunmt75vw6mdwfzhtmxz74xcmjegvpfaybq,""
1859729,f1mqj7a32xlxvjpjarkvzszgokzk4uadoglr72sja,""
1859730,f1qim6rnkdnqk5mgo6b2675jxvw3xaefhrwozljjy,""
1859731,f1d2zpplguvwso7wens42ncfhs4eq3y4hmv4f57ii,""
1859732,f16lcrphd4x5bufdxdfcxpwhaaxdi2lt2mcktqvqa,""
1859735,f1kbnjuazj3icf4abcex6byapqxeeu3cghnrhlrii,""
1859736,f1yy3q6idmvkx6fbbn5ufbktajwt4rbmynzmsr2ri,""
1859762,f1qtw2lcacklwev4dtupx4r2ubcixqg6rxjcfbsra,""
1859966,f1avhqgmeazxzvylz34l26o3nlj2ywnzaviwns3dq,""
1860019,f1vfbs2ycpgpbgaph4f2t5o3p7z7u7p4eoae7pmoi,""
1860294,f1qc62dq4nfihu5suh24bluooxx6c6cptvkt2po7y,""
1860352,f1sxdwnecrck7zb6rbewsyuwi3d44fpdrnq6ngqey,""
1860436,f3ucumnjg35m6fae7bzrxpcvjx3t6t6eezrriqxmrv3fqnvijnu6et554kmuca6qyfsywp2kmo3af5ruyulyva,""
1860453,f1xiyn36wldspwqg7tm5ctgwpmurhajszsd5c7jgq,""
1860775,f1vtcetpapwwyka6txwqjwymsa67npdfilbkwh64a,""
1860811,f1rot2gfaow67ncozkuhkxlqsgbfguu3m5gp65i3q,""
1860820,f1ln2zjn7utlcszufyynabardw3ba5dv2vra4irwq,""
1860851,f1owyr5gmreqjtkabmgcka6iw4ezipyxkmm2j5atq,""
1860990,f1ioosn6kwao6q34lxs4twrycjqeeir4pv3qh5cci,""
1861056,f165cfyx6bwlkfzcius4qmvfecq3rfoj4sao7zgai,""
1861175,f1nmhjvibl7acp45lpxmo5kduz42evjazsyi4mzza,""
1861433,f1pc5usvsbfgxxbq7c7quhhg6k7l6y5reiwqr3noy,""
1861528,f3stzriiqe6hxoig363uhi6jf77o2a4s4lodpf6oguxvt52jzpu6dcmsun6n4ithh2r7mml6vou2haaig6sipa,""
1861560,f3tgmbpnxegi34fkzjylixiix7ghn6kn5ygya32rwvmgweukislbmtmxbq56xmwgski3zzqiuwpfumjki7o54a,""
1862317,f13npbrhv4jryhgirvgcx2fvdiyvqvzsryeenfvna,""
1862564,"",""
1862719,f17m55qnozf7vatndflypm3mk5ph3hymbxvyjcomi,""
1862862,f3q7zw2hshsqqyzuswapccvy6pe3gzvgcssbub6b6adonau7uxlvydooo23riym26vq7kgiy4tdtjccha6wrpa,""
1862947,f1u522dt3zabkgbxxzecl77wgv473yvpecxh6t6zq,""
1863423,f1h24uonqrkruvcrgp5bhehenvejn3u5d24stmrsa,""
1863781,f1gc7kyywnrfoard5b7vml3jae4gb5l3fidzurbua,""
1863807,f17qd6x3leh5pa7vh6ewdaed7qhbn2mgofrokuayy,""
1863832,f1o7xtxp3urjtcflqxg4wamb35g6wgqbdsquiigmi,""
1864282,f1l3wiiye54367khaj5aply777hx6pu6iofwqnz3q,""
1864316,f17lkukbl5lms5lzl365tbael642zueeqoysoku3i,""
1864590,f3qwluincblkdog6jovdcrv3yqqrlgxipnwv43un2iwbrofv63g6fmqogapwi3cf3fh4l3mdcrgtmfpbfphypa,""
1865051,f1lw5ilf4ba7aq2kbeooetpmg5zba4eydki6hvgyy,""
1865083,f1gh3tnvbij776y5fbmdjgcy3ktb6davcn2ad57kq,""
1865084,f1wypkygdibazrntcdsf44bsblzra4aatobqofuci,""
1865085,f1ymrqur7wl4czhm5bs7qzkvexx6ut46m7qlirbxy,""
1865087,f1qo6rsslh3d6lxexwon2mola52plarx7zvcv5aui,""
1865090,f1mj3e4ohxh7n66lkjed4ntnfskb7bronvk6oxthq,""
1865167,f1qytuj2kc2qzyqpj2usug2h6ahrzyiiu4kkdfq3i,""
1865250,f1rhpecsedmbwdmeqnzxwtc3j5euqx3gqbyf6umuy,""
1865640,f1zp5opmzrtx6j3iqb3sdodfu2q6sn62sfx44ycha,""
1865671,f1m2zqbshpp6jkdidned3orywvdw3tmp2mtcq2jxq,""
1865758,f3weyfn72glni6bgd74sz4aiaghi4glvnlqcx4pljnv5nwdjvbcrpq3bstycidg4j5uvyxg6xkjiit7cx3lkaq,""
1865880,f14ldybyc7cm5fks5t4yfifwie5uozsjt7ccwd2jq,""
1865934,f1p42hdesv3jvb55tmaczunitgjj2k35ow76c2t4a,""
1865941,f1b2cs7m3dxgg2gsvkjg2yt6px34zeslcyuejurbq,""
1866219,f1ukvmqlq3cbstwlz3ju2qhtjbv5hqmlyaiwcwcxi,""
1866255,f1xa3txiberntsszfcdex2ztfibciuakyjlm4pj4y,""
1866746,f16ss376cc2pr7xyshjfdjou4csccoznjzuswojoy,""
1868036,f12tsuf6e3endmmrn57dtgyx7dwzoh2edt3tezx4a,""
1868070,f1n4w4q5bn2j6c2witcdeertnkc6c5rpdf2xzi5aa,""
1868373,f1ugo3abkmmb4pb2atxz5oqqgwsd27b4p6k52f2va,""
1868427,f1iach3ih3q5x5k4lxy6wlysmqm65vwegpxwm4oii,""
1868516,f3rm2dp7q7g56ec4z3aamnnwbrpjukreryjxirjgdtgpfryh46hmxvb5o5tqzswv2oir7nvjorlmgp6eqy6cwq,""
1868707,f1loetiuw6pk6hg2jhopipuz5eeqcrp4ledy3nsqq,""
1869004,f1ye46cqardz3quet4gswng67i3yrjzqaaiqyi4ua,""
1869011,f1rltlkflpemmbkkqy5s3dfnyhiaswsnl6vqwwcyi,""
1869017,f1sjd6e63h5vtm47wj5jk5nw46pq62ikkx6f3jofy,""
1869407,f1xjhbs4v3c6zgwkonckx4ci5lm3fb47uwhi3yfuq,""
1869637,f3vmb64aybabhvnwedegoxzet77eljalqy6skdxg32slhhpdmjqaud6wqujc4dti4jhrvpdmqrysi67xtaklmq,""
1869693,f1pkhhp5oolmih5xyip4o4fzi4erjorklquhzymsq,""
1869738,f1ouk6jz5rxdsfx45o7q3epjyfqvo4viyj3xgqqky,""
1870057,f122pvhsfze6gglnuwhttijfkwvwar43onahs5jia,""
1870061,f1tcwgbb6eniizbwvizckiajzsr3xc52p4dupemby,""
1870062,f13csteap4jcgl3a65qtsvmblzvelp4sgivddtpqa,""
1870228,f1hgfl2qejlk53bxkom245yyyiz3hwqojkevsoila,""
1870661,f14kei3mbjobgsfszu5cndhosuobkbbtoaikc52pq,""
1870975,f1wfe3smwbslgogrbjin6y5xc5a3qnvjw5dizw5kq,""
1871226,f3sgwg5v3ygem5wjjjgispkkdnelq4dstil7tlomhmfdqbpzhrokkgom47y5obsb534n5r3zdhom3b46muc74q,""
1872050,f1ewm5xkmmukpds32ckxdh6uwyy3jviiyhcbqmpja,""
1872314,f3qwktgwez3bfzzrlfbr6zjeg5jsy4it3j57lgt5k53erfncxgnpgkkmn5watmust7lr6iguvmpoto3uiowqqq,""
1872319,f1gilyodlplfjlhscfc6uieabffua5c45rtqvijyi,""
1872480,f3wx3rabr4yq2i4bgrpuf5ui2sekd6agziyrgxhbghcfv3qwtvg2mof2yx7omnr4gihfq55nvbwmzeheirfndq,""
1872489,f1hamzyd3tx4pdchop3l4hfeay5q6s427pxga6flq,""
1872918,f1zb6pgkktdbyy7zxfob6gripqxuc25ukf35cc7fq,""
1872946,f16xg7ndclvgnu56mj3jzat4gtlvvhgepnt2lcqaa,""
1872950,f3rsfxmvcg42vffiu6hhb4lwd2i67kpt4nkwelsq5cbih26cdhf5mndu4hpk4ba5x25w7k4xtb2isv53xwxgka,""
1873173,f14mri6wkxelz32acj3vtmy2d3abqdv7dfpngzo6a,""
1873934,f1tza7y76ta5zogx5hdifsfdlyjh354xzb2awr33y,""
1873965,f1brqu6ympj2wzfcz5tnloowa63simwsqfjyds62a,""
1874600,f1ds6dqw3evyvdoilakoz4d772jd2aohl7yhhx3ki,""
1875002,f1n7fgq3zcey4olqkiwisbuparychxaqgyt4ffs2y,""
1876316,f3qinezq6pxsavvdhr77hkr2lcjniil4lpimtdmlruyryr6d62ux3xerm36g4ydhhwhsi7xjrmefv62zoarjcq,""
1876344,f14nyld75bnvr2y3ca4ew7vxmwp4tuwytqwggthcy,""
1876551,f162jayw3utjlbp5ae6ssqghm5jrl3js32dbmnfja,""
1876916,f1quofpadzcqlonmz7v3mv7dfqvm5hdztucdsjqsy,""
1876942,f1366c5an6uegsc7zhsy4csax3e5msrhie5gef7mi,""
1876955,f1df64fi3a4pmo5mxvdrz2zs7n2bfd4wnixomudcq,""
1876957,f1vajbbihmcqkcjlnicmjto6fflklvhoifips7uzq,""
1877027,f1pnsnrfp5dqfqwospzj6vis6jxhni765i37tne5q,""
1877102,f1n3z4jpymhtxistiqgjxy7zvn4scdvv24epxzzti,""
1877193,f13fb5ky3mrcl5khatglpv43h3pm3onrwdmz7tqqa,""
1877257,f1krwau56kbr7y2exogob4yn3yzfb5eimsdfcfnja,""
1877326,f1u4nrhzwyfb4trgdsocep4nn3h2n3xeos72nrfiy,""
1877593,f1crhsa6czawwislz35lcwt3zke2cr2vy5rmdmt3y,""
1877723,f1sg2sfakoy77frwphq5ubyv2d4lnpiultdhnb56y,""
1877756,f1e6vb3qug4rluddtvwqf3bt36j2jsblumgnsxfni,""
1877808,f1tfg54zzscugttejv336vivknmsnzzmyudp3t7wi,""
1877973,f1c4dbbry74z3cri5k66fmvd36necgiiouya3ghma,""
1877976,f1euejrtpg5vphqzydzleld2vgxfkhbrueiomz54y,""
1878027,f1xxwhyz6m7u5ezokmivwhp5eraexofryrchxeo5y,""
1878028,f1tefalattwqvw22kstrryh7yoh2blexkl3gs32py,""
1878249,f3ww3lomrcdtb2jitlm7cafu4bocbbdjojdnhzbyoql7t37nur6wsaldtnrnyefvwbgm6up3g56ct6fvxieacq,""
1878721,f1e36mdhip54aypoxavkadctfxurrh2ct6iomy4sy,""
1878854,f1osfyyilycluozpnzpeodvet5mnwrs2g3eyv4tpy,""
1878897,f3tdxw5l45xgjgfrbhfkt25kenw7elodm7gnj7bvs75trvlxgvz6ealrkxkn3eqtfpf462rpp4v36kyiml47ea,""
1878945,f1rszqldzirsgganeah32zubr4r4qafwypuwaig2q,""
1879384,f1jlkknv6psnw4m3wxok25sy7ngzdfjjk6rucbfwy,""
1879443,f1n47zgwwo3tfrkey2r4psmbhgeoatfvnec7srzva,""
1879628,f1sd7zdgfwzso7la6ahncnllumowhzvvq5xvjul5q,""
1879782,f1fsuhmaj2gvgbpwxxznummn5fxwu5zkhvoibkc5a,""
1879785,f3q4lckjhtsxogx6u2whif5qwxn3etkbnkz2y4tcrgy7cyz7j4ftrnvnxqbvqhelecf43x2e6zp7acwfdfdtdq,""
1879873,f152laimpuls5cxt7qjqn7ses5e5k5bpr4yd5h5oy,""
1879976,f1jwfr2pfvga3jdhoo4somxqvsryzpjgffvpw4qwi,""
1879982,f17epycrnt7g4cimmyybwjaqcpgwit5box77hxkqi,""
1880006,f14z37zddplbkmmkvm3jrdldkxji5a5r6iux4dhfi,""
1880195,f1klrehuwhzfw6boiiywdi7pikztsob4kkieivcwq,""
1880196,f1xlnnzzl2d73amahvsu5uyfwdascodwtw6lopw5y,""
1880198,f1kyaa43uqypbcsv5isyd4xw7lvgjcumfzqsxag7y,""
1880278,f1mgnwoczfj25foxn4555wvwyak6rsynzy7z73azy,""
1880377,f1qwjrkasn3c3555qbxp2jeka5m2ofgirhrbxhsva,""
1880562,f1xtnkj5ti77f5gbzhclnpj3xt6e5dwhfzive2yca,""
1880751,f1dvqutfi4m53vl7wxl7xvdjk7fbcebk5hjzznxwi,""
1880832,f1mrivgz3yiqzxc7gcig5xiq3vhqvlqjf2lr6pa3i,""
1880887,f1k7y7jd3ly42cg5ysty2ngc5smxmaery5mglbynq,""
1880933,f3vyezxbfkouezkzps7ag5nhsdewh2mjqsyzrvd75bggdcqxs5jf3ikfcrpcikird7bx3polxzyzulgrpxjdya,""
1880939,f3se27owzfbsmeekq564fyet75zyexpd7mcobe52dk5aihir3wymmpyw5azocdkutqc24m77hnhvpd2xgbuszq,""
1880953,f1tak75llqmwejb2a4ie32aa6ym5jklfjx3hdok4i,""
1880991,f17eijgqnnyfpvkp7g4o7tfucalmsegb4ezdhshwi,""
1881122,f12ma25hth5owtobz2rcwjyrje3eqouypnqwgdm2i,""
1881217,f126k3tkdwfaqpflgcclkiwhqxhh73ebqqazwgcoy,""
1881649,f1i7rmrczwtimrx3ctqdq567u7t5psglnmjuxlguy,""
1881652,f1tpywl3qcor3kw3uxegcnwwa7364aahr5dwhksfa,""
1881688,f1elncewt3sh356aop52uvcappblxmf6asbmhxlya,""
1881862,f1dabytgrmuqit3pckmik5snxwktwggrtv5al66ma,""
1881929,f155pwwoytusrwhijxtnybex2szracdvl7rfsyd6a,""
1882049,f3s4arbcjbgcfziufspak3ewhxcv7jcbiy7pjw2vb7swhf6ue3khannmf4waemla4nzevl374hpnpeu6ldbxbq,""
1882076,f1oonutigrtjll7m4d2gh6iep4kzaibisgtpqbuvi,""
1882154,f3vvab3qun5ye6w7ut2vow7o3r4uap3qmt3xz3eib2cp7j3chfb2v3auu4p3w5h62pjqj7dkta3xs5vaky4goa,""
1882183,f13havwvjfwn6kedjdquwgknimrbbsulhohklsuka,""
1882208,f1kzptz47vgpgg7jbwn2rnqbzwjaa3rtdjtedramy,""
1883131,f1rgthnuxaodonu2aug6fwq5mrpbabfodgm4kvhly,""
1883529,f1tjj3xppmpmvuktifjhza3nelrk22cl4d2p5apxy,""
1883554,f3qzj7pndpr7lz7v75c4553sh4oyh6s2ceczkpqgkkur7y4aubp3lzslsgo2cyauw3vfzonft4kx4ntcdlfisa,""
1883849,f1mrumlgpa33mxehjbwerxwgt4yshjuqieyphdqoa,""
1883851,f1y7qv5fxkowmyf7wqffrlfnmdvdmzddrct2het3i,""
1884061,f1z7ez4ksfopansskovnuj7t4js6azfbid2emd5li,""
1884194,f1ef56nnhd4dbqrluis4g7dwtwgwndvvessv2rdhq,""
1884220,f1krlbzha5oio7rri3gcg4g3svq4t63v3zwjceh5y,""
1884229,f1gjvm7rtyltw6swi65reub6a776eceorazovn2gi,""
1884245,f3rs2z52enuf23kgqaewahwwpbdwilvcxljoi2xjcr4fo2amyodsqbzkwqh7y2routxvyqomadvtv4xklxujla,""
1884254,f17u6swhlk6mb347i47ces2vl3p3kptfzt6qeuqby,""
1884412,f1ij6pmcrinf4tkujao4eqekl75srj7jvvovel3qi,""
1884511,f3uvgrlmmk26jbwjgvbu6lqnwnqjv7vifncdihxhmbnxb4rpkqbhggrkziznmepyciigz6wj7ahvmyfx4ducya,""
1884548,f1mugdi5c3vel2af5gv6kptb7ew67hujzklsemdea,""
1884576,f1qlw5qik62kvrzvpa7bsst65uobtt3jmkrh3ajsq,""
1884580,f14jgqqieillwuus45qsa5nyu5gy7xefkgctxj5lq,""
1884698,f1b5cr53s2itupg7vre5q6hqsd4ctphgc4dbugnda,""
1884855,f1pceszdaqm2nyvtt4qxjmppxayipslegfbvmt3ry,""
1884874,f1rnwp6p5kx7pcwexpucoav6mmwz3rkxw5blrboyy,""
1885042,f1v35hn4hgek5kf2zpybropaha7tqpbb4ymcx2zoy,""
1885050,f1piaz4nodpwdemrfqak5jlfg5ois2onzmjv6fkki,""
1885054,f1cuboogcwais57dljrpeltoy6ja2itb7wvwmrl3q,""
1885128,f1fpbuep5jrhssl2duerbacyphv2kef66owwa7bai,""
1885165,f14tie33vwfeo3dk4yuhycn3tlyudhbqp45n7ejmq,""
1885169,f1pmp4w4d7hsfrqgkzl4nvww3cu6o4ttecaevu3si,""
1885170,f1lxjbsb2lfatjrunfpa5pz54gcksqls6q7wnhyii,""
1885171,f1vnevllzzg2jvl6eao7z2nn746lmqxnbqqamsqai,""
1885176,f1loyvhh4ks4s2cgxit7jgyfnmq76li57fj6ez4wy,""
1885177,f1tnarlgtudlv4wrlwswza77vvqapradusfwa27za,""
1885178,f1dby3wqwbkdnup4bkqeu2ctp4c3djgjgnmsyvxla,""
1885203,f1hrhduarbhsz6j7u6ro5mveiaj7blnw3gd7vembq,""
1885329,f1aogufmrjfndkfwvyqykcjcensttzqmvorjfvcoa,""
1885335,f1jdmx2cuswzjlt4pnsv3t7ipmesywzxsg6q56a2a,""
1885341,f1nuvkog3ukb6lhar2njde2gs6i3nzrkytxpllzoi,""
1885348,f13wdgctl7nv5dpq4hzw7722luwe7l5ehjmqyfkai,""
1885504,f1fttsmb4vjost7zod5gf4eqpd6qpzylx3i4d6s3i,""
1885528,f2jtqkxnpyosjfei3azh7z37l7muv2jxrfllmb4ry,""
1885529,f13ignyre7d3ldcogloqqj34mcqitncjywxweqm7q,""
1885534,f27hgrtbzpb7un63z5mhgevlidkjjpwow473xekyq,""
1885668,f17tvb3ejs3ev6owqmkpzomtewgrd6v2sofv7upma,""
1885778,f15gfred4zykj3hop4mo57ap7bkpvfanwo5eoqdki,""
1885880,f1tulr5zsw46e76527swqvks4sqdjym6djmcjranq,""
1885973,f1aiadki5bvmy2d33pyli7zr7uckpn7uldbyprtly,""
1885998,f1ygl2yakbymklcavuzzgidh5qixolieaxq2duojq,""
1886106,f17sc2qv4araiqnu5rknab7jrowxm4o5j7cecyqyq,""
1886129,f1cjvy5lrlhuatilxkewd66qdbzpltpdnvjbemxni,""
1886291,f1wie3vdkcg23eoqhdgnx2kv33yghvjqpafuz7oay,""
1886305,f1dpgqn57cl5wqijiyv3256nids2ox3fms2mg3oay,""
1886322,f3xc6bs4ycqt4g5ans4uenoenhwv2jxuxrzorpfuvz6oqxo6yr3moncqi6vdp6f3vc6g7f45mqcps2mw4rcpha,""
1888096,f1ajdk7e6ex7fvtjtydzgys47bcg7jub2baucun7y,""
1888252,f14jpqshgwdol3t6weddi4hk5ipo4rulf6eipmxqa,""
1888419,f1j3u7crhjzwb2cj5mq7vodlt4o66yoyci7lhcauy,""
1889318,f1sjrm2bhxcsmloksvjsazph6mlqsnnzrd7nty7qq,""
1889510,f1dg4e25w4prn3h5f4vctaciltoayqoq2ynergd2q,""
1889513,f17ypyskwtdbd434pny3tvehkpz7g2333vjmyjqny,""
1889672,f1u3rzf5re6nvnyjjixcmbk5tderq55vjhudmapny,""
1889677,f1e2emop3dpataocjw3jh4cfvqrqbp7albnip7wdq,""
1889782,f13vlgxmtwq3czrsyeah33dz5rz6mdpvwaiolz3hi,""
1890244,f1dwhevm3p2slu6itmkssznscmpkpltdiztprnpya,""
1890375,f15sjrf2rp5s5hplk2bx77ujlkaqcl6b5bmqllhaq,""
1890385,f1xssxg2kjvvm7a4menum4hbryv4ijjqkrptigd2y,""
1890407,f1mhyxd4unemmhrw4dbhjcovivayrj3tyactezmzq,""
1893063,f1z3hiieehp5ii4iss6bqvuqwkxahrynvdibmr6hy,""
1893455,f17pmqr5xtk7pagd4zeevj5gfbsqn5jib6heb4njq,""
1893586,f1cznahxmxanuxrdztrzpk4kaa7qexguj7saolw7a,""
1893725,f16w5d2u57ndts6wcqupwwvrl7ewicrl5xnymfxui,""
1893730,f1zxmwo3kwapc6axatwuia4lsowvpasco3znfbuvi,""
1893732,f1fn4y2mtu7ooeuqxzczxeienm6zbnsgpf6b5ng2a,""
1895608,f1ocaiqiolkn2i62teoxtsbynjr3j2zk5qdao3ufq,""
1895829,f3uxdlqjxq63tujywn6pf4gz3baszy6fyvbncf7zhlarxjtnfiurxykrkaeimnz5cgbuvzul5zx6kljbxrwgaa,""
1896528,f3smukw7sncm5j4ms76izej62fottr4bpxlzzw3jmsv7kvgx5nqprkpu2qccfv3cojthox23wfvy3n3ym5ca6a,""
1896578,f1ek6dzazhmpnxhfcgj2d42b5oonqe4igtod3i7qa,""
1896580,f1drs7od3s3dl24kobll2rxqxyk2ngfcvssdyx5fa,""
1896625,f1wx3va3sglg2plzrp5lvsxqlcm2ttdu6qokl4bua,""
1896654,f3s3ewjztcmoq3h453lu6gl3bsewkbizdc4i3mgpjncgl27fjrxlpxckj43bp5g2m3kiseahwlolujkt6g3kqa,""
1896674,f1ocw63vnfpg3lkhiqxtzvzqke4d42km6ow3shkba,""
1896714,f3sl2jrvlxgfgrefty4nhozwx65nbhnoso7jpk2dvvrf6ldenud4on7l6hta5ggzxyzwj4237aacezewazt7na,""
1896716,f1rlpilrf7vbydsi4giurszwf2yytme42e3oyqkwq,""
1897740,f1leywek7rxjgnxcpulzuoyxrpmfgffdtkbb56a2y,""
1898013,f1hwg6ifcebaxwbgzo5jkli267ehzdskzzubnlbjq,""
1898024,f14uxcyaoab3qhn42kaquqysga6f6zfry3x4nk3ca,""
1898044,f17subptxqumxfdt27r64amsvkehh5bwxtd2aethi,""
1898053,f1zuz5r4od3z7hdivywzatmyeuf2io3mcyeooqhny,""
1898103,f3u3mhcghjsvxqlqrvsz2u3fyrorlblygyuwry5labs72gwl4zr6a57isnp2znxke5p4tyjnoazdp4aoa3z4ka,""
1898447,f3so2wdzymmmno53x4tz3w7resaw6vnghxg53o25jszfqpnawktss53mngtemir5iutprw5pz4n64lvbmm6znq,""
1899380,f1mn5mw2dpqz6p3s7vxrlkhkh3okdtc6t7wqro4xa,""
1899417,f1ezodxwv5vyh4chhuw24y53a6a2atlvxgaeol7ey,""
1899758,f3vmu5qalagxndw7xe7imjtfmob5xpgnyizelkxyhr7jkr7ktouo5nngkj7v3dq67bmxyuy73cs76sgqroseqa,""
1899818,f3wldggikbkvupognev4vvr6rtt54chgtk2gcieqkxdlo3rohw3dlu3udqrbrzwdybz2v4qqlelhag67aepfka,""
1900327,f16uidrp5gp4dtka4dc63itjebsy5i42aeeygqbcq,""
1900418,f1yqa2zp3wbzdtc3ayitxy4ri2meoo2qhrxh7snbq,""
1900576,f1g54wsesm3tghrxkktvzpl77u4pbgsh7hgmnqysq,""
1900756,f1bg3khvfgh6v4n37oxyoy7rzuh74r7lw77gu7z7a,""
1900762,f1ofqoqau3dl7hgtrh45wuqunciv2mq6463ne3vnq,""
1900855,f2wvskswyubc4nuwy6evsjawrahgva6djgfdyguyq,""
1901054,f3sauwgo747o7rettwdx5mdqxsme3xx6kgttvkimjyl6nwsbnjjo74cc44bsec4gc2e2r7xji47l3qcpwpmxwa,""
1901063,f1w5665j7p5hicxzkaci7nxnfb7tocfah7aooyvry,""
1901095,f3wjbibyr7v5h32dgnqfc2ouhnzqubxlhjgdm7dofw2zyipeb4rdtmmkjhxkcwwdp7i3tf3ojsqfh37fcxip2a,""
1901107,f1fkh47gdwclmovclfz2kvorhhdofvgr5y7fjvkmi,""
1901176,f3urqih2izw3zzebs5ifcum3uozxvqyfvsiv2q2vvsgq6yss7ibcboj4xa5fgpvmr365ackm65v4uztp7qjeza,""
1901253,f1n72roi5q3d2egucvaha3ierrkiipdcbg2gp7omy,""
1901607,"",""
1901637,f1nmgcc66hqbaj3ztovlsjurvu4nw4siygoxmnnry,""
1901731,f3rcnbdhqljfo2dsr337mg5dimwhyjilj57m425frdivdn4qydu5r3a4autkq6gzxsqbjiqsr5bz26irnh3ooq,""
1901739,f2dyisznzfjqp23bqvrxg2abaimtoxcg5sty5kvfa,""
1901977,f1z554a57di7i5jgq74t3onf4qubdvjg7wguwihva,""
1902002,f1zav4f4rak2yvbrq357z3whj224wn4dipl7eiesy,""
1902227,f1ulvw4c5smwtlgg4b6htzdipo4laje4mo27pzkti,""
1902345,f1ny5a6oloz5zkacqzartpg6q7ijdioa7fb2ih4wq,""
1902528,f1einobkrjcjk6gfc5ov6663vrri75hwdsjfs6pmq,""
1902545,f3szxcpgi44pofuk7vuqgkq4w7uzftzypzqx4qwmhbvdokn2ilkuqq3cnoy6vq6sm3v34qds5t7drhp5q3o5qa,""
1903406,f1ud77rddmchv4uvwpuoau3rag5rzcdtkqy45uycy,""
1903807,f1unz5yuxgui573lpuh2wyxpsx5ahvw5farqb7hji,""
1903944,f3ulhimc2dz7mvhq3jgpr7zmxqcfwpxwzyrngevxrde2nxfujllckgukvo7tiioesez2wjjtjmsjiimwojvqdq,""
1903945,f3uvlzbsuphyclmpt4kvmpnximwigb4y7y7a5qoalwdjgvgcyr2fthub5oo4ujva47jvuuybpjn7rrjzorwpqq,""
1904026,f1gwuigefejd5jkbtg4uznx45toaie5olh2cgm3dq,""
1904050,f12gbj47urlsy2aozq7hlxoxg5mfpvxbh3fj5busi,""
1904057,f1bhg3zxp6u7nty3uap6khgw6avjvdfmlie72e4ia,""
1904113,f1lwoh64n3nk6hmqtjmiooi7e6l52yzjsqcfconwa,""
1904400,f3sgrppkjifsyfyndlm3zhnescekvbduk7czpiu4euq3nfsir7eadtz2t4wbcsdqhxsfg6rr7y73yu5bqkafma,""
1904432,f3wplg7nder3es2qkvf3bihxnsewpimbg3gdivdrazayifvp6tztbgnb3p6mc2lzqfwnh6nuzhhkkjbgfivprq,""
1904436,f16ioghg3qy36f6572viouwv4dqow5ejpolo4kodi,""
1904589,f1sjhilkna5al6jdy4xto7kwpompsrm4ft7r3bubi,""
1904627,f1whxi4iekt3ejdaagsynryjhg6qstrudhghvm3by,""
1904698,f1x3w37bndhb2eq7b6sfqz36gfycwv7f4z4t2yjhi,""
1904769,f1zlkjssrmcgwjxybkc4xwjprte4i5owqjijz3tdy,""
1904773,f1xts6y3lb7mmcjelapapjsvso7yv2cvwip7pozay,""
1904852,f1k6lpunfaorrdtffvbefxbjxnphd376q2pzgnm5y,""
1904912,f1raq3tbv6k2keotawldn2gmf5ygxu2n72dohfsji,""
1904919,f1mpue7sjjou3lsn6k5mcxqzjcssxte3sj6as6wui,""
1905142,f1uwzfw6hghqf6js4773p62onzvqnupcqdxbkhhvq,""
1905156,f15pwgxdane5is6b7npf4d22wbn66wwdopkydi5dq,""
1905202,f1zg4ike3a6orvhgxr55imqmprtytksnzkindrkly,""
1905314,f1a2rdwwor3kq6mv7nveuxhux7rxtj6iyjs7hfswa,""
1905508,f1fmdka4yaspkjp3kw65azeygbmgp5dujl6wlghti,""
1905528,f17gdbzqvdfwv2gjx2ntw4mwwxl2smrrdvtowbk4i,""
1906089,f1mlrtqyy37elafm7umxtbxpd2dhylf337q4uiiay,""
1906730,f1lakkooooyscwt5crl3b5nj3szcnh5g2mcz3sxsa,""
1907432,f3rtnwp4ojvpchhexk7i2d5jeytgsellsaeu2a3nfzyms7oplmfvxeaunbdr7eskxkk3eyggm265kg2h4oibuq,""
1907516,f1b5r6ewhodewcjwqumkeycpvfkxcxkzrstlvo5ga,""
1907539,f3wh7ffch5kcmbgwvcp7f5t5nu4ffoq4zrbtupvyrklbizyg3kbjsxeg5p7h34wrm7cucvymwdyw3oonldn6ka,""
1908085,f1els3djnnfmlxerngwdpxhkn6yaj3e6soocttfgy,""
1908314,f1gzkt6xc2oscnzcjbsnn6ha25psx5isjyt6ampey,""
1908363,f1b6bnwvq42kaggyjstx3yskag3psjhtylvl5sybi,""
1908415,f1e4dhhscwwxzeat4ekukxlzmznx3rie5grx62cxq,""
1908773,f1cuoouxsmyeigcqbbviebgvdd4xdkapy42jgo4vy,""
1908776,f1avv6l4lavgzbi65gdirg5kxp7v5d6t7pp273zea,""
1908966,f1nrhyiewyfknzc6spqnysuotxcheylhpzkdroj3q,""
1909103,f1qntyafmuq5h3moldezdkpgiiycbilrsvgfvyzti,""
1909679,f1m26qforsrn5iyubbynpphtrejsgnsha2grnwc2i,""
1909737,f1ocfvay2thn2mtxxvrdy3cxdsdhsrnhwbg3krixi,""
1909786,f1b4ti2lzlgrefcyaiolcpmjev5vwyip6qtitey4a,""
1909843,f1u5zetf3lc4exvx5725xzcdjgd7dxzue6gbc4jdi,""
1909868,f1dsw2hstvcwa2yj7jfxatu6iilvnnu6i5rz7tnwq,""
1910182,f1wl4cajyvgwilvmobnjgzlxcy6csagu5ipcxurwq,""
1910196,f1hzmjc5wxvumqq6xj6iitsgskdymdjuiukafddwi,""
1910282,f17tkkdf2loimda6qh4dd3o4b73d63th6oyaicswy,""
1911391,f1myqfdwxxbj4mrj7s4g5tjmwudpiajnkrhqqfe6y,""
1911398,f1gnln3t5v7nyrzl6vomuxyx2orwqc3y4yjb7hrhi,""
1911639,f1xx3xdhulnul2ihsofgo5suxtufoiqu4t5vylhda,""
1912363,"",""
1912619,f1mbgw2yiypfay4zeuw7pmvytyoie457ogrolwbva,""
1912631,f1zt6oy6wmay2o3u4omi5f76ixqirgcgd4itsijyq,""
1912635,f1ze7kwqrzijggnis6kk7symfsis3ulaerpg5eezy,""
1912770,f1pj6n7u2e4opxgmovmsu4vyw6cimgds3razxeaxi,""
1912885,f16aqr37qeoymlc6m7bc7gfjjgawqorbz7l7avlrq,""
1912920,f1xbe5it2dkma4bg36sv2zlbmvbxrx3o3ped4xqoi,""
1912921,f12ly3lfiwzm4s7rawzooqufma3athp5ttuzelfci,""
1912923,f1hjuncl35dfkzsr2nczjvshjbiwlhzj2rzn3n3li,""
1912924,f1zthn7g7qdbvhcj2ktkkcnabiyhl7wklbciozi3a,""
1912925,f1w4m224dfezgcjnv36cdknjvifnx6kmkvwzlgkxi,""
1912971,f1pegl2h5i3mj34uigt5ebudnxjqmssywg746lp6q,""
1913245,f1adfy6de75my4pvhsf2yvz7qfu6nlsjmxpbg6rsa,""
1913310,f1jx4htn7qbk6awzxrydf2fyc3scmdwggevhgoyma,""
1913585,f1hiq3pi5gzjeirmgvnl6gnruij62lw6razvzk5ei,""
1913737,f1w5ydukkf5hmg2en4gydvltvhp3fznwr2tpaoagi,""
1913795,f15ivaxfcnyyb26wds6dfaxluxnye6qjysqfbapba,""
1913983,"",""
1914127,f1micjkasdhtjdg5pafnv7h3tv6wtdjc6hiu6znci,""
1914160,f1n6lyl2qcxnjn2aoiinmrux6rnumxnzdyoslcpmi,""
1914241,f1shjlc4hfvgvo2a25htew5g4ow2la6hlyei663vy,""
1914993,f1g3pn5gkliwaoeatenmqzfzbqiys6ntyb4sbqfnq,""
1915317,f14kmgzplvwg2zsv4m544f35kauvc7b5bufh7evjq,""
1915750,"",""
1915787,f154axytqa23o3w6crrvvl6qd7suekzodp22okg7y,""
1915789,f1m6tgrz5pt7k6w2gmb77teoovuvaaerewu4mc5da,""
1915792,f1pdytiup3goeiet27bgi5c3mma62wmx2defvbseq,""
1915793,f1nkh5as6inqcvcoiliumdmvai2luahw5imdqug5a,""
1915796,f1bfgcp2labxo3q7qxpgnmz3simfoatt5mohol6hi,""
1915826,f1ypkrvwqsrkwd345zgtptlefnpq7tio6fmwgvtuy,""
1915860,f1kpnihqdtmp5lh636rnjbje7xkdn4gek7conxvny,""
1916198,f1zfznfervub3dv4i2ffyi5zbbouh4pow6t7fp4ui,""
1916263,f3xdiulg4aznbjwjcptafl7iy5aqwybdvyuyuowwyq5zldbwynsgw7ryudtroa5k425t3na7ciqzyoxsybeqta,""
1916279,f1budai5eqmk7zjfd54bmnkj72vuc7jykmkkttgha,""
1916303,f1v54eacpq7lyii7khg64mpormoqtk5t4fw6zhoqa,""
1916379,f1oxblijloy3qykwopmnkirsm5izyift3xxpnab5a,""
1916408,f16b66qtvazuwx2wan324oe2fuzv3gtzazjq5kzgy,""
1916544,f3xes6nmavi42kahmw35wadaffvozlrlckjgeattzflpehwin6jiyixapmglku4s6iropmjpxdip2umo7ehrwq,""
1916745,f122yjwsn7h4hmx4suhxo53msgdbbarg3ilkyontq,""
1916793,f15cmd7mpswrjpbagpbi233cr3ydauvmi2dbziyla,""
1916808,f1hzup6uiryhcbnr42ugpdexlugobukpzh6sw7bxy,""
1916864,f1h5orgisd6pjhjaky4uejctjf7xxsj7fzrlxpafq,""
1916888,f1ivgrgcvjarort32xkky5dzkmr2qkhwerfqmg2hq,""
1916905,f1fq6abg47ifgeee2z7q2rps3tvknoo2ztcoqy7ai,""
1916961,f3wn64jznjqmr3s3qt4tfwynxo6k73wdxkhd6wo2l4rwpjdyyddirah2ugfaibvlzz2asaj3ehsp7bwc2zvnia,""
1917054,f1sva6i7orpheezdlr2wugfmmhhvtyschvtmfyq3a,""
1917111,f12hdjoimz2gyh3dt4kr6dzeyx3aapqpxljguinyi,""
1917163,f1ppkvhfhixohe7slolot3r4zn6yza7x45kuzs5pi,""
1917191,f1jvsdgfwf3mo2knxwl6jlqm5oupufykd2ati6liq,""
1917209,f1o7erevu55tzgoxsv2lpvay244oee2mif2ujcr6y,""
1917284,f1ezxoxiuxudvrbioxlrokicokc4ami6ef6gf3fmi,""
1917316,f13dxmfvac3yciokh7eqy77u4wogtdga5mn7ccpsy,""
1917334,f1si6dghfpx5utb4p7hlkaupkd6ptqgemhvcbr6lq,""
1917354,f1o2nxreefzqzc2mvaqneaolpdat5yk3275r6rofa,""
1917375,f1x64wt2wxuerpnsktrh33k4gnta6acj4bj2pghpa,""
1917389,f1fmwdzxtsyufdruuyugofflu7d5er22ulwkqi4py,""
1917492,f1lklgbk2ote3g7vp4rcexjvpmssdqshvweemrr5q,""
1917721,f1lrfcq5ro2ax45omic5paii6rd6zqghcrygxyhhq,""
1918349,f1kjyqtjjtco4dudknq6iszoevicebo6kz3crecpy,""
1918355,f13lylgzl2di523kpbms74bhyndkp7nfzapcxf24i,""
1919298,f1gfkibb5ugknyxhiyy6n6vxapjvwgp5aucwkwyna,""
1919335,f1ofzjga3jywceqelxjj2wpvhg6ux6r7czqlftu7a,""
1919393,f1oxgtukz77eieprrbj5srf67r47hr5jx4lolbrtq,""
1919550,f1lozjhyay3heeav3wm4ttycoaumjgtgrp452woki,""
1919699,f1j5vqgdrcxkczbmvjwmud57v5fi37gumrhs5d6da,""
1919808,f1ire3z7ypkqg6a5ksajjvfhfy4xuqb3a5oxrt7ky,""
1919960,f3v3dpvj4f6rfcsih4mdq3ydhtnwtgz7lnepjyhpnrmzflb6cqdeyzn2ixtuvgqbhsfh6vvjudmhgpu7dng2za,""
1919969,f1qt6s3mdo4rcneph5vwpjikptsa6ejbu73jsdt3i,""
1920136,f1jsgrkuicjbw5g3u7f4tcs4b6zdctwxq4h6rw5na,""
1920258,f1djxnellxd2xdi5jmnogbh5ih2drt7pffitg5f2q,""
1920277,f1rxgatgtsxgrjoyqgc4aplcsuohisclpxhbjbpny,""
1920758,f1b5qxhzpyg3djvqwilnksd3o3qng2xpzstn3yx2a,""
1920820,f1qttvggw2cpaqidpg5luhqvkxu6qmm6x6rvy6zlq,""
1921267,f14rxpgyx3uqo3qcuip66kycgpcchj6kn3ih7iz7a,""
1921336,f1hkvuvlwgzsgxnyet3wb4w2s3fyujvtkgeizdaey,""
1921402,f3qja4qzdlkckris43sls6cpoa2czczxnklrblh4kgvqxsdfi6bkn4geuzhzrc7zd7wij4qzohnmaabiidflwq,""
1921455,f13zoirpur6earrtaad4rsn7ftr7kunc4nwcqqdha,""
1921794,f1zaiyu54rlfp2e7aktrvuzicvs65ewdylstmpoqa,""
1922266,f14vri3xpun2ts5oumbh5qnxj46746w6ptetcd7my,""
1922710,f1x73tab6haogefv37tstzws7vcv75javxfflceti,""
1922926,f1e6gxhnb7dwcmcdauz6hmxsxf64nmvtne746nxsa,""
1923357,f1wxhgkfcrt3e77iefa7kjmolnslqwqmjxbbsm2aq,""
1923385,f1a5qmgwasifom7lnvidz7gk6k2k2j6qmjta45apa,""
1923608,f15ntoybtn4qmr34mu5mw3czi4orbatw62ymercfy,""
1923695,f1tb2hrxk5eaeewcesnid6xmvfkklfdrxsjr5k6iy,""
1923712,f13m5d5cv4yh7h5ckop27muvpivoxfuzzoubqdnji,""
1923772,f15cdt5fjnqjq4bakar7bdxe234zebicjnnph7phy,""
1923817,f16vsph5tnoe2zqqhivdzbko3cmfg4xdhepq3o6eq,""
1923978,f12qzoon4itzankzetuumfe2zbb4orrzig34zbbuy,""
1924186,f22zqd6n6eodn2hvhos55hyg5imh2q35hmw5eo6ei,""
1924196,f2rewvuk4ucajt5wfzye3b2afowp7omlqxiadnaqq,""
1924200,f2dgjxv2g4fsjc3prtcupbxkmmxhehngew5hs6qoa,""
1924203,f2xafwr26rlc6j2x57snxwuytxtv3lfpqyclaytgi,""
1924388,f1lryhylimps3agxtu3oocaglzjvzhivzjsdrfqfq,""
1924462,f3wloczyfssggadorogwsl5salgqylalptygbeeskwg4hk74qdblvk4e3dxw7fe3ozcnzl3qsf2i3jubiezjxq,""
1924563,f1wyxv3ysg3xpgmzlpuhkfqykm6wfhohdg4ordnmq,""
1924648,f1h74p5qyycefjsoz7qb75lxodopo7acea7nq7e4y,""
1924649,f1k6ebid57tjpreo3n7yjkivccx4gue2m4nt2lbkq,""
1924664,f1s5trlwomspamyukz5tv7ivq7so256sd3rhj57hq,""
1924789,f3rtlqil5ymgcck7itpv37cs744tpvhcpypa5mpqmcujuyb5zkmtsklohkf6llh7hrfnkz3632pycqumawbp3a,""
1925027,f1rw54uifx5lhmprpu5ovcxilc56j2pqm5w336djy,""
1925065,f1cf2pp6bgu6vvxfuau6bsmiibhrc7v3gvjsyseay,""
1925069,f1ygcmlz7pjd5nfxs5tnkekf3z3dqlemb76rhscxi,""
1926620,f3wwhngbwmbh3oknw53mkqgyyv4s3tv57r3i2fmc2obh43zxmzjctlwje7frvvqvkqzo66ky4hsbsoyf2kzjsa,""
1926691,f1kluvacbdczzmzaicduhsnwnuyd2q2jisikkdija,""
1926786,f1qysp3gb7j5bjw4jf2n5njtfmmsmc5q36j6gjn7q,""
1927052,f1h5czsg3cbdxw6jtdigx4kqadsfywptiu42hvoeq,""
1927870,f1ixcfaqlvl2lwuwf6mepkpk4wo42w3ubgdwmccni,""
1928516,f3qovz7pkdq7koqqqfz3herwciwn3zpglpyabd4uzl3yk6lugqt6ndo3vq2suf76cvtaujcjffwntwhf7cvx3a,""
1929808,f13zfhkvtf6mewd74jhav6iqcggwsojht73tickga,""
1929879,f1yy7riqoc3vm7jv6nawupnytj4m6sajfuq7kqn6q,""
1929972,f1l6wqjuw7vz5brcmsxzre37j5agtr73ekjtosfjq,""
1930006,f154a4iq5mxq76avoooc5a3unchfbrjg7itkjfl6y,""
1930007,f1tszopsyo4fs75f4ia5h25btfob7t6upmj2w27qq,""
1930008,f1xw7jxdldohcdu4ec4a5mcnbtvutyjptawojmuzy,""
1932294,f1vxjej6gxcq5ru7py5e3jebidbchjq6bovlh5o4i,""
1933758,f12jaggc3rxyfesg2ruoxc3qwz5rgl5fn7qhrig6q,""
1933832,f1xuzvml2tjrpfdbwiqkwui5gs5peyl2tiphteebq,""
1933924,f1qhqebwgyyoojfpgeeiyjhgrsdustakltpvs26li,""
1934115,f1upoqjjco3fyt2g3j35hhn2zdfak32jqavwbtyvi,""
1934135,f1r6gtghlp35umnm2hionmzw236ubvmtue6jkz2bq,""
1934150,f16uz2qjbjjb57map6fmdq6bfy7p4bnzatwvodacq,""
1934170,f1au3nipqjprr5xp2mwsarr7obvpx2dwy4is6qn4y,""
1934389,f1k6ljpxnzmphp63gqjrvvuysn3ihqwcgl6m5ixaa,""
1934808,f1k57wybt6qtac5xo5tezgzoxfhgeyu4kkklilvwq,""
1935137,f1jxcq5lm4du5ktt5szlc5wye4udzivaqvswhm6kq,""
19358,f3uvwjknloel3zcmjrgrbmgqwp3c32l7b7tyoqj7p7njb3c2xmex6dh2jzz45a6smzqvhw53nbng2zn2p7ciza,""
1935876,f1a3lrkppfqf6qnlxcw5acy55dwiyctxrqgw7epwy,""
1936149,f1yuluubuaqzw5mgb56b7pzopzeg3xxavjuxlg7zq,""
1936222,f1nogkmuvuwkgdbbepwztm5mwmw6muhecom6ilyyi,""
1936354,f1dj23xokyovdqnbgx3nis3ygk73szanzlwb2kduy,""
1936533,f1jagtw7mxrpktp7y2tdaop7zu57fnjdtlygw6rmi,""
1936560,f1ci4cisghl3tdt365axgmg4hjh2q6qm7skl6ijdy,""
1936823,f13wvg4xve7nz3nev4bi2c7imod7lelstxfwwzjgi,""
1937362,f1ven32f54grpa6pobqal2d6wcqs5bce25swxibdq,""
1937373,f1wti2vbpjg4nmemk4gdooi6ycwicc6todx2gknhi,""
1937484,f1rabmbft72reiqvq4wwda34gi7wpbawevjjtrg7q,""
1937552,f1lbvh2tnpjvr4b6kkmxzrybftf7k7k5426eetzji,""
1937568,f14aihtnsx6armxd6v3z7rswkkk4kzdgndfe62gsy,""
1938396,f13fjnwckkgnkbpapcmnpupbdf4ohduomdso4eqga,""
1938462,f177s2b6rpxe4mwmvayj6tekjdzfsertii7oyg5qq,""
1938503,f1q6nz6hvnif6uakrebwyio74b5ggfhgvn4jqz7tq,""
1939275,f1slxb33v64fup47qjda6xuoc4q7iq6uo7wwierxy,""
1939699,f1zmmbesosi5clwe4nj2q6oju22j2fw3nx2hcn25a,""
1939751,f3qxs2geo3isx4x2friom36g2wtaqd2xvrphahvlk7tvd4pf2iseppieplcjbnmr533drexe3vpjzlhxt2hp3a,""
1939847,f1qzrv37k4ea2dudbv3tvk7sndw23ykymburjo5xi,""
1940151,f153psnesxjcburo7fz43szsdwkhu7neb5ctph2di,""
1940190,f3uzribop47n72xz73eh67unyffxyp66zosehnbo2jvocrwa6hhwwmnsfiy3ziipgc72zkmba5xuuewlywgffq,""
1940227,f3v4cexkndxc33pbvwiyih4hnt7jfpxcmywbsxn63aagclhwuf3oz7qe5a4o4agqv55dklnukv57yu6ra5fwna,""
1940441,f1gk7n4ckn23ix2bu7q6qtas6eayambn57ass2zfq,""
1940517,f3rm7hrijz2l3qth6nihxlf2no3so55vsb2dwcplwxwm7e6szwlx3on7fjerzomdinuitldmyngwlzxtz33vnq,""
1940667,f173hsbasxc44gy3dwbuauwvhthjxtjyl6f7ozdli,""
1940691,f1xskwjewhafb6db23zrhh2uok4kxitcr47acwhgi,""
1940930,f2ldxnlo7st7qhvdc2lp3pgxku2bfaitisrcd347q,""
1940945,f1jeautnpgr6js6uqtm4aa6mf6dvhn3unbdcvpbpy,""
1941015,f1fsoyq7oiwdaapagpnlncbohkrkzolxxzkex6hxq,""
1941176,f1mdtea25yrt667grbksrgdpuzyfpuzum53p7osfq,""
1941180,f3rpropimiiscn6artgnzhg4h5hj735ada6iqkvsovmtr3hpoqnl3p6xiqw6u6hh74qzd27pgabpgv5ahkx4ma,""
1941183,f1itrbkc7i4u2p46pb6ugv3bmz6zmdjvelpmf6vqi,""
1941184,f1ua4eolclcnc2pzp4tsqodey3rwbjz46slb6e3nq,""
1941185,f1ivqeb3laht7eqlehxrtelfcedje7h6g57dwtliq,""
1941186,f1vm5pdhzt5bx55xuywtqlx3j2qwllzh4mmnuel5i,""
1941237,f1gt3lmd64eeknyuf7pkdsyzj57bxbaq4oa3lvjla,""
1941329,f1xi564ajokw3ocdn2kslwvwhzvvusqyijinvau7i,""
1941442,f1v3n34don6dpweqinlzrybulnd4cxnspzudm3dli,""
1941495,f1uone4jaz47uoxnevozdt5vmzb4552tqaafzaumq,""
1941557,f1dan5lym3xt227icas7w7w6k3yoinparizf57k4i,""
1941584,f144enqwirwpkuejtualnufhzlnsehbe5qcdvkp5a,""
1941661,f1ebljmrw37nj7xlewyylrxu52bql7crcbu7vvemy,""
1941684,f1uxduwbbtky6pij7xmoggc2kutxzbfqmc4oubbby,""
1941690,f1wy5hcnn5vyms5s6qt7cpo5lyoubnvpnljdrvz6q,""
1941719,f1w6onlcftibliyk23nksiyoytmwkc6a6ircqpcky,""
1941751,f1mk3hqhtvct3yedbw3ordv37oonrcurdmldt3mmi,""
1942065,f3qdjrhb26rwhllomxmbx5hnlephwkq6ax6as5lxmd3nv7xnzsybarq6arrrqrbm5dagcq5nx2kqgwb7plww4q,""
1942127,f1pngjzjegktayrs6sqb44e55ciifgngx4xh3mvla,""
1942130,f1k7o76avapwoap5tce5ywbktwlgnroqktfg2sjii,""
1942275,f1rvgeeucda3v3vnv4sdtxh27rysygrpq2ebsstuy,""
1942427,f1fdgy4o2hktzhvs4rc242wewj4uhvpnmsrzvau2q,""
1942465,f1h3kahzzjhgjqeuwenzebcsnjbs2by4ge7gte4zi,""
1942811,f3wdjvqr5sclejd4r4pkuxymj4gcnxda5ttupkblwk5zgp7fdvkfk6cap2cj2vgs6qbh43dpwrli47aebaocxa,""
1943161,f1gpesrk6q7gscjjaypmjfxroih7xxire4jojbuma,""
1943349,f1bstbq5bi72kyovhh7zoo2f6l6uivsjz4ey5dnqq,""
1943355,f1x4jjrsot2gevrxiqwgzgjh7kzh6c6kv3kkuyv6a,""
1943374,f1aptusjean3tderq6ci3dey54pl7zal54wfjc65y,""
1943490,f1g6kef5vs57di4uu6o6hj6vz35wnbqbhrnnz5kuq,""
1943532,f1t3buz7oqz4fktpthqe43vauhzlnuztpgm3iyhbi,""
1943703,f1debmp4kudblzzh2fev52rty2zyrkhf3yqt4psmq,""
1943714,f1vreeuibpw5pvlxlcepmhljyjsqbgpcbaxe3quuy,""
1943861,f3sxxqxmkwi6v2pokqsc2wo7zr4xs6nyz7ykuvwlqx7hm5b4dfo2zlczmkgxa4zdcxzyw3in352jtuxirt3ftq,""
1943878,f3tfcxnqiki7djkqqalnn5nqkp2lkd2neuwtoqelxhze5yt5ga7fmj2sco4yqd553pldvkhsewizzgtwkgshfa,""
1943879,f3qai3tpkdk5lqyomze27s72e2nvkhipwyug3dr5iwpk3uzvhpo55oc7us5unoj5oh26or4tktivx62xng3qda,""
1943971,f1ggt23hnsr5kbum5obqniux4uocvmkixq22pzcny,""
1944157,f1yqnodzmcavfntjez4or2jmbta54zjasouo3eylq,""
1944211,f1mgvvj45ce5i3ikpyixtubqzcytcgmdlwgjldqri,""
1944321,f1txp3fckhmdliatjwyhjhswexg5sxdsjpjana72q,""
1944358,f1f45vqlnoymd2r3rv5oruo3humfid3z6wrl6tqmi,""
1944648,f17l7esem7bvabhzcsoaaxlkkdqukzf4ncj3hbt2i,""
1944828,f1upn4tnxhlu3l5jymtiexvgrgeacuvb3bhummuey,""
1944889,f1d2257vwvs2hhz7yrmx5lj4d7q44otyv5nqurpzi,""
1944891,f1w5gmxyiheu552jkbjhmgxhh7nauvb2sxep3bljy,""
1944898,f1to45dzlvpjzcdot3gfofl4la3u5nj3e5o6j7elq,""
1944912,f16kzs4xiymvou6wp3xplpomtimrhloqf2xmuh36a,""
1944925,f1cq7c4o6ohibwqeyq3wwtp4x5tnikdggb2lc7mmy,""
1945035,f1dncjh6bq7lqrkml5tkjw3kuz2fauzugxh4lkypy,""
1945167,f1csetl7nor3qie2cehx7axf2ai3nedmowj53xwsa,""
1945297,f1rzap6ssv7d7odff4azw7nky6uorn3fy7hyogbey,""
1945350,f1copg5qrg6js7rlz6dlvqbyqfcdgzllnt5vx5rsq,""
1945507,f16y7rzirf5xuhzvunhrcorc657tvekugfjl6c3qq,""
1945519,f15noci262jg4fjmbna6f5vcy3i4l5fqxvinbfbny,""
1945780,f1maztm327vu3w4gvum7lbmohupao6et5s6xjlr2q,""
1945938,f1uo7lqyjyb53gl7gtpyr4bkxzbugix43ybcflaoy,""
1946597,f17mevykuslebvw5x5j7btph4v4xhtn3igdnmwfzi,""
1946653,f1sm4vru5k3jnbg4me7ymo2r2zc3fqc2pu57tuijq,""
1946657,f1a5hvfcefxsakx235s4fmkaut6wruo5lf7ql27gy,""
1947022,f1oftu3uhdilzbqgkraytefzpnr4pnhrzqi3v7s3q,""
1947358,f3scxjx4k2q4gaa4glpzaayjprnhmebhajsavkzcqix3xbvshhlxqouiftzsjo26gakixp3rfb3hdqxmtjou5a,""
1947460,f1ai2kg7eic2fkwjgdzb3xm6bfah5c6l65b5ieamq,""
1947630,f16o7a7abiklmmog7mgqond5xzf764gc4y7up4hdy,""
1947890,f1jbavdgp3nz7vxpycl5amzgjo62rm6y4iguvobai,""
1948099,f1ab74a7oomzk5rhxoiwjqac2fbobdoz34nxkxwua,""
1948229,f1i5joltivqsdpibxlpbzjp334w3jnxrtvddacjsa,""
1948352,f3uju4nrjpk6cjngzglqeaddibxvztvmjpuwpstv77qsmshiinrpcuk5f4f5upwp25u7ket5gwczk4pyhgrxma,""
1948518,f15m6qoqdsh7fn7l5amegshhvwi4gl5alb2eeuz2y,""
1948527,f1ucw52kv3o7ztmikgmc5cdeq6msr5vdmnmeb3c5a,""
1948536,f1cpjril27nptd7qvjy72kpmxboghlkyon2bv5ruq,""
1948911,f1owc72dsmzfn5invpzzbhwe7vmnt2q3snjst5oby,""
1948957,f1m6bvbcawgrxcvyk2tzayt5mplgqs255swwnw6dq,""
1949291,f1k4ljwusrgqbeifkily2noykutbpi3sf77wmk5pq,""
1949931,f3qzcdd33as5aenoeyqljrfj3hcek3eapee6us6ee4gczaek3bprweruvg25tczuyhp2soy4z2xugcvblalycq,""
1950387,f1mwhbg6qfrvdajgileayk525dhnhpvkvaq6byuna,""
1951047,f1srb2g4ngda3y6ycyj6nb242viq43q4ubzv57v7q,""
1951061,f1ndnlirqsifioe5ekiylhwmeqprgcnyoewdcblay,""
1951498,f1gzxyn4tyice3rfba7gbslqn2fhfoqarfqajyt5i,""
1951538,f1kvo4x5hva5vvgfnc6r3glrzt34zq7x3sehlqcxy,""
1951673,f1qdnggnmu7kgxkxpugazdmgouwopqctooi4snona,""
1952209,f14ppsjzzglcoqqjik265ub7il7qt2uydsgosns3a,""
1952539,f1oroa6f2t62vhsx2tqujonx4jidpyrbguvlzlb5a,""
1952819,f14dn4r33t7gybigxqb6g6osdn4dwrr6rb27tdo6a,""
1953410,f1t7hpjyjmlcz7lk2v46zqoyzs3ffiuo2xzr4rerq,""
1955189,f1valqlctgpyzsnkmmmriooda22xt3ksauyxrgmqq,""
1955259,f1xqoxh5e7hycw7fczwrrjazshtblsvojjnxggjgy,""
1955887,f1ieughpsgkdynelb2tipfpuhdvcvltfvsuv54q2q,""
1955923,f1x3l46wota7qq6vdcsamcrcjdp5r7faf4dsn7yhq,""
1956882,f1ktvy56lqhtlo754tcna7sy2iwtvn6saz26wkeya,""
1956969,f1kfiznm4bilwztuyfv4yip5xgjyphwbifqtkfyqq,""
1957630,f1tz26hutytwt45ev2d4r2v47k3aw36gvjv5lgwwa,""
1957874,f1gtou4tdhnlylqhhhpm6isermxyaj3e3j5tc33mq,""
1958118,f1ywn5oozkvq6bcgf775za33f6j4ibuycff2gglfq,""
1958176,f1pbm4dki5dlud5yrqbcyjg5on2l5n25kudi2trza,""
19587,f13t4qv2lvlwowq67d2txl7auiddhlppca3nw5yxa,""
1961297,f1z33iakq6o7bkzcsjvegr5boysurgfkz7flv7uki,""
1962472,f1wujkbdts52nhwge6vklztd4lx7awvh4x3bbewzi,""
1963912,f1defjboktfbvy7swg5ajrj4d6j7gcf6zvi5rjptq,""
1963990,f1qfczv4ybluy5agjuqodx3ebmawlczlos5bopzfa,""
1964004,f1akh4pno7fkrhgixymrlzbfrnulbbe55ldexa6qi,""
1964164,f155v4zwzgyt23qttdga7ekdqyag6gxgpgtvrzcfa,""
1964269,f1buggympzukugmr5weqiufqpi3ai62qyho7clwdy,""
1965238,f1j43vxmv63ghh7g773h4fqdy3rqfymnxo22bh2ii,""
1965327,f1rtvg6dhiko5gmuay62z7p5xgvxdc22am6ck73ly,""
1965479,f125etaoddfrgqutzwvbfpm2nfa6qtwjdrhjmjgvy,""
1965532,f3ratr7cmhlzjodcrwa2rqb56rtvg4dkqsc2naaeoaghlqc45zoyj6gdht6653vcdnvq6omw3fgrajuq45grfa,""
1965744,f1eb3rgt32ybgx7sr32q3z3elrpsaop3e4467oolq,""
1965761,f1o2ztrv6cq3rd7d4pwgoez4fm5edtlnoknblpt3a,""
1965973,f1x62vzngkzabqu5wsspwsuxg5ogtbgp3jf7s5tmq,""
1966373,f3vgbksz76yqg2qlrad7aeua5z3zkjjo2yswfc6qp33rm7iwit443fvwx55a2jyy4tap54r7gqm3ytradtmdjq,""
1966506,f1qreowipcbjnfjrpjxbyqnskhgxwbady7nx72o6q,""
1966630,f1mnpru4wat4fetgyyepf46pssnbx2yzn7ekqwika,""
1966871,f1wlbcg6xbwpjswonqcp2rwsbuaam4lrgyg52xefq,""
19669,f1arlxnqbq2bpyw7wzcz7stnsr4v24xuwaj7p2uhq,""
1967086,f1gyrwsai6x3uvvr5ff3i7d27jhzgyirpvgpakyvi,""
1967251,f1ywsa3khncssqxgr7ompkhgopsnnqyjt6fefgyaa,""
1967389,f16dwwpp6xmmpxz247mzab7tjtciruwai5wpoyxmq,""
1967761,f1tmgsuko5ll2xq2zcxetgfu2kshegrfw67bbdzcq,""
19680,f1ysz5qcnhzc7cdhskw5ztvita3ag5qqte36ws6ba,""
1968227,f144lfga6fmfeklx3wxxpsmv3z6hkhj4e2o65homq,""
19684,f1knbd4nnpdo6omjuvkn5gyz2x4ehz67e76ahfb7a,""
1968671,f1nirjx72y5ozerb4n7bmkguvwxyaxmpl7fij54py,""
1969022,f1nd5p5a7punhrqqmzgcaeohz7f57fvxswiqg7wyy,""
1969853,f1nvfeemquoxfqrr6f465sphafdbpeaymssb2ji4i,""
1970428,f1734gmowua5j35eyfsdpyqgp5dewfz5zjbuzrgua,""
1970850,f1nl6je6pvsotwdlo4urnzn6wsewtrmnjp7rpj7ma,""
1971226,f1vd2kmow2ms6bcd2o2wsa47cumzxwsxuuox63wuq,""
1972207,f1dob4zdjy6b3iinf6evbqzxf6nwgnftcksewabxq,""
1972237,f1og4w45u6mvh6b5aqm4wcbct3p4auij2muuohyia,""
1972254,f1y6hlcjweffnnjkmhetjzlhvw3x6j3fnyex3xcba,""
1972306,f1yspqn6iu5hjij2m3ucp6wnkyb3sagtoealpvzhq,""
1972309,f1nmccvqvv6bsxkqoa6s5nizif2t5g34kqxcyeyhq,""
1972571,f12jqp3z3kh47xmbzre4vauxq532t6n5oceexac4a,""
1972574,f1r7jgp4cfgnhmcbl2eppbsv5efjnmmccfbchyesq,""
1972749,f1uzzjdd5nfwlo5rz6e3owsrqsliv3w6tf25ks5hy,""
1972759,f1qvwkj3lvqk3qh42pj6g2jcehhkeoillc7uea32a,""
1972771,f1463vacc24jvekivhww7ra2dz4coifvkoob4l6py,""
1972773,f1nyllpc6mxc4sdqfgcny75e2lv7onr4qw5p7h44y,""
1972983,f14wgemfhmug5h5q5k2reidi3tblg26nu4xvsyy3q,""
1973010,f1iqzddxjrbekqta5tcxlozse243iovr4f43aobxa,""
1973453,f12k5kukgldua3ag5kzdhi27bxy52cvwf4kn7phfy,""
1973609,f1qf3h3pqz7lu7yuxqed6g4qbeydaof2d63gm4z6q,""
1973812,f1n3aus5v4ui3jrvbqrhqqko7ao6per2ilnwfjxjy,""
1973862,f3qg3jmlt4t3mt2vzhgethankd3bk5qakv4war3su33xaarrkbyacsct5bc4xbarbtgidymdrsodb6me5ho4ea,""
1974444,f1opk2y5ep4jcsthsr7fy64z6qxe5hxovxtt6istq,""
1974475,f1ggwgk3no44zpalscft22cfzdsirzmhojzmfsu7i,""
1974601,f14uhjnqrocqcenbjfaergw2uvaimysi4snv2oepy,""
1974645,f1zgrnspa2b5vv5wvjkrd72ebxphdwbav56lxo4oa,""
1974716,f1sejgqbuwsf74qifuxqykwotyu5aswuwhubxghqa,""
1974717,f1bycr5r3ymkgqvkuxoemgsmnuawyawptwj44mqdi,""
1974764,f1mhjp3hfqzgitmr44erfs46qrrofpp2ksf2yehxi,""
1974924,f1mbvj4ey7wppmh6jjpntagc3vpgtxynpflydfima,""
1975356,f1utaos4kjh4lbywmvgrfy3nx5ts3c7dxq3nmvwua,""
1975371,f1zirctywra4s7rblvbmhzzjg6znzjqwb2luxhhlq,""
1975665,f1qv4a2uxsldzxq5kebmbxbgdw4idrkqcutilq7xy,""
1980913,f1p643cvpsvgy3zvwgjuij3kijdsb2umodvnrpgey,""
1980914,f1s72ymkzujzb5hnxfaqkgekn37nbisu4pc26eh3i,""
1980990,f13lqyp2whkncrqx32mi2lxibscwurztn5w4ts37y,""
1980993,f14kpqkcnwakfwwy3m2olconcttwv4nh7vec6clji,""
1981070,f1bvlifue4nucdljqbcayi7i3ep535y3rackexiyy,""
1981134,f3wttbhedkynhjjqugguahja4zq5ers7cmj7mz4hzixk6usyusjpk4lokyjadnjy4cc4gqmpa6l27jeduv3j6q,""
1981247,f1wcxjrlbj4vhk325q5qcjca6rciq6nr637diiw5i,""
1981292,f1rovtu5m3gq7q5vu4kfh4oiiif643gqq7voi4ida,""
1981604,f3sc4z7auvcz73ioxzj5alekspzvnrcxru7cfnkph7xi7nnhd4ufooqsvtjymmdivqzidg2zjgf5vnsp3fdbdq,""
1981679,f1txoa2y643i7zguyorpahfzo74d2zmin6kw54bpi,""
1981702,f156pj6fm7ndebnrfkgbrk4r6aycbmm5xjo4ioccy,""
1982040,f1j22hqwh5tijbaztl7a7plzk5q2s4cesd67nyv3a,""
1982219,f1vnfbc3siofrens2inl66gjzevqrto5wlsray6gy,""
1982609,f3v3swnewvetwl4bcxsny4njgtaqpj7yuigjs4dzwfm6mewaeestri2uulwc3h3anh25kqnk2zgaqa6sqwsk5q,""
1983410,f1rr4fc7nbiyz7mig563pw4qdd3vv7tbnrxbuvbda,""
1984184,f1sr6pdwe2rsxqal2yi2acqak3qzttjqetz7eo4ra,""
1984524,f1jzcp2hpfnb3yc3m6hpgaai6eyhbfj62qzoltnfy,""
1984555,f1sffbmjyfnz5jbsej23syerh6ubjcfmk4hd34zpi,""
1984626,f1kdm7yvugmugkianj2xlcunnck22lgezkaptbuyi,""
1984645,f1imiomfkdnrnu4g6lykbyzmepbvsnbta44jylfla,""
1984693,f15ghjf5pyqnsfgc2rdovno5jwjofoebsqdidi5bq,""
1984832,f13dwvmc6st6ulv4elm5gamo3xrybgp4hdqmdziei,""
1984836,f1i5max4sc4vyqwiudt7hvhog3n76pnvz7tghbpda,""
1984873,f1cdnfoabrboymgrlwlyrcwdfcw6ehu6rszy3s7xi,""
1984874,f1fiks625q2hxhzzg6rynqgkkrbdjvjul2sb6nmoa,""
1984875,f1z6m2dwhyawxm3fen5hj3xznabwevycx7fonhsfq,""
1985434,f1gyakmbtzul66dfllleui5i5f5o64gz4f6kug52y,""
1985575,f1jkf2e4ljhym3yaxdlq5cvqctpfsvecrklnsubjy,""
1985585,f13yt2tdceufa4moywlszvxxstzcyc6pl2a2kqwvi,""
1985642,f1wj736fmm23g3qzibmrbrzvtc46zwpfedh7gb27q,""
1985682,f1gdesul7rjuv5uyxanyhtphz6n2vee7igdyax7ia,""
1985702,f1yaaop4hjt7avam4fb2bznigsciobuukc2skyafq,""
1985718,f1icuxjq7zxoh7hyvodr7acywk4rymdehwkgpcg7y,""
1985779,f1sqyxxs7avtebupfm7mhcxufknggvuwcg6qfptya,""
1985783,f1nj6eftkkyn3powrh3rtdznaufjmo5vsmn6vswkq,""
1985891,f1xxsgv4rojysunaqenekoogyutb54sqbbxukn77y,""
1986242,f1wgijz5c25j6n4fvdwwvf3ggj4htbt7qgpj7zj6q,""
1986434,f3snxwebrmbdjhy2qyf6e2jiett7wdsra5h3ljgkhhhngopeuvtnzbbcrtnxswynyrauhlcw44r7lkxhnfcfba,""
1986463,f1iz7b6oxi72s2j6f6xjkc7govrcwtko7lna2wjyq,""
1986465,f1axtj4vjlsf5buf2qcn4kkqrpdcgrqk4exxxsury,""
1986499,f15a6xzp6f62nwtrv5hpgzt4evxpkfyuzrxclwufa,""
1986527,f1gbpbro33ykz5acviftfcihtojatdpujzjsooucy,""
1986652,f1jhmek35nktz6erq6vgk3fc3eyxg5ock5q73nubi,""
1986836,f1j2yfkrh7dsglj54eurkp2ykjqqwgzlp5jyyufki,""
1986858,f1tfxuwt2akoyizqpu64oy3k36lz77nfkfelt3tmy,""
1986859,f1qwhdzl4c5mredljdi22npsqd4aoh4b5ehqacdfa,""
1986884,f1ka66piios6kglll2ace2amu26kxl4m4rgh5m56q,""
1986979,f1m54rlpqha44mgfm3oa4nxc3exmq3k5azn7cv7fi,""
1987033,f1k37infs5f46pxgmkmg7o43ykpxfhot743w2ar5q,""
1987162,f1zr2eguohkomduhysirnmfvm62iguddx2vtg5ggi,""
1987164,f1yzxd73beyf7e4z4fus7npmdjfrj7v2dnei2mpxq,""
1987165,f1332zgl56abxz6nvflhh7hy3zoyqezgae4zwwkjy,""
1987167,f1kkrvfv5v7i4h3oegiryd746hrkyeg2ppzmeoq6q,""
1987168,f1s6b46moztos3ykpt4klku2pwei4mzitixwrqadq,""
1987169,f1pswas5cfs65jdobkuguxkiqndemapofqgcsromy,""
1987325,f1fs2rynivh2jeywfkkwiasdzmjsc2cdtmu3zuzfi,""
1987436,f1ontamho7qdatmyl3jyyy6glr6toirsy6oxaqrbq,""
1987477,f1nn5ocwfcwotrtr4wjzy7fwfqeid23vl2cshprea,""
1987786,f1qavvbrfn2q3l4eyb73ku5xjgy3x2lettilsjlzq,""
1987838,f1mmtovvurlhcvfmqbww6nzwwrse3cljccjmdftki,""
1987869,f12gqjwvoff6utwtkro7vs5hd6izjcc2vdx26g7tq,""
1987987,f144buu47jaf5y34zun56qi4l4a2k6g6y2ghjamyq,""
1988540,f3unx4wnapqhxmwvmfeeptprdqalgpbjuypkvypgkxvqqphhd6x2ybtbv5bvqxt3zwtme7hjdgckxlb25atiaq,""
1988575,f1j2u7ryypwbtv2r4xdycxu3psctqp4hgzug4ixla,""
1988795,f142gswwplxoeq6m7cyhia3uwfucj7tfc5aeyfjia,""
1989065,f137swsfwiq33bp3ccftb3335q63bpayyliwbuc3a,""
1989121,f1ed7vkc4uqrjlj4pzoo7pdytlbh6wphleptud2ji,""
1989200,f1hajlaqulue6oiqzsdz4zivg56yduuqiuaaiq5mq,""
1989944,f1u2mnrwppdrcqru54vc2alf5rlch3k4hnp75mqzq,""
1990040,f1wbzse6dgtvijsekzq4blxwgovx5ocq2w3dhdywi,""
1990536,f1de4p54dgtlms5ldkjmitf5caafhov4i6vxtfmca,""
1990679,f1cthhgaakh7xqpnmyldi6p7jnug2j5xqy462tofy,""
1991391,f14cdn74fvwcniq5b3y7fbwmh4adrq5akjowwh73a,""
1992329,f1vkni2dn33rlmserxzrlv6a2ucetabtn47rv6oxi,""
1992496,f15wvolcez7p7xksetnnv5zf7ewu3xjrssuzz3zii,""
1992623,f1s3vgu2mdpdonfdyiyly3jeo4qwygi3xivvc6ceq,""
1992627,f1y4xl2djqvoxxhsircvrqxvow77wd3adthtb24dq,""
1992841,f1xqb3hq2ffrngx66ggeh33a4ablylk7saancd2nq,""
1992879,f1dcjn2qk4jsnjfdaavsdle5ydkufuxws767zarfi,""
1993419,f1i2igpiu5nlmcjbo2tyrcd5w7kdgtlgif2bb6vka,""
1993430,f1gk6ku7nkvip3upyzdit4tznerqba2ty7a2yss6y,""
1993455,f1umk527ykkn2wseacykkukeyeltwp6bprtb46e6i,""
1993555,f1qenz74ce3y4dlql4gwaqxqdziwr47uowht7e4cy,""
1993594,f16wxlzjjz3fxkkuifum2kw7nnp5artwczfciy6ry,""
1993597,f166erfrtv2iggppt4mmr7rykcxrz5pkzrcv5a7ry,""
1994024,f1lieed5tmnf6veepapaknygtz3fjpnv5n6tre3jy,""
1994528,f1dfwygbsh37dexbxa4y7hmlhfva3zpt43xcnhgty,""
1995046,f1zxzar2dhrytdrwepzycyo7itwq7fiuhed5ywmia,""
1996948,f1gqhblfupimeeasn2vuoyopfefphfw2cmmgrlwuq,""
1996950,f1tpy6sjkquvbnimibh7wq25q77atb4i337mpqqaa,""
1997265,f1hbs533fic2r5ezpsjfwjx43il4htwcm62qy2iei,""
1997376,f1udc5qqsg6wjwu4rx2wbvqzvjz4mgonewuf3p43q,""
1997810,f1jqrcpugschakigqqvivbk3mfr6hx6jkf42kyqya,""
1997841,f166zg64m7574czxy2cf2klerizdmailya73qgj5q,""
1998076,f14by7llmdsnpyift4dp7tmjlkw3eik2b3h3u6rfq,""
1998079,f1ikejrlhwsr2h5zajdhaf57rd24jghrryrn44pbi,""
1998098,f13rztiaaqxe3ze7dzuuntaqdw6o3pakc4ppxheiy,""
1998582,f15fz3zdaadwjatyg7nyzqui3773q6zwjju6gs3lq,""
1998594,f1qn5qfjh3fhn2zrgte3mlgqplaggzfemeeb7zlsy,""
1998638,f1bqhekdcmuqgnajsdkvmhqefaj7jexnob565rzya,""
1998923,f1jb32pfppwd66cctgarbjfq2bg7kvqjsxbcrreda,""
1998998,f3wxle2afa4ov3zh6blop43oppmoz3o5wbxuch3rbhguqlsbzlnpapu64b3lhmts2ha5hn6holobzffnj6y24a,""
1999075,f1ewvlonhvzu2d377z3dvzo5wk4dh3rkccp6j234q,""
1999116,f1lgbffxfxen7ok2cgkhscgqhcynzxkapj7opofsa,""
1999562,f1m7kvgdyq5ej7uqs63yx7es66vp2gjb2iqi2kdly,""
1999816,f1fmcgclzh7m7pmi3i7qgz3ujpsv5ml5uhhpjeogy,""
1999993,f1wsjnrkepoo5fwv64bt7jjr3liq3eln3dm4k5c4y,""
2000772,f1ixewyjqko3tybl5ik32gojfyz3g7xvuc7tdryuq,""
2001512,f1hhibqizxtyr7ctnma2kjnjyon7zcrbgps572s4y,""
2001577,f3sdu7c4hkqrr6nejb7obawtnrexdfxcxaepxnui6zqzsgqv6dtd7vyklyzuetfcdqsrp3heey7tculohkdsqq,""
2001611,f3wptlxr7bsqomuvmdlpe72qyylr3hwxyo6s2xfp2djgq5qwlff7zg7i3xdhrbguakwxenf54szsicwdb4pmoa,""
2002177,f13rci4xgel7bal6nwneosau2szuqsmixm3mjbkpy,""
2002405,f1zwqkfljcsal74irleiia2yqeq6qcdfngqpfxpyy,""
2002486,f12kqklrti2vzwwffdvmfegv4bdwit4gumnimxg3y,""
2003085,f1jpvx2qvvgil7gowa5pkxjtueeau3zwkoknjwtsi,""
2003261,f1y7xuips2dh6mttwhfgh7ahpqthsmt4zy4tjiduy,""
2003794,f1ic2qpaljn6wn6cezgds4bmncpjjgbea7kgzvgea,""
2004595,f1obi347tku3szvhc5txdus7fzdv2owemxaivonpi,""
2004989,f17aq5q2wzmgmau3cub64tnet3xn4ldzlr4bgrh6i,""
2005229,f1qpdwt2f2fse74nl5wi27uk5jcyqqqyil47yqt7i,""
2005266,f1gshltapuxqyhmyzq3mfxpsi6abqwkb55p374rny,""
2005295,f16efumcgpjamyhfrflxsu2brd7wrhniqwqssfpzq,""
2005299,f15nhptyoatd36b6oa3maw53brb5amkdxjkpxt3ha,""
2005305,f1px4vu4r5nvtiz6y774b7gjshmgy643jgtztw4wa,""
2005507,f1kh7vqg4dcdtkwugc5wgd4vuitixiy7e6ugnalmy,""
2006097,f1o3c4uaoioq6xwzqrvdw2juzps3eyujbtys2mvpq,""
2006102,f1c7ezgelfakzzhnxywmi5mcd7iuck3yymftau2ky,""
2006103,f1u7l2fksfm6hoqcdss4yabrg2l52hx55vcnc7hiq,""
2006149,f1ksvgmebn3a2v4h5pglgu5cb5moobm7xknylsvui,""
2006892,f1qfkxziza6h5y5vbieuwgkmcc4heknclski3pplq,""
2006894,f1dmjsw3otkvkh6sy3hygy6ebgs43o3i74qyg52gq,""
2006914,f1o33qt4544kyv77tvta4lrryuh26doyxr7fm7qxy,""
2007260,f1yegk5pcziznjqueg2vmja4hnwdyxysmclpl65oq,""
2007464,f1scu7dlpk5ipjpa7frw6dksdyfrl66z2pfrb32wi,""
2009193,f1segglryjbhx3v2ye6rxlwovj2wfcesx3rwojyxa,""
2009280,f1eddcz7atwkgy7iq3bg3q4cu43xgrln343dzjchi,""
2009588,f1v4jt6gssxwf6oafe4muelr3sv6szzoqezwumhtq,""
2010258,f1wsuzap5fizuopwmzpblkidhuhe5ckinepioifpy,""
2010311,f1gcev7hvlwigok6mc74lwd6jsdpr3gbpbwbskacy,""
2010315,f1q6rat3ob7c56ea4hghcj7fkgmjvmqo2lammjxvy,""
2010430,f1ojiggunuyo6vnqzdq4ameg2zxs3pvvd3z5bxqwy,""
2010433,f17nerghj2kmg7b4e6asft3xexga5qbzbqe3hi4gy,""
2010434,f1bliocymkeatgincf5galzxpfur7lvsmavevahay,""
2010517,f1ay7rdujbvpdogun3xjeaueds4uigi76moxgzhky,""
2010789,f1ewqp4qhveyb6yviag72solbqpxjq6dj77q3dkby,""
2010807,f1nh77gas227kn3mprrcbpou5wwkfb4n52vemgpta,""
2010854,f1oajib3g6npbw6jl4rqrhq5sr5i4kmxrdtjmjx6a,""
2011084,f1jqwvnzvskqd3zxcxo4qibm7fjatwf6clmkjivqq,""
2011148,f1py7j7xzif3scjzc2wpq6qv7dor5azustw6anjya,""
2011204,f1dxad75jyyqlemexfwbvhbnwundz4sxeu2dza6gi,""
2011705,f1pvixpahnuxfjp73ojo43oax5asoopobyqu4hmea,""
2011750,f1rppvqgbrdt2kyyumsq4niova7rtzht6ehlzvx4i,""
2011870,f1terdmbfjdrpwih67jxx5bnltyocvnf5qviww3sa,""
2011958,f1dbbpcmzeehqlgveq2a5oz5jejqa7a7lgsohfkea,""
2012644,f1dcfzsv3my2yrfs6fwyg4k6ll6pzsomawm7lil2y,""
2012882,f1r2jsc4so4ltixkxkmfihjcxeg5aimrqbmd5w6pi,""
2013242,f1bkwrql4r7giesbigx3caos2aud5pp6lwx5kuh3a,""
2013458,f1vdh5gjmhpxj4dsu642y76xvqkneqs5a35advxgq,""
2014189,f12cm6dpiw5jfo6zkyrhgd7vavpcgyuf77ut6zmfi,""
2014203,f3xb3pxbud4d7enu7qz5qeoe5hw5v2tvqut7765xf4sdrrbi4mcfyp6ruvsb6tnmoyd4rhcr4fepqmbq6gu7ca,""
2014511,f1nulrxehgigkws7imy4u66svx3kgdeigkdixeyhy,""
2017338,f1ciutq23vdpssb7q5zgtqsswemtieuh2g53vz5wy,""
2018187,f3samql4jpp4u3swrkvxkw7sgpycsmfxpijhh677md2c4uliov6sxdu2bjlmdseqayuzfmhu35ntrcfif5ejga,""
2019067,f1pzg2c56hpi5vu4ayyqarw26rp4jopzysdcdyukq,""
2019857,f1mgrnffmyrjhkywrbxoay6hkmhiy45yqsujqzthq,""
2020451,f1ivgejbyt5svoi32qstdqro3i6ghcykwmwkequjy,""
2020520,f13ixuwt5ceamqucmuoetcclg3jtj2v5rno5nbblq,""
2020717,f1imhza75ey4gt3jn4xeqwsn57kr3vt64yc2u2fti,""
2020784,f1vurpgwsgteoi5ipdjf5akpvxrz7zvs7zm2oplyi,""
2021985,f1lbpitnapdxhyslpauckf6sf7z2wyl562m6ekesy,""
2022263,f1aew5gccv5i7h6kqcmvpfqfxeos4txxo4tjyf3xi,""
2022348,f3ugwuc7jkor2qeqn3jak2pw3how3a4kus32argapxbtlsgo7k72s4n2ynbuhrlersi7ikdbqrreudpkblqaoa,""
2022671,f1wi3q6qyq2iayyxqi2mze36o4c2t6wg67vfup55a,""
2022967,f1bijrzvlxouvqdvtep5t5uodqppbj524vzzdy53i,""
2023281,f1upxztzwkz4ywakl63r2s33aj6q4gxofu2uf7eky,""
2023485,f1lrgeikdm5vs7qhc7s5lhefmdvsv3xmbubvlmwuq,""
2023790,f14fod47jjy2h4k6yum3ayo5jfzbuthup4ijj32xq,""
2024188,f3vhthlykolow5qwoyxssyjvwxufzo3eoos2queex2o3gfmn4aoree4l7zq2zkidpmsvssbhx4olx2igzpszsq,""
2024329,f1hp4wduk3engadojmhpp77vjmepjn6brzew3z56q,""
2024424,f1prodhqvenxkb5lq555ott6hlpqgy23udm26vhdi,""
2024453,f1ts655dy5y6bv4rwus5ainj26ciphbh37eufet7a,""
2024659,f1jptf6ln7cbk6cwznqlj45lk4i3idg5rpqjfrgki,""
2024837,f1qki45tmtqfzcbfcxdptietjzrgab3shad7kihii,""
2025653,f1zer7prtabwpshk4di4aa5qodmt3zhvw54dibsca,""
2025661,f14436fk4nusf5k5ttzpex4r5wrcat4icd5gfdn2y,""
2025768,f1spi644mmon74smpjyn32nxoh55pwkdd2xhtz2eq,""
2025826,f13rjyv6uojeffmzthxdou36gshhq62pgoyz3y4ai,""
2026054,f1ikkftumztbq6uzr2zmguwodzstbtr6jihcoiedy,""
2026234,f16nefjn7qhchsgir6tnkvkzqr46atyu3p6ijyufq,""
2026277,f1wahy3s2njyjnzcz63xqivnrsgnrdts6km4r5bgy,""
2026280,f1ecr5djz7v4lgae67fqrwtn6qkpz2zh2gfop5xci,""
2026296,f15lg5jzhcwdgjtybuvldtixvbfhri3lcu46nqliq,""
2026357,f1ndp7rsl4nvzgtxti4uuoyhvzms6bhulionxekpi,""
2026386,f3vffgzc5cjvkdechv3xx4xokbqn4m3nnhvae2kpskatfs4god3dj5ioemvmnmbuenyf2qpo7wf4qt4uydcyra,""
2026527,f1px4gq7csxy5dmsphrsfaimdj5b3ekfplr6aqthi,""
2026561,f1dzp7uvokhqwtz4o6oeds2gi5st5axchlyxufuma,""
2026686,f1slwocubf2vzys72qjoufkhhnsw2tjqz7mtxpv6i,""
2027165,f1tbgm7baejvc5hmzbbeqnuhe7yq6s4e3dwrlacii,""
2027248,f1ftviasd566ynh36tll62ddj7bsyfkcgj3bbo3ta,""
2027364,f1qewhdeyk7hqlepcvnbedapsvie2p3moo6jmymfa,""
2029020,f17pmnm6ozqinp6ptjdec6xhwa7mqse3uzhwy6hvi,""
2029496,f12fntqthpt5uhevtvnjruepysejkviskqgcr4foy,""
2029662,f1gxm4byh6ge752ggtviyoocsw24osr4afoohuklq,""
2029754,f1ktp3fmcfnt3tjeansazq4ed5qkrs6pbn4lvwgvq,""
2029885,f1kmjnrme567khnfq5fhuz34bzklpxdt6ry3glgeq,""
2029897,f1mm3kui2nv3y3ndrltobqyhf2gw5zxbofempozwq,""
2029903,f3xcvlmdg52n5eag763uto24hpnc4tellsy3bip6txdbtvg4tidy3grydkvwf5f32ng3fecu36fouako5aed7a,""
2029971,f1iuvyayqdif5gya4zlw4joqomn2q5jb3sipfke7q,""
2030430,f3sdqvozebdxpclbn2ug4fzhohbzfwakaj2sov2khkx42l2qmy6xvg7wqsxtygdoawxjkb5hzvctij6bkoy26a,""
2030500,f16jegeis3yc3hyt7c5lza3ifzss2ofop7bz35bvi,""
2030648,f1obfwtrpe42xqgqab5ebdc7kvp4xkof6fzrgcphy,""
2030667,f1pv7jyrvxqljd24xg3dwlajsmzc54g4p5nynbfvq,""
2031033,f1y5g6uqp3xuep4gep25xa54ytmlum33rxjkurety,""
2031177,f1e6n6axry6iybgkqo73ughocrcdrfj6tx353m3wi,""
2031234,f1n36arb7rlf774wuzg35e5vaeedhzfsyjkixbgda,""
2031590,f1vlbxkn6owvyb5e4nxbe72qi634ublu6lvasujwq,""
20319,f17kamajrdzjcjzj6b3y2ovc64kc7qxvkbx2dzvza,""
2032032,f1eubyy3izwwjp6aopl3gvzyndb7c3hw7kyy2o7ty,""
2033195,f3way2fco56em64mhh63nyzogd7bcbi5wolbcccqsrsv4jsl32rmtukrciflxt5bruyvbnfwn45ccz33k7zsua,""
2034136,f1cbbmrjktilonqktqa3avwzfl2r6gznjojwks6wi,""
2034522,f14wtf7z3k3rx4wtb5s24lwafxkfyuyeewyybz7vi,""
2034523,f1p3l3wgnfukemmaupqecwcoqp7fcgjcqgqcq7rja,""
2034681,f1io5k3jwdxaer2nf4rjmslhskbwn3jcrms643omy,""
2034993,f1pakqdbs44c4vue4o527gzwckzn2orczq4d6e2ty,""
2035271,f1frejwasmyel3oay5yemvelva5ydjcgff6u3argq,""
2035501,f1m6trho4k23hkaizdwthyy2rsvkbtwxemas7i6na,""
2035935,f12uzjtcv4rfq32gsnu6mqz4poctiao6olbug43uy,""
2036284,f172ifpx4b2ivjc3mov3busnuzyhqgedqlfqetzfq,""
2036306,f147zdeyrtzh4nvm3svhoxxdybj2osd4r3pr5hzbq,""
2036313,f1x6v5th3nigwwsnpbd73hohwerx6mc25og5cb37i,""
2036330,f1hrhqirk3x2zraemn2d5tes26qywb5craycw3aly,""
2036332,f1u6ewdwqa32bq2gsgrtli452lomonn66xaa52any,""
2036333,f1vjjczm7nqvfkkpbponvvmk4mqdrf7z4e52eil6y,""
2036989,f1epywjw5mm4bihvttndrb35dymznxqpkevbnv36q,""
2037237,f1sberegmhizymu7ec5uewyfnslgnvyveiz424bsq,""
2037598,f1nimmmcvbenxb6by32j2thenv3pc2ebbxuz4zpaa,""
2037722,f1622ljfj6wczt4ge2aerxtcwxo3o72ozbsjyimdq,""
2037822,f1c7krvw6agsag7rp2mfu3zr6bhz5xt5havtqhj7q,""
2038193,f1cju2iyu6dayqtfswx7mylipsoobaujyo6hlx6wq,""
2038351,f1albgsgb7uy3mrnq3hz7ehkwoxzxcryl7hqjok4y,""
2038555,f1k4q7trdvinulqlme4bzrxlmd6b2rbqk6sy2j4qi,""
2038556,f1jr3yfd367csao6k3x27643pnxxrz5cf6l7julmq,""
2038588,f153qu3d3bv2a2imsaicqc37un7krbba7btx73pwq,""
2038595,f1gtdetyxa7kq3nrq6rd7ms6gltk6mwbavpubjiyy,""
2038606,f1edhwfgifichqhz74dri2uh2l2exl6jtpeuuersi,""
2038731,f14psotjqmldi4ni4awj2lc5r3giyz2z3bksizzlq,""
2041769,f1hyif7spofkgpgfwk6y4neqmej6u3mdod6zrimba,""
2041775,f1hx6abbmocragaffomthxant4i6qjm7rx2skm5hq,""
2041776,f1o6rcx5wky2qy54kd6l6l5zj36uq7ahhl2dt7xba,""
2041777,f1kqonnefowhgxxuyd7du3ejl4a6676zznvn4j4rq,""
2041788,f1s74ofww2pfuhllb7v7cvzq6ztlef7iezkyf3tta,""
2041789,f1dtd27m5qlffnd7wqdl5skhnbrlmgdso6hmk5emi,""
2041790,f1tufhpq4g2ua4eawfcwsyksxqpove36ucynci2ni,""
2044495,f12emgi2t4k55ncpnaxop3w6h3uoff4owvqhph2pq,""
2044678,f1jvyqf7n3eywv7en3fcczsnfodiz6cn6p27hupca,""
2045753,f1mifv4bn6tsg6js7l4742nccbo5pdtdpgm2p6d5a,""
2046727,f1qvbe2vppq7jqo3umkl3rnx4uggkxtxi6f7f2zgi,""
2046762,f1rylwniokpxpziavwvtvf7qgbj6p23iqgfu26iea,""
2046763,f1yvbub3wqjcd2bkayk72ace3fopgxog6ix36l7ka,""
2046765,f1z6yigcbg6x7c2o4wasp5vya3jzr63jdjqnzvldi,""
2046973,f1ugrcmyl55wm67t4fd53yhv3tbbfb5pnem6cem5a,""
2047227,f1gkp5flla6zsuluxtbrp2uoasw7oijsfctc5rvgq,""
2047228,f1mqi36xzm63lascshfjrjnsjvdb2bmgxydhksy5y,""
2047229,f1k4ib3zw43dwovm33ndo2y4hkla4cneqprruam5a,""
2047231,f1bckvs7gqtgnjbhkxp7beoqpmdp7noqetycubpgq,""
2047237,f1idqck2hbviikb5xpjmh3l7cposc23igpnd35q7a,""
2047239,f1y44d7jkl7ljgi32kqhsmfodxda5pblvzmlow3ay,""
2047240,f1fh6xy4jjndwjgaey3hoyjsps34hj6de3rvjg27i,""
2047374,f1bh4jjh62buzf6lvlv2gawj74fgzpbusbhbqu2li,""
2047378,f1m2trtgqqcfvsurukeiaq25cxsrycqphi2i5nrui,""
2047400,f1x4nvcin6x5m7dooqmrqvnbynoxkujm6k7bemvya,""
2047527,f1cqt5qyrar2poyhrsjd2kyjjbt2dqeqicnoj6q4a,""
2047767,f15ycczkahr6sbre3ck52cozwrjx6rx6azwi5na4i,""
2047965,f1lmboiot4unlpxsgg424rxntvmq6bhiskebtruta,""
2048079,f1tkglq65bbzi5u4d4ot7losq77tp3oj4wwxq2yba,""
2048851,f1mkrnjftesv72s2g4qehg2bjzr5nfl5pwxfbqc6y,""
2048944,f1es3jnh7ivhvc32s23mro7wuktehjkxlc7yjac6a,""
2049082,f3ukxclzqvz2yid6jh2zupxw7y76jlgft6dnt4c2ucmrrl4q5y55ywiughkj6b74qn2ctchastgmufsmil4pua,""
2049279,f1zfdhno6p6pcf5kyvkiqcshb3hvpc2cg572sadka,""
2049321,f3uibvcmsktzb2eym2ckozvcvyyl5nxca7qhy2zgqbqi3aoilzitrvzht77o7t7csyve2dxozm6rovikrj6vda,""
2049625,f2yk6skf7mpk5mkp3bk5qyy5pmxgic6hfp55z2wcq,""
2050289,f1dq6ac4q2urec5j4ke5bkpxiz5envajvloyy37sy,""
2050475,f1tew3ylscr4axsabh6jnvlcuri5opvheakr7ju3q,""
2051361,f1or7he5vpaaqfqtwmg6xv5l4dhw223j4vcyhx43a,""
2051580,f1fd56n6yko244o3eduavmpju5jgc3rm3jmnmabei,""
2051608,f1mshuxqsmbaxtov7akpua76orqthwseotvwfu5ky,""
2051736,f16nzgh2lkx4otq4gd352ddmwqbfwroyem2cg3xtq,""
2052093,f1mmb3lx7lnzkwsvhridvpugnuzo4mq2xjmawvnfi,""
2052547,f13prg74xg56peezyogauhkbomx4x4jzajyczh34q,""
2052551,f1ais6zhflnr5izuabqcibedpvbjcurjzybzcnqpa,""
2052818,f17qyt3ilycitzuvvwhngjf65q74v2m6bv46lxuqq,""
2053043,f1gpxv47prjizihwmwl4qrhrfwx4ythmwcqd3ix5q,""
2053051,f15vyr6e7wuizomrsxbregxwuxmvwrrccjdkkamza,""
2055289,f16xgxvxqh4uly64npes2deyyt43mfynaaemrtkfq,""
2055303,f1xpuyolh6bz4dbm6ozpukakaohbreedevnlbvvwa,""
2055329,f1ezp4w6l2y2oz2nmy4sdegnmxcrphab2jlt5hbla,""
2055509,f1e3y36nrim7lkilguaktqh36vchwagixas4n3nbi,""
2055520,f153ggxyuwhmlyteki2j3zn4fxkz3ypebsdt5tpga,""
2055594,f1l72kz4c5rqqcukgm4yl4ydlrnbwd2wy7a7oqqua,""
2055596,f1fuo45n56dhesso2nyjwjumkxnvehgigrkgrprgq,""
2056762,f1fppo2nhn3zd2zfpa6fdqwuqwlho3nerbkrenquq,""
2056771,f1fpup5kk6ibs2u37vyhmcfwpzkr4axs2mtc534ga,""
2056773,f1rge7ye6y2vvrytjmvr3po7co52wa3oitrucy5sq,""
2056774,f1lqnlm2j64ttld3sicwvh5jm3ctisoghhgu6m2my,""
2056775,f1prfhgkidn3zinxyrjmtke6zxh3xln6mxuc3h4iq,""
2057350,f146dbcnpkwoabe2zu5z67ti3cfltuxxxttvgoxwa,""
2057351,f1w7oommwezzhsyfh4ax7tbtd7zgl6i4m6hvnvd4i,""
2057417,f1zi6orkyfjiq27iiubwag6vf4qbr3gszs3zwu2qi,""
2057451,f1upfcp5lia6rfrbdljm2ppzcwvmllev3bbqfmgly,""
2057490,f1anpyrkoyzqxsv3glkjsvdnyiols7p4cajtwax7a,""
2057819,f1gjimknqxeipu3xacx5bnbldsbwzlgvtf562pnay,""
2057831,f1yi66pjtchell7dlqd4akqb7mvprf4gjbtgamduq,""
2057846,f1bjhjnyu6c5e2fotkocsgfwegqxcrqoisawjoega,""
2057848,f15uyx2wswq5z63u2b5x5xne7bqritue3dxcgnvvy,""
2057935,f1vsm4yuhdt2emj44oct33gvah7nfky6cl4bvbokq,""
2057942,f1d2op7ndmbevlthyonqntkxsg4a47qgliztvhj4i,""
2057946,f1fdall2v6xxtwgohunsybv7kypwoywuzftni5v4q,""
2057947,f1dolkq3bxvdxsvcmdddfb7n62snciur4q2wtmrja,""
2057948,f1diyfoa4c3zy7goknerc4q7ogrq24xlzhoddiqbi,""
2057953,f1fi32zvoljht7ekcepglk7hleg2d3trf7wd7zvdi,""
2057959,f1opjqkoajys7fr4yajwcpj2bhuf4akh4s4ppdjwq,""
2058157,f1k7ahj2wtnto6p2lf6snufd5eqspajusexvicviy,""
2058781,f1h6fsqsxc24rg33vqbqstqy4izvz44tzqr7ooy7y,""
2059041,f1nuohujbh4radxhpo53qk3izzsqfusyn6j2mardq,""
2059051,f1xyrlpfri2eiqgrubksca7djswzprlxfd3jxelqa,""
2059052,f1b4w3dn2c6mvkln72omc6qhj2ze2igm7dxtawmcq,""
2059727,f1c6huyblzf4s42mwxp5g7hlse4vmxeqjxv4idldy,""
2059734,f1udumyw3yjzxuu5co4rateaq6czubrwbyy2t4jiq,""
2059813,f16xlkjp3dcfrsb257duoqfgj7glo2uvvgxyy4gmy,""
2059863,f1zqzieiwqkxaaz53bsrqzkakin7g34k23vrz3ryq,""
2060009,f1phb4y4oxfxmk5uyyqntoo2dbaqwjsszgn6h3rxi,""
2060068,f1pt35xbg63qo4kwomz6monedjst2yqd5pdfw4lpa,""
2060125,f16uhsdnizviohesunv6q7tokphadue34bw4reo2a,""
2060232,f16xlgzogkkd5qm44uftfprkvh44gu4ruo7dmngca,""
2060254,f1et62dno6bauaonhkv5efwgtxrjnxdqhlesewioa,""
2060395,f16ghcd2ovy6pw6usoirm2pqm3igqqs7xbqum3jbq,""
2060396,f1o27reuxezrfhymyt2jbmuxabf3xupkrkzvhfu5i,""
2061508,f1azwcm4mf3auvdu2gzromb2utb5hmqqift3wguei,""
2061668,f3qmo6gqk2mev7aevvxkd72s4tmwhfpqliht65jkf37dvpm2yuce6u5ehobqeiesgkxoznbwqebiup3jivqira,""
2062133,f1roqjd6ycasedmeiy6w37trugq33pr7ajig7qcmq,""
2062395,f1agjtntmhem5sfjhi46wupqj5qfuq345tus2kt5i,""
2062858,f3tgmp2ulp5m3qhvtcfyjndw4ltrpp7ijqjxyirwnmgomeizvj4srdlngpdbk4vg3mlxuaunzn6j3goanakara,""
2063152,f1fipwe3asirtxfhrp6efxgpspjmh7nowsxtdglhq,""
2063173,f1qnltkmsy3u3ewqpu5gtkafau2ir47o56pz27y6i,""
2063175,f1sepnamg7nlvskyopj65a7whgr4zl2kpiybsqy7a,""
2063186,f1nqngcxaslai77fbzxpk2n2ggnltuk7uktgk7cei,""
2063280,f1zz7tilbyzlrrzcgzrac4yuyv6ykxgdc5tfll5ei,""
2063337,f1gdxwhlgds3padyhj7rptu3ujxalu4ejc6tyv5xi,""
2063433,f1xdthegrra3vcj5bygrasp64wl6irpq23lgbwfxa,""
2063612,f145x2c3kyy2xcdcqaarrcgl72wqw4mai6fiyzuby,""
2063637,f1l6mej3lzrkrijwyenosml45vzr3bmlbsbummy5i,""
2063722,f1af2ta5ltzw7bge7qkbzmjfkjks2a6oubgox26rq,""
2063792,f16kg5xcjpuhw2wh7faowryoxprycqhutuxtypcki,""
2064051,f1x2b7gyd4tto43nbu4zac4f4q7doh2wkkhsarj4q,""
2064396,f1kagb474gbrdw3plhvykgv7e2ap4xwxcgg33qpoq,""
2064513,f410fuwayvqaobkdfig3piaesfua7l6vqwgy2wkwilya,""
2064544,f410fctmkzewf2zzeacgnxspspxjetp2xvipmmdwyl3q,""
20646,f3wwoynibkh6ypcz7hwlepzdld3kkobdtbz6bkufrh3jz56ztjog7ysuisn5ykrdegomsetrh6heodbalqslwq,""
2064991,f410f5jy7rxaem4l3rmkmdaafdbwqgsk2bzess6wu5qq,""
2065035,f410fygoyy223dujouvmtktyd7okigffcn7et2wmxr5i,""
2065071,f410fjns5y3nrbf7257eidrpfgcwtz2mvt6whijihv5q,""
2065110,f410fnqocy7tkrlw4l5mdhgjlc4gsiafr7e76yopvo2y,""
2065123,f410fceoya46s542pjntjxs6iau6ep6vpwe6mkw2pirq,""
2065392,f1q5u4g755q3gb7xzczzfqshajhunqrj2uta5iwsi,""
2065958,f1wzqaszcbiuifpejqnlazjgd5iq3itwf3nodkt3q,""
2066000,f1h7fzawspx7pdxasqim4okbb67lmjg7jmoor67ma,""
2066193,f1z4lwby2pemh6zmsi4fhnfibq2qnrh4wyipjdgbq,""
2066225,f1pgjhe5egpian6yjy4oak2s6e2nqdjean663ujxi,""
2066711,f1eones7fij7xhh5c6vfcivywyn6qgbv2fxbfvmni,""
2066872,f17smjrf7wa2iiwbezbdo7pmjcxlexkuulsoilosy,""
2067790,f1eotkofs3ywuqskq5un67hgnpyoznvlvhcqomukq,""
2067823,f1i52wsa5tgh3xktwslesyxodxgednasppq7j3duy,""
2067891,f1veiwzmp46e2zaxk7xw4ii4bqp6fz77hhngp6x3q,""
2068015,f1plmcomoc3at7oztgqtjmy2albklzx6wlzyhdx7q,""
2068047,f12wrjwdrtnte3pebyg3g3fdskjdbif3tgw4dhr6y,""
2069721,f1wrzrvazsylabgkf3eej7qdc66qw62zjdqqhusaq,""
2071888,f1vzmf3p2bz5i2cywaz65ennrnln45tks5dtiaedy,""
2072305,f155s3lh3ag2364broqsbceboo3fjz33ftxsrqowq,""
2073324,f410f7rpxky7jkarwlle4figwhyrqtp5f4ayuahtb6ba,""
2075011,f1fbpvedozoqtijqf4fwkifjhhlg3i2c6twyct2xi,""
2075300,f3vfc5jyisyimkheixlfrmfufgga32s5ialvaddzy72y2xn5hlchs5ebyhikhjpggay3abirg55ftn3cb6dwrq,""
2076070,f3vuvpnfouay4j5fct5byk3hmzvouz3b4ibfuwnkakdiao4otl4pv3lqiyy5qlmptukeon54tq4ukmokryml7a,""
2078336,f1oy7ikce2bznourlfncdjttj2g5d4r65h5746joy,""
2078342,f1i3s72gw7l4mukscbp2ro55u3ydqh47vrjy2hnoy,""
2079383,f3rjc6bevjconncgqiyahx6wgiqcp26hopseaflfnmiryqpz45wegoh6omymdtdmni75qbjo5ufpy4qxm3vg7q,""
207946,f1ea7ztkpzpnyftxjbdmfs6zu46jme77yvzbjlhoa,""
2080931,f1tkizizsc37mz525q2rbgxdq7bhb2skj65ccusda,""
2081703,f1plxjm7w6xiu5x7xqb6k4aysuvwj5qxyogzsy3gy,""
2082562,f3rnyufed7y7zjezaulgnsbxvpmz7n23evq7fynbxxgmgq5icuidxuaol56zym3ubaoh3h52bvnl7lf2w3zjnq,""
2082762,f12mhwvszjzpgu7bya5fjjtlnsnzfdgy7oamccncy,""
2084354,f14t46qjo5n3zso6yeguqrtpfpyjqqzkahlsrdehq,""
2084508,f1aqhtghqfefgw53otssvnrbzowafa76opa3usxri,""
2084556,f1it5bu33xdc2wjt3xhygckvcy3v6iz5f4ojgodii,""
2084787,f3uwycnnopvetbud6herjeeppsk3wtckxdquil2ideowbqpv4ih5yr4i6zv7dyzhp2qd36usefzj2skcgytf5q,""
2084834,f12ainjfg6cpabd7iewkajt7s5ququtbawtawq2aa,""
2085398,f1e2fty5azu3vkmvf5nbn2zoz4axuz7xdo5jxzega,""
2085468,f1szqeu5umnvjjner3bdim6axhp57clfhenlkyp3q,""
2085654,f1fqcvp53xdph7ruo2bckz4ytv25ygjwhwccm4bvi,""
2085938,f1gmkpkvrsxvwveyfe3c3y3xejw6flbdrowc5jv6i,""
2086321,f1nuwp5obqpxunc3uiesahosiqitop62pqwlrgvwy,""
2087331,f1bw37oiqarwddlib4bt7elzwaskql63ffd7zmvki,""
2088731,f16hot3sxrgnfmqluqzx7kq76xo7juyknrrubdp3y,""
2088809,f1lfep3skcfkahiabbjq7atktkwfzqrcwpxrnbyni,""
2089094,f410fuyjmntmxpwldktzosycldaiigqsk3efike5xgpa,""
2089532,f1hjiip3jr6u4a5wgrktfyvgtqrmf3xyxbhpcvbki,""
2089609,f1f4r2ihusmmd2yeic4xvtdp57tdrfsdizkzopo4a,""
2089793,f1grgta7jady2kridlxguavymqzyg6cywn4yeoski,""
2089849,f16hgoyp3dxuo4g44ze5swx3brjzgiaiwttfmnnjy,""
2089929,f1svvtzizjtxsqvofmvif7azvosz4dwzsprzzg52y,""
2089944,f410f2xzjsj35q4n4l7buhmhvz45ks7r6cymtpybqxdq,""
2089946,f1lwd5ch4ugvsqs7thmyrpgup2pbb3q6ffgxz23ay,""
2089956,f14xixe4q2jvq5r2uolnvuhto5hmmwauezxvuqyti,""
2089962,f1ox45ja5qhho4uqq5ew3wyghid65vwczv4d37vmi,""
2090013,f1snn7dmbnjxusfimxyqtdkjbdzkwxvjxihuc2twa,""
2090037,f1vepo4vxfol5uqqbchs4xwggh5sbs44qtajjig2a,""
2090112,f1x5p2rfuulmid2cetef4gkb5usgxjryi32do7nbq,""
2090231,f1hnxat24ss2ionnzru3n6ntj7pmcf5r56lu4oonq,""
2090474,f1tjseop7cfi2re4gtvrd2vdjn7vmiyiezzisbenq,""
2090537,f410fmeqj74zfu5dk4mlevgqoukf77nxpng6mqhyi2by,""
2090659,f3ugiocmlvcaixff6gisjyi3nupy4l6bwlfbrqfe647y3urntcba2quri3v53hie4ad65fuydpiczgz2olgd5a,""
2090928,f1u64lm25avefqpv72m3wp5twgzxrktppjlwemdnq,""
2091042,f3u46ctpffucnzrr3tvhllvzv7o2omppxmwjm2ksk77dpjbe63zg2q7sqf2l6o52gnmoemzntoie5hyzqketxq,""
2091580,f1ebiqj72yzmcqryexc6cwowgb5gwdj4zvmgnqfvi,""
2091703,f1dbdnz74dijcubwxr7gzapicvnsvm4xndiyflpca,""
2091812,f1g45jrmoohcxfmkycpczpswapan4k3scapiriw6y,""
2091853,f1zbktf6qcb44v2qdnqv2yb3py2ysro4g3ebhxnzy,""
2092183,f1zf5xbbslefph4sylln35xq53wnzij3dfruvvaxy,""
2092355,f410fxc7foubp7eomec7rol5c3xxprxqrp3kzbotxfbi,""
2092693,f1opurcuak4ex4itadrilqqlrbs6cvfnf4p4nb66q,""
2092888,f15obg4tpkiai64s2tti7xf2zxfxpxlqswlxqhmiq,""
2092956,f1a6trohs22mcmyqdtixy5jjah4kxslisk6hvd3fi,""
2093000,f1w6iqew74agqasewqandzefwe62hyjy7ikndchzi,""
2093146,f3ugzd7jpqdwelo7jbddfrspw4xpop5ua5paw3evtkbxe6k5viaz3xmbsskcapcd4gpx44ynbtwd6odv4wkcua,""
2093233,f1iar7zazfwyieg5m3rki2pkd5keqp2ksqna2ab6y,""
2093250,f13zrk4biqmbjdg4y2675aoqpb6d3tktjce32346y,""
2093270,f1wse5yem6dsoz2trqr7267kud6idunu6cjheod3a,""
2093432,f410fskm6vskjkirvv2dlsqjc2l34o737nljqcfsu2ji,""
2093475,f1klvzfftijakpujwixvvlagfy6razdat6sjinb2a,""
2093657,f3v3qbt4ryyrr56323prxdkkoe3igjrqj745vwiv4lku7hu4p32w7dftefuhozyfu2uwshsetyx4sn6ouzjuza,""
2094052,f1aud5dbidairkeikw2uas3t2y7ddplcccepoao6i,""
2094281,f17uxxk6ibo4h44yohxj6oappy4on2maygafqp2zi,""
2094395,f1ikatcd4hcoazfew4hqthdqahgc2vcvinbw45xby,""
2094419,f17kj3z6j6nff7susxtdc6o3cb2eastdnzlfszwua,""
2094661,f1itkgdwjhnd3rotrimkhvobwkus2vyqkc2oaulmy,""
2095236,f1jjtc2tdy7svnsaqcgxlauta455iwqjbbjiulddi,""
2095364,f1jmckzpw3exdfnh5eybg66ai6cvmhdiqjtc3y2aa,""
2095387,f16ikrlksinc5o3fvojs6kd7vtkt7xviv3louioji,""
2095390,f1rfrwc22brzxhevucqhgk6h23auennrnphbzs7ri,""
2095538,f1odf5h4nrd3dscjyh5xn6uycmgnjiwzmyxg72mfa,""
2096010,f1z5ykhx7qi2jeukwlve3mu2zbcuzrtewhc3iajmi,""
2097088,f15nikeuukgjpk3rf3ndmxljgroagj52vdgznkcwy,""
2097419,f13pcwq6c3wk7efjtzl7w6cvsggmkmaufs53gnfkq,""
2097488,f1axdzp35hgflqk2fn7pncx5dhm5gk6gz7su6hkwi,""
2097908,f3u6qxmrig6lqmjqbisvuuo5eijapzipisvudxgwqdyc5jzpr7ialuw7s5ci6xawlmkczcgn25ifq527slr5va,""
2098791,f1arnad7bghe6xrnjq2u2npyj6gf2mq2lkstejafa,""
2098873,f1f765xblwrppl6mkn2b6kfzw6qwcngyk5hlhkpby,""
2099146,f1nrgo4swod6inzvr3gaejjzxtey5fwayeywv2b5i,""
2099570,f1pdkgvlokrswpehupn4nokf4aspp3q4erytbt4ri,""
2100381,f1wpl3otf7g2jewwafhyj3xhzffuxbywbseefjmai,""
2100442,f172zurpjgt6a7kgjoka5q3e375zakyihqw5uhdia,""
2100517,f1lbvnyrc2jtvgwrpnkfjpdut6nezg57iq5nycpti,""
2100520,f15fdvvwwjbpbt7vkfjqibtmmg2c6wwkzuzpdkhfa,""
2100521,f1vpsnv6aqsytsvztc6p22mr5yoxkwdylh27yboca,""
2100522,f1bgxaqwgnrkbwe4wheancxkxf532jlgm4a65gh4y,""
2100524,f1xahw2vp3yqdpm72qa5df5to6chdft7rndiphsha,""
2100525,f1j6mcuvkh4zcnboeh3qudpigx4nkehtwjc7oiiiq,""
2100529,f1u3gc4fsh47pvrszv3otngb2t5hm3ycmtx7jxxny,""
2100532,f1tlrfqgjq2k6hhdf54zqkdukttvxejqjeapeymoy,""
2100534,f1nfawocvc2rfca3ze34ujy3f7uv5okbjvydtja2a,""
2100540,f3um5bo2kcikpy62xqihf3guyk3jyz5nar3qlumjvz5syywhibe7ecpxu3rz7lzxh4m2wuimubvjuufoxqxmsa,""
2100549,f147wnixotnvgcjacmwqlhj7qrkb2g2zhcvt3ykwa,""
2100670,f1mrqexd4z6oxrvzeuthlf4n2jf6m64abonhhchya,""
2101141,f2n3wzhod7y7zyhxryahlwesqvshgbvr4d4jxedva,""
2101241,f1fji3yg3t5xyhuzhq34yl7kihbe4jnuyzf55jt7y,""
2101308,f1gvg5jyc44spq3l5nmsmh4rblmnurr2lfds56ysy,""
2101558,f1hbciewgwkj4rizz3nvygoauyuzeynihmzaapvvy,""
2101560,f1gsvxh5lqvayqgaoxkjwie7swc2lgihgdgjdnaca,""
2103822,f1iwxolfevez2m62fwe7i2kxopk5ithmsivmmszky,""
2104443,f1nt3mihrazsft66v6zgcyru2k45i3kjdufwujkia,""
2104757,f1qqedctrek6l23djxjnf3lc4ojegqcxabtgppdla,""
2105063,f1ml4u3hlf53zvq6yuvageowz57lrxgeol24k7ubq,""
2105095,f410f4qgolhrtibb7oqisgqwclj2vhwiaytyssn5pidi,""
2114878,f15dqakgac2j2keky2up6oz2qidxhm3fssqnbghoy,""
2114974,f1ztwfzp7bnjp2f5ms6gwwadmze6jinu3gnssk75a,""
2115041,f1pdzqpndlf7jjfxhmz4xcun7uzsk5qrzlz7fhvda,""
2115153,f13ztsxvp64z32qhi3pf22r4tlib3qczgfetznwdi,""
2117380,f1ms3a7qqubyrovt34jjwhjrh3qvyhlstlxibh3xy,""
2117382,f1c6tart43ygvjzemmsal4pmxpzl7ik2mnydn5epa,""
2117384,f1dsl4vadldbyw32syqpzoqm2t2rax336g6o3jcci,""
2117915,f16p7xve74ufotlj23fo6mdczq7567ybkwojoheji,""
2117972,f1b57icksvfxznxkuhdneomjmzilp7lqrtldbyq4q,""
2117976,f1vj4byadvcfbdamwcqyke6nojww7mcjaflruem4y,""
2118019,f1nxs2obplhgmicjtnvhlqpw2qrsyyicsh6zjwkiy,""
2118078,f1rfpx7q2fwhzbdlto3lmpmoslk4eudwfx7t6nhoq,""
2122219,f1lfndbuqmdjwrzt7d6bpgtvqyyinh4jaqgx3jq6i,""
2122226,f1n55dtvt7ue4ennduxdvmfuimvyf7hkh2gse2vii,""
2122232,f1qz2kurgk4mldvejmu2a7ab4hqm5zm7txg7km6ki,""
2122239,f1y5uv7c3yatos4lqvmzyo7v5tyl2mwgvjat2sxmq,""
2122421,f1ynotqzocbg2mzsnhtie6ozkyzxtkkdj2n3ooily,""
2122422,f17ijtonxrc5kdi25fxfrfw7uutyjajkzedglwbky,""
2122698,f15ifk6lbqp4ivls46nru6qz4ahmsq5c6y7azl3sq,""
2122989,f1g4fabekbjvg5u5dcore2vwjzme5wcl4grnpphoy,""
2123075,f1cnequpc5rihnp4b23igtcagpxw44l72idy43una,""
2123081,f1qm65pvnmrb5uwmmicnx76cakvod2vncz6uyeqra,""
2123086,f1dvtqpza3rxtavcpw7muu62a62y3gn7zeam724hy,""
2123087,f1rh65gnf5kghf2icff4u5n3jkxslff3zn4ooezni,""
2123623,f1mmkk7e65572oobb35v2afhbbsntd5n6thexiwwy,""
2124980,f1i7jr7ye3qgjiw6rjy33guf5ny3s7ircrn26hjfq,""
2125905,f1davbdjapjrgylodrllgaol6nt4omlotqng4vjuq,""
2125907,f14qkzavmrrsc2sput4v5g4fwjp274ppoy4imifjq,""
2126028,f1cdg6s3ebuifojokvg3hs5xj4dgvkqnaes5lvmoy,""
2126110,f1iiri7wc44j4bq6crfaidoelosdplkpbuttt3flq,""
2126127,f1ov7wt5xdtv3u4wohiwhjnvt3zf3q4ffhsuc2i5q,""
2126265,f13glqgr46nnxsmj5ze6iv6nvstisqy7xj6bkmfaq,""
2126522,f1iaezpdxjmhbobtngflwhfg7eqgxfhn2vmharkwq,""
2126804,f1ldfqw6rqgdcdloyeao4vimylxwukbcoxkskuheq,""
2126809,f1xlgrbkugvtlvkddcybowpegema3nyjvykztkspq,""
2126811,f1ybmbl4o5z743ybhjxk5h5dpt7uwbedmcrf3svea,""
2127052,f3st32m24bvdp7cqty3nmtxahqx63phfnu6ux5ge5kdthp65sdqvkd3yntbx4enailmhromwb5lb4al4lw24sq,""
2128495,f137vysxy7av5m3herryaqlxb7u6yw2sxotce7tpq,""
2128499,f1meqrf5drs5qcfx2tojvedfqg7jyawoqkpfllmvq,""
2128612,f1452abc22fvjrxel5la7if5fdrs72vgmun7ttswy,""
2128613,f12b27q2wfmuuhkzeecmagvadejeev5m7zx63woii,""
21287,f16rmpgukj26fsgssi324cx5ndra7mc5jswjfhkpi,""
2128780,f410f6qsefdbfbau2p24eoxr3cdr3rjlj3axubzbf64y,""
2129070,f1q5wggpnt72umthnldc4kvms2odsig32aknafl2i,""
2129071,f143rrb33ygtwcc5v3drbdlivceknjfn5mii37wvi,""
2129072,f1wp2hm4ba23habqxdacavk6yz3z4isrg6ouu5umy,""
2129472,f13rc3hrrqzfsqu636uz2o3mrbp5qsdwszmueltka,""
2129527,f16rxanzkxuovxu2rione6jfqg24gnfllsrpj42xy,""
2129764,f156zibnmp5vffl6vcbcntmnadhive5yf7ww5b62i,""
2129827,f15e42ee4eaeg4p24db5xdebktll3b6lvvekfuzni,""
2130217,f1nlhouj6cwctb4lijgh4tej7hhvdlwc5oc3byp5y,""
2130271,f1qfsi7n3fh5tsfy3rmj6jwxsxiubvz6only4npxa,""
2130336,f16cocezd5uoocynyvnpak7zneg4wii25bkplko7i,""
2130581,f1xqc6b7dcm3iksnvkf3tlakklr2atxrvulfpha7i,""
2130651,f1nefzwhevpd3u5x6i7bpagkkvcnyrq6ukcjo35ri,""
2130652,f1bphonqcrdq3imr44y53cuowtmq6a3eqa6qp5joy,""
2130971,f1g7y7hqjqyp4rkflqd3a2z5cr5olmtdvpj6oz5wq,""
2130972,f1zqpqw7kavxxu3zdaomwveibcsvj4ida7iwmskia,""
2130986,f1xcvrxxxp5a5a4f7bt5jfmjzi2qe6n3knom5ivoi,""
2130992,f14ckrd6rtf5suqk7vbrr567pvyarma6pwivscoea,""
2131432,f1fpaa5nemr4xxgcxkanh5dizozaqmljquujyfnmi,""
2132554,f1f4akaolaexljchsrul4el5ewt6bdnzafr7hysfq,""
2133448,f1y6ke6ll33riurlnshoc7tvr2t76lxouuvbj4wxy,""
2138500,f1fth5mfxdcs6hwgpchy3fmoxsz5u6muvjlzcsygq,""
214377,f3rfb7aarwmrulwc4rqy4526zvopnsnbsmcfokhbi743kq2shaybo46cbjqezvmhhjkejpk6xqbafixvplq5xa,""
2144175,f1uzdx25kx3csioyxv4pvzqlvc5omxe3ph5pzhauq,""
2144497,f1ps34emfyq2tbioxwzr7tm2nqwprkiehsccvn7gy,""
2144539,f1xqzroap7f6ttxai2oh7v355bccon2y3fss4ns2i,""
2144852,f1d64th26lulawuo44hui6xprybdxlzo3ed7rtuha,""
2144870,f410f5cwsnxy6c4xq5vnxunjwjvwcbmloiq6cuiadeua,""
2144875,f13phw6spj7uode7n5zm4tr4v5jp3rh2ff3byrcxq,""
2145086,f14qawqrk5wr2y7zaylfiorvldkehoc7zzpkw3rzq,""
2145137,f1eper7jfxbc5pq7ubhh5wyshzy6iwaarsppw5oza,""
2145144,f1afp3ga3fa6jutkkjdm63uecaapxjttvlf4ylw4i,""
2146171,f16yq67cmd7ndpnztaefheb3fyxcqpoksh56zccly,""
2146209,f1mdbgmkee52e3vrmfxlotq6gfq2f3l3y2pgxay6q,""
2146226,f1h4bgvbiww4ufud7h7vlwqmcbvmk7jsljxpgncyy,""
2146744,f15ef4o3u4vxuf52zrt6gkzraeaqtqngfpz76vfvi,""
2147020,f1ar7iqp6lpljivz7tgufyik2uvsxpb33tfjcttii,""
2147046,f1vpw4de33zpolipdzx6q7zxx44ayrniqkknntbby,""
2147250,f1kghogj5tdpoc74r52fzsjkeq3vk7frm7jwpfk6y,""
2147290,f1mnahpxpyrazryxuh24rcyelb4ksgwaztvskjzcq,""
215039,f1s6s7yfxg3gpj5t7hybuf4aug4ugk742bdmoka6q,""
215074,f3qaipvxrz2gxexc7mcvjsxifmscfiw7c7zfhrmq76j5ee4hcbvg3gbtpea7wgz72kkjcjmwzhm5uo2onxyocq,""
215075,f1x76c6drtrvt5wucoaool2rwl3v7l4g332xvgmbq,""
215080,f13wqjh7vhgnjtg3kaprzketenqpofcjyng75mk3i,""
216211,f1u77wemzteznm5zar3dyyi4ybithzoite7f4sqky,""
216372,f1rr7d5cgkd772fan5gi2s3izuftnkmxer64bvtsi,""
216413,f1cyha2lssjsxvrxodkeyn223zzguynx25rrtimqi,""
216662,f17bivwapr6o4y3wxg4cofoy2c5bjiqc2xwwyuyda,""
2168993,f1c2unlsfmqzgff3q25xep73nrfxygtujzeubbqqq,""
2169570,f13aqpkh52deg52iufgmcm4mesxxtf3azyspqigui,""
216963,f1bw7k6shtjntgzk4fspnb47m57roiirqqudsi4xq,""
2170643,f1l2cc5vuw5moppwsjd3b7cjtwa2exowqo36esklq,""
217125,f1ynu35qagaz6ajxekqd7olaaay3ogfdeahj7hw2i,""
2171973,f123flsrflwx35b7spvr2xhwrekz7zvse6753dqwi,""
217200,f12gemnzngub3yjtm2igf3v252nfc2wxa5qp4hfvy,""
2172978,f3ugf7ijrvrhtodesjdkv3v54jzprotn57gibrn2zh3txsccm7lriehfliqkb43a5ybfzpo5sor7n7lrccayda,""
2179286,f3xdvwzjegq562q4wwyg6uwmrmu2icvmrlyie64vkosjrzkkcbjvsqnrbekm6viglt34benath5zkxdd6yecsq,""
217929,f1y6py4yuc2jwukmeivurhrwzffqpmqgmdboggdfy,""
2179305,f1stkkjijjh2l33f3qpx5z63fdz3ukfnki5tku5jy,""
217935,f13cigaqtj7bsonrx6rggjlipcvcdltq27eyls3pq,""
217940,f1hjpysclhuxkpezt5ktqnj7yfppljakrg3otlgza,""
217948,f1p3risbnen7wx5y5kvlbxhx74lg4csgntyj73kuy,""
217951,f12fgw47xvk5k3saaqxg5laglbkjsrg53qumrqxai,""
217952,f1po5roufdxrf3blqax7baks4xbbs6rne6r3eqixq,""
217960,f1eskgtm4frbomk2grlvthth7shex5wiledcochjy,""
217961,f1rahol4tkwpyt5ik4mij3gxr5pj5xk5u3p2kb5iy,""
217964,f16bt3r6osr4qe27bvhbq5nwss25q4s2xuiydr43a,""
217971,f1banh3vlhmi7qz2ob5l4xexcujvpozk2yl5lhkby,""
217983,f1jrbkeegk6v7ezfbtgyh4kxpk6j6tflulpyvpuly,""
2179832,f1b35ubodi7yq5dxxkrslyux3ffyre3lowe5srxwq,""
217989,f1ekfoigfjxixmym5dlmhlxamlg2gc6firidcr67y,""
218011,f1fanfgu4wocton6beiuqfoznrou2oxt7hcbgcupy,""
2181218,f1r56jyfdgh74z3fj5biwkkxprasjqlm4f3hs4ssa,""
2181483,f1cqvasgkrkr4qhfghc62oifnps5grigpdgmd3ida,""
2182140,f1eflf6h6mgxflahdipoiihxisxwdjffuaox2ozpq,""
2182144,f1wuonkzwthnrt2tlo4dafgxr4uwhctv6osefb7uq,""
2182390,f1fklo5u2clmnewtawfcgnoy3z6qqn7edu6lcnvtq,""
2182391,f1tupuvmmikrbqkyebjqhz7gejcx7gupfw7idopki,""
218255,f3tf2q7aimiuezmlfe2obixtyjty3atxbwdz3vaqiekx3j3styocv6zgebkwdycpk2j5bvzstmosuqziezej2a,""
218269,f1iay4rym7fut3sxwrwvzdgmflz7n4xr4e4k5un7a,""
2184216,f1qso6p2g3cctcfl26g276w232uyvrygbb5j6sory,""
2184651,f15umrrtvh3rhrvrkvvtrtypakkeqrzx2hp2cfuci,""
2184987,f1wfxcgp7fbjwqsd63b7qimdk7q4pdg54jir6zqoa,""
2185055,f1tzbllzb7nbmswrw4zgn2nnewqd45nj7qp7vajoy,""
2185203,f1crxayca7f6krwqleegop23v4ewgwloktybgzdua,""
2185204,f1e6q3ss3vd2cobkktyim6qzyaiu4hklf2n5w5yeq,""
2186039,f1r47sx2wu7b7ovw5bk7ptfhiskeriogincoipfyy,""
2186222,f1yzbkrnxgmgqcp5ddhx33vxehc23y6t2qozxpl5a,""
2186229,f1bde2mjgh2zkepkm5ivlctkul6jh2x63bvab3x4i,""
2187942,f3v5yh6ddphcfa6rgibmuvmujvb6dfefje5tcl43iiaz3c7elcvrdd4n74vt3x6faf7gw6nqpoliw7wlncgcdq,""
218837,f1wu7myny33bfqbu2ga3aobnw3up5np625jngqt3y,""
2188731,f1kzmpnqqg6wf3zkl3avxlwh4ewxqmmrwx5jks5na,""
2190348,f1u2ku5l7qv3rzvv4j5m7zdk5aehe5pzmdvzpynfy,""
2190439,f1rkmg2r5qwv5o4qbt6ru4pi33kahtnmndcmkb72y,""
2190848,f1d7satpgjskky5npn6efotbctqo2u754lubu4omq,""
2191122,f1j4jxcfyqkzxivzwktseo6dtbhd7mczlkg5uhrpq,""
2191274,f1ov55gc6aga6hlurmd6mgmpucitazq6dxygcr3wa,""
2191277,f1uywzkk7zjqp2ckqowkpnmli45xme7egx3jjx7ni,""
2191286,f1mjfkwy52ghyhy3tgdy6ue6glkylmqjg22el6g7q,""
2191291,f13jjxdga5w74gwxivoqxksgds23a5cbkwn6lbs6i,""
219141,f3svpgfztdlob4i5cmz6yjz7yqb2c7fnamtjgxohm5ivvrld36qtsemdj5wjazbmf33ac47eunnkxx4ueix3ta,""
2191439,f1jdsmd76jo35irsi7whidzohlntnmaj4yc7kaela,""
2191604,f1a6d77midnuwh6frmfqt7jaclriuitsctt5ymz6a,""
2191705,f1mlcjahx7uh62jxwslqczs7xfsa6al34edaqsqri,""
2191977,f17yh2ozos2lxh5jqhogo37cwixormzapjq3lxt3a,""
2191986,f1dy5qeyqmiiajtx3yrj4ifybtkiakjkw42mct62q,""
2192013,f166crdxpdb3tkmidif4kjoyfwjtzzfwswcojmyvy,""
2192409,f1hxwjqqjbkgp5jkgpfymtwvxrwbniy6nd6vbmuti,""
2195096,f1nqhbmkaclsllf5r4hykn54gwpzvozwjw4i7hixi,""
2195553,f13y7egp3cu7o6eog5fliizqt24f5o6qwnedbdq5a,""
2197473,f1uima5zgx7b2jn7grbkeyvct5ur575cohkpo3lvi,""
2198357,f3und22viqtijtrphqtfty5iy7xyy7fgjoxopm4xpw5jzaxa3toyrd6xgwtbaiikvukumr54fh3yidxbqoxgsa,""
2198514,f1s4xz2skb2zwtp7tye2lxh4ngojejytolnxp3soq,""
2198659,f1j62joj4uatolg62ckvx67m4sqjmxt25yfsmgsvq,""
219872,f1cy7c7zsvknl545tbxphrf6dolpcfqqjyqa5npzi,""
219880,f15pa7zrjy5hadylpoj7qrtvvouwcsmbdyzzd6bnq,""
219900,f1ghay6lx3a6ofssyje6vl5trs45oeq2kg3yjhlai,""
219904,f1qnla67xgx4zbkyjdgg2zz2u4rwunhsl2yajaccq,""
2199133,f1bgesx2oqpvrqd2l5tigpiji6ker3wabmyjdadoy,""
2199212,f1xxkutyoil67pxzojiopo4m4o23kzorlihmq6s5i,""
219923,f1x473wk5n2ttbvjjshngulivy7f5ikdhb4obdjfy,""
219932,f1zpxjccsnckib3d54gf4wxdytlnfj6lbuvxnt44q,""
2199439,f3sh6ewy66uzumgnsq3cthdozpzhsd522agg5ukxcsd5d3wplauynpd6kjmzppjhf6uxftadobolhqciyk3s5a,""
2200497,f3waas2e5qa6ptzesq22g6hzlbdbixuqh7eqrm5b62ajkbpupsssh4nfgnatlpnvh57rlrrwsh3tl5pig4ggqa,""
2200535,f16eud55p3rbjom6ei7vxc72n4pcans2qzwy7haha,""
220068,f1ctjs5dei5wopqfcitbamiocq3r2gsyp2kljkmta,""
2201598,f1coqis5g45zercpoz6txtgahenvfzkiyuiuyyoei,""
220199,f1w4yiwcvt5bft6jtxqxkyh4qisjcew7engcjcwaq,""
220251,f17pqxku6xprr5vaxskpjlqpbnd3wrslb7kol5mei,""
2202787,f142ubnswhhz27z3qt4ap6seobedhmefto2aklsli,""
2203245,f173fr6nvdhmw5mau4iqlcs3nzt3smnhnzdjoukqq,""
2204248,f1hpyd3mtlelexwcf2nq5l2bb3xkvqx7i25pmhf3a,""
2204302,f1lgibduac75fp3xil2vl7ypnavnevnsa5dxuw2qa,""
2204304,f1ns6d3rppdo2vsc2wb63zm3tjfzrcspoaw47bw3a,""
2204313,f1bvwe3ohazst2t64sfhjdfb4mcdxmy2yb6eho3rq,""
2204320,f1dww5end2qeavsqhh5epni4b64p3xui2343sp3ca,""
2204321,f1whhxwushklk2lklqj7yv3lulqphdgnamei4fdfy,""
2204322,f1dsdtj54saufjswcfyp5t3feqe3i6aw5dppxe4va,""
2204621,f1y77vzqlmtv7hc6zcxicu2jqzh766lwgzlej6tti,""
2205112,f1teazw3myutd255ofx3jng2yzoqhqaczmednrioi,""
2205988,f3wirnu6ifypytkbednpaa54msl5z5mxxmf23o3ydyrpdgrcb57tob74e6igvaigltyfan53fskvaipvj4cw6a,""
2206004,f1ojfsh6sqckikuro6ojar25qpluqkfuig7crb7ha,""
2206363,f1efcsrrhoxcxe75wtc3vuyo4cizzd2zou5y5dl4i,""
2206369,f1wmceubcieujpmtqzmczamvugkpwappjufkll5xa,""
2206606,f1rmxeldjfwdxbxaps2borac4frp6or3fums2syji,""
2207208,f1njoqhwzeiafwvdpcib4sj5qo3j3qejsoi2ps55y,""
2207683,f13dn5pkeeecb45bvrnmzhebpkwzxqhv4shywmt3a,""
2207831,f1nn3reuxn3pbwjynoainndamja2o46nan5ch7hlq,""
2208139,f1wba5m44relw6n7a645aayatqtekgdy4blyvcuoy,""
2208465,f410fe2jx2wo3irrsktetbvptcnj7csvitihxyehuaeq,""
2208492,f1cgqp6ivn2expwksf4hmbv6qp2v6gi4r2qh6umzy,""
2208521,f1lmra3skm3wtbtkw7hbk2tvvkjbeza5tj35rwopa,""
2208630,f1i2reokfclrqls5mkgtbqk5esvj6it7nykv7c57y,""
2208850,f1gg5dvu33z36erx5yinelesxkudovfrz3zyqm4py,""
2208907,f12hinhhyobzfxrxg7nsnshpymgjktb3pjxkwe7iy,""
2208908,f154runlmvubcws5g5ufigrsc3kxbqwb2tqhtpj5a,""
2208909,f1mejhp6dzi7736fbtl6s7yuau36mg5yok54fn73a,""
221110,f3wf75ta542av4tzlhl7odytsuy2lqonzwygupmmihkgqux4yjkfs4zsypbivewi5pz7ivveuozugdevtz2bgq,""
221121,f3wmew5zhg4yfl5v6clnnjhuecbh4srlzicmj5s2ytvqpzhuhzlu7kvjlcs7zrz35sshrzgadf6b4376rb5waa,""
2211290,f1a6gqgju3wote6qui3v2gxh2gk3gpqlltw4ipq7y,""
221135,"",""
22125,"",""
2213534,f1hhv5js4gxnw5z4vs7jvgr2cwygtp6gcecog4mui,""
2216057,f1ijfuxymud4an3euo2fe6oic7uf7qamang3gbb4i,""
2216069,f172azgjopbvo4zmhc3ph7epx3lmknwf3h4o6wvtq,""
222061,f15js3i24xsi6ht7swjfldn2mmiyt6otgbka6o7ga,""
2220664,f3ut3b7muto3gqesiagrbyxuv54wvtkpojfbsuabjg4r4smihwi2ujbqaazn6ah2pabbnwfvodm2c3fsuwn4ja,""
2220692,f1rb5r7k7lnbbdrvpw4d7ir3hi2cpivcevkgxpxga,""
2223047,f1zkgx3igrmczror3zuvvp5bohpbeli6coyns5lba,""
2223359,f1m5ysspdkkjhq2hb5sogit3j5snypexjqks5g6gi,""
2224027,f1d7c7g2l7r234p6ivjs764kcq57cr3kbbz2hjpza,""
2224283,f167x5eokj2rlemqwroakbudhezeqrziorokqypua,""
2224404,f1y5mkyvzsfxsapuecbbs4hrrmio2te6ajdqpgedq,""
222464,f3u74h7cs33pqysxgx7xblsvgonspgizyhvfzd3ce3h4dxrbsaxeuwhvbugjvuhe6ojgqjrkews3fzbybi4qma,""
2224806,f1b4u4eclr63rjz2wqbnlso75vs5p5qp4rdmj45ai,""
2224853,f1wzh5hp5lazqmhn7fio2lvuhor4kny4plflso7iq,""
2225236,f1auev76hyrlndjjermkzecpgkoyzoe7llh2za47a,""
2226521,f1mx2y5mxynrd5csutdhtfhgep4ct533wbmcbozfy,""
2226609,f1bgqhc5hfbs43cqptr55ajg7kas3enehlms6r6ka,""
2227060,f1unjtterdjbu6ir2khkxbmpgfp5xeyshuyuqi2ry,""
2227756,f1tp3kxwlvxd3ggjsfcbivr25fzz2edrrrqe5vapy,""
2228514,f1pgpijmmslx2kwnglehayh6usajz26ycuhwzdo5a,""
2229713,f1tz7lelgne2ic2yht2b6tvqd2a7gjdixzq6pigky,""
2230460,f1nrnyrttz53iau77m7sbk56pxij5g7mmi4afk6pq,""
2230582,f410fronsriqc3ep6vr64mocau5b3c64pobyyj2ha2ni,""
2231177,f16fwmw2nw2kk5sdpq4g2etremk7mpivyv24atjfy,""
22331,f3rf334djo4e76f44hz6tbkh5maerg42nr5b5squsb7kty336zv6pdnnwhyc2qaijpq2dwkpyy3fwfeofjtpja,""
22341,f3wgfwtrs5p6jrkwfl2mksqa2ivgbgdjjrhjbefy3n7qzvotc3y6sazmp5gfyj7um6jlgdvlbiepzawnc6wxtq,""
223461,f1ipi6huaddh2fxhhxnkkceakwonvf5yem5dz535y,""
2235733,f15r52r73xyl6bgvds55oibbeacm3qv2ve2ofr23a,""
223578,f1rj25cowbmap7qayhfwbikv5gomxy2zk4mm73tqa,""
2237519,f1ya5vkhaljvtzweaycshzdrkq4o4gxtrobjtlrqq,""
2237775,f1jdtk3cj76xqwchpnyy7gdwvzx2z2j4oiqle2d3a,""
2237783,f1iup6srjczdstdnsh5zkso4u3xij7ofe3qnyzuvq,""
2239382,f1fjegj5ihpjn5ie75np6vagpwbvx3je4ni2ve4iq,""
2239466,f3qvlu3ici2risq4osg5b5tfvhxwvjqwtz2z6t5ipnqujl53n233daeu3hawamthvtn7nj627ui5xu7j2zdidq,""
2239467,f3swlpybly37bicagery53iby53xrbld6rvcw3znv5slzs4zg6oaceg5jo4fbhrgrxxamcprzbdfpjmzl4hwlq,""
2239804,f1tn3mq5y6ijaw6drzhtd46g7oeepc6how54s4s6i,""
224039,f1ra2qh2w72ob5jejdfatemllc5324zgcsjsy2q4q,""
224059,f1rwsvtn5wmszjla26dq2lxauiuzge2rwrlmbdawi,""
224079,f1uvwxtv4hltdfew7fiogjvpliw3plkusfq3ehroy,""
224115,f1srde3uu57yx6t4b2rqvovlaczd4dobtxzvty3wq,""
224137,f1g2hmf537hxke67joubo3jpnuifznufu67asukwq,""
224183,f17s62p2exougtwewp477qb6t5emvzmcjc2j3vsmi,""
224205,f1mcfkvvebdsx5jvfojjjfxpmlscjr4mjaeydsbuq,""
224246,f1pwcaueqbpzlfsyect2t74p7snvybjltrmncl47i,""
224254,f1yn45szmulga6ktitngw32prhspumgl2aall34qa,""
224275,f1iok7ebtxmvl3osn74ktrdusn7xqsidgwm7m64uq,""
224282,f1ulzai3ujmkfp3ximcf6bvu5k6kzgcrsxh4m33tq,""
224296,f1sxwgbgxkx6g3u32ytikegq2lyrcnhwytvfbr5iy,""
224299,f1teqv3t37gb2dvbewq2wlryxxvq4paisvanas6yi,""
224374,f1in63ww7r2d4wu2lsjrj4jlcbymbppektwpjissy,""
224442,f1tb4m3ybwrqotx7zsq4l32q2l44j2sxotaazsiuy,""
224444,f1m2f5a6q53g5wx5gchzkjbkstxfoekj5nqd2muva,""
224445,f1tjibaievrzwovdehzbi3krhgsp3j772xjn6mdvi,""
224456,f1ld7gztmhh54bbs2xmnrk5ffzzdlaok6wy3m3yfq,""
2246125,f1fzjtvybe74vk5odtxkwafb4v5jryrithg2ihwdq,""
2246220,f1lxgca4sideve5se5qfneeweyh2k6anvuqod4k7a,""
224655,f1xl5b4vmjnikoku4j6brt33yoyqqepmqt7aowzny,""
2247041,f1at62g7p7ktn2w4rmokryjzgb3lu7lap4cgiosmi,""
2247724,f127are4n533monqd5elllfmua6sfsi6qzah3hysy,""
2250572,f3q2ac6l6wih7e3bk25mdb7stqnhvw35gfcccdn7bd65fnhebaxgvxq7av3dpjnkikrebyzkhzijdddeq7gbja,""
2251015,f1kvhqmriqoszbm3baj3odabavpfh55vpguzih7zy,""
2251492,f1rf3tdlmk4x3y4dwmwb6rbxcl62rycxlfqfqgvva,""
2252093,f1yloa4qkoxw2unnaxql63bttks5cmf67uggsvsiq,""
2252423,f1aqhgcbhuxhyu2mtiecsrdizz5sx7ptlwa3tgrly,""
2253024,f13lv6rz3cuhsq436xzrnitrsatgpxo7d7zawvveq,""
225506,f1dldzsrakatt3arnra7emmfxmau355qd7dg7erhy,""
225587,f1p6ljwemruqehccwwtlkdvvtvelg6hoidtew76ey,""
225671,f17kqzeifuz2kdpytpe74ovyypgnvvdvcdkuecdga,""
225676,"",""
2257197,f1ys5m675da4ao4vwefbewtyafuw3zhgemya6jnky,""
2257208,f1xhiluhol36nj6t33lekpc5egjtusc3d7kbqeh2i,""
225746,f1chfuekzmclhece3seqhnoonxjbnopaslyv3jb3y,""
2257620,f1wbwggh7id4lm3loajxf5lcnk7o2vacvpk64wvna,""
2257626,f3qisoet7p43ihpjl75v6zg4cxnbnbzjx6zgdhu7niah5o2o7tnlgtyv5k6jfpxanb6qfwmnsnrgiuddqivwta,""
225769,f1aadmzmsyzpkir3nnhjag5wkqnjoqwj72b4noaza,""
2259999,f17uqa5yb7c4oz7s2b5mnknwr2edzzqv4rqtwt66a,""
226039,f1sqtwgzh6wcolfkap5y6ftk4qbbc4y4jvcotfhuy,""
2260794,f1kfwkomy4cgtlevxzlrkzkuwooqjggrlswuhtkry,""
226310,f1tm7snzbuzf6w3vifcf4nbggydmbt7q5osibijvy,""
226410,f1fmog3f43mjjvpv7a2baf3a5m7kaw437fjq4umga,""
226615,f1urqho5vnjwkjlx7ookv5lg2uf27f5ybu5rwdhsi,""
226720,f3wk2owdru7kazrhulipd62ggyksdapfqyqecv6d5u2q6hgdl5xjbderujbivfv2bpnhnczpoob3y3odqxyu4q,""
226721,f3wppmniad3ars2jp2d6bihrhqekjmbubdqhugqyetm2ukmzxjic2rb6ckqif3yzdhiocpwm3r2u4g3k4kwyjq,""
226727,f3rcyb5ns7xoudgupxzii2yngxolkvkra2733c7svxjx5545orkh3l54blamyojit2hqx7ve7o2bee6gb4hqrq,""
226953,f1x2c4rqpb6iqs74c6a4hiphkxv2a2q6xhi6y65iy,""
227195,f1zyrif6x6yjpbgcyuslpijvwnxtbvdiwscgeu3fa,""
2274463,f1bp2vf63rhbm3leeinmxsogvo4vpww4hhenh6gjy,""
2280874,f13cdpvdxzeksl4r366mgzgimexyctepzc4rt6kua,""
2281895,f1473tjqo3p5atezygb2koobcszvy5vftalcomcrq,""
228263,f3shjxrnqvzn6x2dxojjpfplq5hhxww4qdtnfm42wosayutnjhtahpeu3qjcidz6y7kmqjrw6uuahhiua4vqyq,""
228325,f3qlqlglq5fwcos5ym6sozzrf6cwubvcwxurcy2altvqp7jgauieiddw7vpz5mkjqncp3e5uxkstvkyw7fkvga,""
22933,f3umho76jhnreafz5nraeyob25kidea26xz5xzewpe5glc45ullz55bzusfnfrk2nlb3ibd3aiphhmblqpuvda,""
229659,f3scq32gbhw4rcp2kidazumc7paw62ogurtfilln7f7ppnocaj4bw5pcti7uhl2a4akhcvitypsjvlq5dptlyq,""
2297350,f1drmzcujnkg3jmrfosb7mthfhi5vjonjdx5cthbi,""
230087,f3u2gkechfgrxrbwjdomaejfi2rnnum3kpnrwuwaezrzuh4t7znbyw7426tt7qahji3vhrnm7r4ji7h42vvg5a,""
230354,f152ph7aa5pv45jp4f5ivutbqldz5c3sstjy4qvsq,""
2307019,f1g444qlc4obteamjhoc2mozwmh36kn3wdhwzremi,""
2320416,f1wk2xclgruwqt5vydahoj3d74k4mv7vnj5osfnya,""
23242,f3v2bujmjhxugk3wtwwqha3za7vxmetyvd5rfj2dxff7zekibcclmbhd2ytrmrfls7bb2bz53ehcpl5npss5hq,""
2329286,f410ftleelyk4knu5jtkt2kohgxpxik4365jd4vg4cmy,""
2330105,f1blzdg3u2xu5fg6hkdf7hgeczazsmsfwesoov3mi,""
2346456,f1uhqyg57r2qdmbvmbtpus2pexko2uedgt5o2b4vq,""
23467,"",""
23474,f3uqb2gqegru5ycchufy6gyjbpiu3dk3tx4nk45aua6wd6krbvkxyj6qapu6kkicm7nyzpdpg22clgwwy2wwba,""
2347452,f1al3yt24a3gp6slrc52jfdcrtb7bmvsspttqsnmq,""
2354405,f1abom3xh4ionbmcwokfonqmkz4tvw5entnbbopba,""
2358810,f1myzxkfsadel3n4liaw6y53s525txm7fvsia4m6q,""
2359336,f1kucxufwo6qirs263wpyuzy5s7k253p52kqaea5q,""
2359489,f1xjdq6fopvir2ikm4vcfrchhkwajxq57xj3kzzky,""
2359893,f3svhxd4z6mzpzlxvvp7rgvgd7mz75atymxatbfrxwvqlwi2flavcltadzglqdhwtmivlagnudybcvqti2qsgq,""
2360396,f1rcr3l2r6eigvu3kbf7uzhket7puynxtt5qrqi6q,""
2361225,f1cvqsewsg7w5y3h7xwdsdd6qgsznx6ueacmparla,""
2361227,f1k2ltj5hut3rlrhdhjebidjhpliys3xqphtowhsq,""
2361232,f1phtb2ti3wj2qnpzfkemyqrsthvhq74dqyguwhvy,""
2362577,f16cdcyahaupjbe72gfi7uzu5b57m4t3ppszmav2i,""
2362578,f1yl62r3kxonvnwwnwz6cx5boq2hddmwrcaqou42q,""
2363359,f3uuke26uy57w4dsm2dtg7potkm3teos4kqq6jncyjtwvz2t5zvzrvdukrxjlhkbeuoieis255o2ywsdkawubq,""
2363848,f3xgawho4wlo2okfyj63m27qh34l7ovlxyqslsiskm437d2rqudqethzvemqpzoemfvf7sjix3gdughfb5tk3q,""
2364285,f1qhnl562hb5kxtwgiovi3rf42lklhit27lmsqv2a,""
2364301,f1fh63gvzfkd23vp2ammkyojkrvr6ay5mgikqogya,""
2364311,f1d2zfaejlk3gy7mzc2xbmc7njug5xnzt5yhzosni,""
2364586,f1lugk5dlpx23vexq7lounl3gglyprskc67n3722q,""
2364773,f12rxlret54iga5ffnkaet3h3qgpz4jgvpa3ily3i,""
2364774,f1rvpi66i4fq63vdsh22myc3a7lsvdgnvj7jgpsdi,""
2364797,f1tuf6hs6jjigjodjiir5dxbn7rxjn6kaavjatura,""
2364828,f16w2rd5atj3bibqwrjkkdhpskarhcendxonuumcy,""
2365210,f1ofjicywsxwx6nzuz36upvsziibcsw2c7jsfrola,""
2366250,f1m7pjzbzrckvgiuqhbps4e6ziakblvc5rtt4wmqq,""
2366251,f1nee2el7nyx6a6djmv3brnatohtqrnlnnh7vitmi,""
2366252,f14grzai465qqtrqprrgkpoygomgvztkgd3axmaya,""
2366385,f1gk53djusmlrwr2extftafi4m23agaacxxueh7aa,""
2366466,f1srowruir6fcwwjs44c7wdlmoddb3dy7fym6vg4i,""
2366471,f16bxqdvcliy3x2o4q7w2q5dm4zj4tls6pfsjpmma,""
2366919,f1acwgjze7ean4pzwtbik3dabzuqxlczztjfam3xq,""
2367308,f1xvsgtyg7ymo6giksv6qb6gxrr6xsfhjjjyylfey,""
2368363,f1pmcchgfeg2ccxdzaozk7ale4xqo5yu6o6zwiyni,""
2368443,f15bee7lgpoygeka55qz3efkzqxbajkln24pnpz6i,""
2368851,f1wcrgqzahkszhw6lf2d43mzo4xxonifdduegi63y,""
2369688,f1grkjspx7oawlnqbba6irxf3ery24e3p565p4gzi,""
2369897,f1aaxs4zuxnw4jopijb7kj7doblwa4acxc5purxqa,""
2369936,f1j2xgy2uxbdp4abrzttbybfpg7tpdg64neuw4tvi,""
2370819,f123iuokoirukasgwv2krsz6hn2agejmcj2sqjgnq,""
2370829,f1dkyhelpslvkx3joligyqd3gnrzq2o437lebg2kq,""
2370947,f1fa535b6rd6tawjbjj462i2hztm26rzeskc54tli,""
2370948,f15chi4wmuj52spoouvl6dvmtqzzbbqky2ev2v4ey,""
2370952,f1buvmb2pkarp3cbiqfwjujcbccwsd7h4e7xywk6y,""
2370953,f1wz3gv6murbkaqenplvitvx6mydyrlmwjlllqrja,""
2372171,f1aucf5id3ozhdqyh5a7l6e3mvjyry7jmzwf66gki,""
2387,"",""
239113,f3wvmap64wokgkvavberi2l3o7li5egvym526kdgk3bmnmto5qbcq7jin3wpbkiifoa26caxreois237d66nrq,""
24091,f12yu4ceblhspcwjiirqmxf3d6bjnhczbhwowfuii,""
24944,f2ldxsvs2igcrho7xtzc24v7bd5ppkfpq6jpu7jii,""
24947,f1m7rt4hasnidwe2dqf7475fizb3mn6npur2l4egq,""
24952,f3qqhbwhgorbtymzhq5wxnointwl4tl5riqvxv35utyuhlisbz4247io32oshff2emysu5fzc2t4msh64ahlpq,""
24980,f3s5wkskaf4dbnf3cuarsv627iyglhk5r4cswkysrixuplnr3wzfqb5acv6zid733po3c6y6ewl7gz373nxkxa,""
2516933,f1h2neemc5yldsckegrvyo5dq26ybo2i66ukgqsei,""
2517012,f1lfr2keljz7ioh7gyyrt6t3apjkbnfxlg2gacusi,""
2519046,f1424hqqhyxv5syecwfrf3fyncxkkraly2msyyrvq,""
2519059,f1ynve7vkb4ikyak6a3gu3cjsdtk3s5sxoqbftr4a,""
2519253,f1fmhgrmncza6ti6ktnh5pxucaqtq3kdujnbrxe4y,""
2519404,f1svst5e6a7b2ux2scyc336mkmdgec3eqthbjtjpa,""
2520,"",""
2520361,f1gxfz332jeln4mq4mavfeijoebnyt5jnwwwql7za,""
2521053,f1yquqp6jtoywylptoas4b2il7gy7rzxuxo4kxzjy,""
2521732,f1hvpd2ppu3b2pkiohkrnvzzbpsgmiyeeyzxwsd2a,""
2630,f3rm3kwc4ccpcwd7ldplrbveqajrmggdyjglg3nqujzrrr7qxdcpuk72rxij67hef5pw6wak6bb2zek2jnp7ea,""
2635780,f16eoaknzqxdw3rgqcv7kx5xs65my2rub6yoliswa,""
2637820,f1elc35nz6bzmtxmchc2uoiajv5mkjuhw2yvorl5i,""
2639840,f1dwes3ykaliqbvfgp6x4a22uhiepy24ruti3ohli,""
2639935,f16qxuce7vzatnaivs6qm47shlomshqpfp4ypudia,""
2661434,f1h2wwga43stz2kjd4tp4lellmvjja7mvraggukzy,""
2759076,f14wosvfwqbnndiwj3ilkgznjciyki7xjkfxjrqbq,""
2759235,f3se4aw3p3tlvggkhsymdg7qmbjnxu4uudjvar6c3scfwsge6voesbxff4lkoiqyjcl4yot7hxqmukhusxgurq,""
2760608,f1aiqbaw6fzr5noz5wztufezr4rckn6wcwp3yievi,""
2760690,f1zvurht6mq5qbo6gq7r7wxisw25z262ocmbg7pva,""
2770913,f14wqeabwtvikqhakew6mci22gk5ry2cowhb3rfui,""
2771008,f1i36zqdh4v2x3lw4zjbbytkqld6q3ghsurkmxlby,""
2771010,f1y5a3nmaqrsqetsiq4h62f6tl74dqyyegpb25asi,""
2771226,f3vfufkhs5qrosinmhndoaikkos2wufhjlako3mec3cpbigwxta7pswv4k26k3ype2rcsqpef77aloh5ujtmna,""
2803215,f410fzwk2bajzjb4f4ejq2e52qzudooejiko7g4ho2aa,""
2803617,f1ecfj4azs6ogqcraz6diwocbbyk2vdydhvx4pooq,""
2803644,f1sor4grewmvcg7owdq7urugpxzgh4kbm7kdb3ava,""
2803950,f1h6v7vnx2s3eohxxy2snir744ivtzrwefetfxlgy,""
2805325,f3qmeeyky3eewwoldgwkye6gkk3fau6ix5lutlgyjo5jozvnbaslshf44tp6htiu27pcnglqauceeosqfr7iqa,""
2807017,f1rtngbskg6lfpijtao6yrgteg334tv3i34swbj4i,""
2808390,f1byikrwlucduene4clpmhruizb5jmbv2gckvpz4q,""
2808685,f1skz35hiahkxtjunnv5my4soq647c3cgsyliyuli,""
2809321,f1phbd3fdirlkwzv64nbaxqgklhdq6mw7qv4njayq,""
2809336,f1tzehoozaa33ns42eac42kwboczlnfov4w7xoj7i,""
2813077,f1j5yfbqbcnfahgbewdkvczd522ryrhg5mxvkhkly,""
2814288,f1btptmp2dmzdo6cy3f44x3i37cfjpprevns3e5pi,""
2814601,f1ggvuguykcmcv67fastulivcvj4iyzgwd7vznapa,""
2814683,f1oscd3gc7bxsucnjzejt77cb47zaaptp3hhgigxa,""
2814861,f1q5qokywmvh4xdn2g7snu3ysah4bbp6iyqx3kcry,""
2814875,f1xrw6xh7zs4tqso4in7vh6pnpq2tenj2t7hk3voy,""
2814986,f14d3vubmq6xqimope655lrkr2425v6v2qg6byjba,""
2815017,f1dxdkahwsyptsc2ehiok6x2jf3kajrblhwrt7cfi,""
2815287,f1vtupbtkjhetn2rhcxevw75qefk3uq3ia7c7dona,""
2816039,f410fredouc6ewttcgfcbp3g4xzcxk4isoihibgoirky,""
2816091,f1xkuqhfkmxsvlb546oppidbhh7yed7rwg4syteii,""
2818667,f3rrteqq7ehbpjsirjgd5bx22vddwum2p72t65dqd5pga24li3gynhocki53lwysrhuxalwz4oemjujbdit2qq,""
2819233,f1qp5fvr6son3cubdctpakni5hpsrx2chbehynysa,""
2820583,f1hhsxt2ftbb7f6rvwpih5mzlvfrqvxcgjuhnemki,""
2820811,f17dubvo2eydgukbygvv3tf4zrftaboxy7y7vawsa,""
2821003,f410fwwvuipp7kpyohf5j4b3yum2dzoxu2aa2xzeatna,""
2822990,f14xvqfgdcxn7u6cglgb3ql63uznwker2grg2v4vi,""
2824311,f1pwityjf7zqokgwpjqple46ma5j5v7lsdfxwsasy,""
2824502,f1dm6mztwueypcemeoxkcrw6pey6tamhp4ljgzt6i,""
2824503,f16pp7pzswzd5qnrzagukwggslrv56bwcwwahu7ly,""
2828392,f1xcvzbnir6akxths6x27oew6sdenhw3dcw33qkba,""
2828410,f1ynv3f5ne5k7xxr7z5q7coro7rqpls3ilhuz3ndy,""
2829774,f1otr5dhjukpibhflqibf7q4b67bosgglz22pvpfa,""
2829853,f1ys35kx32s6bt6fkhlgkq5tl6fa6flrgca7eorsa,""
2831106,f15uhnzg4zaphpa6u5njq3kcltii2zhokrh6cpsai,""
2831491,f1guk6s4hef5i7pyymmpybsi73bm7j473bpenb4iy,""
2831493,f16grdbr73dccc66dxhtrr2shqoarpupowpteo2yi,""
2831645,f1plvt3sy34ev4uckauihpc75ee2fumfnjjjdqqya,""
2831815,f1dx65yl2dou3nmfttgy4p6tl6q7pcowxsc55vhoa,""
2833395,f3wbtwktpbazg4omz2dgwn2y4375fjs6yzvl6bnmwpb6ydcuahzurcbfk2t5ljustsw3vzle2chdcvsf7u3pba,""
2833653,f1awptcrq3szphj3tqnym6liarkwspdpdatvq4nty,""
2833774,f410f53m6a4cdczrsvtolgov63pg4ivyi4k6smingczi,""
2833886,f17zbocai3pf7hks6eomldvnmkdvgn25zojia3agq,""
2833926,f1arh4hbnvz6k6cv35nzfnuxd3nqheoix3gkqvnhy,""
2835308,f410f6op5nzi2vwepn5gonk4ie4tzz773sitggxp4hiy,""
2838319,f1pzjkkamf5if3exjb3bypqkovwqkvarl7zx47uqa,""
2838320,f1c7mqdqqhsylccu3kaulosq6mxqrblrjxlpwsywy,""
2838430,f1s4uzgt23o5w2d5klzugkpkyyyls2ea25o3msloq,""
2838767,f1s6pft2inaltuyas5h2asxlhek6u7eaihfcu7w4i,""
2841329,f1tnkhku73afy6emaggffwewacjyqjnyn5feubeay,""
2841420,f3qhif3ucdxum6h3eukxldkd7vbmxdlftp66shuib2vvr5bvq2plg7oxhtud43jequhwpc3kauffldvs2g63iq,""
2842304,f16jj3kxwjvabcvid463dxip4iagcr7nnjhpa2xwq,""
2843102,f1kqflbseqshscsrh2kcflmhqlfzru7jxo3ot6x6i,""
2844684,f16pxs6dnovgurr6ho3hddegmq6rcduvd2u3opkly,""
2845339,f1ffihpammk5t4kaqlo56m6fasfqpwhmkxkk5v6fa,""
2847906,f14qqphngprtnghyjixxxmtimwoqoq77gtxn2psma,""
2849382,f1yvo2nutvy6a4ortrvv2tguhpsi64a7fgrc42owy,""
2849963,f1cn24omlkozds4jr4zxgm2lxlyr3ktki47toq56a,""
2852312,f410ffdijdw22yojuuswel7z5zwa2inxrhk4fnkwzjsi,""
2855873,f1j7grhvkygco4w4vffyzrt442zcce3lxxewjiwpy,""
2858872,f1kkhk432dpbskfbk2liusdeg6ztflxgotksmjumy,""
2862756,f1ec3tximpyywg7l7t7lco2ljaz7uvmsdlfg26gli,""
2863393,f1sqe74cavb5dqtgigrc6uj2wpeyspawjjek6zf7y,""
2863513,f1tqysl6zbxzyp5ua3eemqqyou3jtcoblrnkzcvli,""
2864329,f1xufuwxbzsbiwcxn7ex673wdw5rgamus2vpzvzki,""
2864384,f1dmx5ge5bjcbhlmoumfhdm7l5ytb4t4f75btje6q,""
2864868,f132ugmgmpwnv2zcdemqi57bxdbdc3fyzhdzsf3fi,""
2865263,f17mwiwdqmzi6mvx32kd3j226hph4biiwsv6t4eqy,""
2865446,f1ddrxlmg2ei2p6zkyfqaxygdaraerqmwws5vpxgy,""
2866932,f1lgh5chkslwjql2fekxs3dflc6aznfkpexf5awfa,""
2869917,f13knv34s7u63jbpey6mt5bq2jrod6hp4egwp422i,""
2869923,f1jug5en4wnchyloh3au2j4hnvzkjr7wxbf6x73ui,""
2870653,f1hcstcukrzprglb3xnbkrqu735qp3hc3gybbacwi,""
2871322,f410fvwp5dwsfcicqhmpspdoloo43xzvzpyelhqelg2y,""
2872900,f1yrrbrrhqvdewsymjvqxc5fnlsluq2wxenznor4i,""
2872905,f1rmyhpf2do3dcl4w7vz273rm2mkitdrzfzi27zhy,""
2873521,f1wnsvzldn76zf32vimpzwr6zys2wlu3q4su7pdjq,""
2874154,f1bwxumusb777knxc5pdoiimseuut4yzg6vx7dm4i,""
2883822,f1ht5xh5qtccibzvozb5li43cdhaivheuhy2fje3i,""
2883913,f1fbff7wmio7opql7aprlqx5af65gw7tsk56z53kq,""
2884258,f1zqgvy24nodtsrqms7he2muk2xvni6alnbm3mf7i,""
2885980,f1svmosujjytcijqdxvmbric2dqtsng5aoawm63yi,""
2889237,f133akvdrqovhrfjqshdnitcns5pz3vhl66cafgaq,""
2889268,f1z4r73yltir5jijvmsx2ciiyy7yamucmo3yu7xnq,""
2891564,f17uwwucikjaaedgguyo4psjaemxrufqlxnkn6bla,""
2893450,f1eec7pq2vkkipm26yww2k33k5xsuw6ajxql44q6i,""
2894547,f1fakbnuw22wpmzy7lfihow26rr3johzongch2uea,""
2894803,f3q22dc6rqrvrtnezzjmmq2mx74kzzblhkvn5kqwxlh4lakgf2o6dv7kfgjktrwtnnhyvqrujvpjmynzqzki5q,""
2896393,f1sapvfym7hgcnydd7j6jnynspdhxo5j3m2fqmrra,""
2897439,f1k22mdjvcqhuvrflxrftp4f5oyvgzvnt6rr3kyyi,""
2897584,f1fhicg7lphxzylqlhb7kmlrrhzjar6uhkssxhjjy,""
2897723,f1itqagmoxyc35kozkvle6mtsaqchxgpjojkn6szi,""
2898301,f3vpwtgnifj4zr7sxrdgogw76gqrjyuzcqncaoedh4fepv4npr27euvappgatohttm2zzsuv3fovxleucig74q,""
2900921,f1stjz2inu3og7qm3jgwnshcx37tgjpydyluxgnea,""
2901318,f1xwzpb4r7gwnxgq47oycukvss3ifdddbpc2vbyoq,""
2903211,f17juxnqndilhyqetakbokzguubmku5qr3o2nsybq,""
2909806,f1sn6o6e2wkcmrswzveqm6q6hi5toxzpzoxav5xci,""
2910117,f1ufs2lonmh47hqliaxfcu3vbx4oru7w6k4hwye7a,""
2920827,f1hf2lh3kb45my2wypi7qsj3s6jqwbujsxghe6qga,""
2927649,f1qbjrguazenevpjtok55fj5fwq3q2f2nzlsdijoq,""
2927760,f1jozwrx6f647oacimvvzkvtyc72i72gt3nn7zxfa,""
2929683,f1zqri4vfrqpqennwtn2naqloftv3lqurlvad2vli,""
2930255,f17zbygv6avqs3ipikvdk7rq7dha535fetmd2m3by,""
2931007,f1kaeoskx4m4tgv3pjytdigmscklhv44behc3ky6i,""
2932592,f1nproel2gyi5mibqtyahsa57obihtauthsia5m5y,""
2932752,f1rhe5w5lacm6ppdu6mmppjv4xje5cfqniokai4zy,""
29350,f3urflxhfpy3nekk66opsfmb5ae5t42zrdd2anet2z2krdhaliadcxs5aobpucsl3mgeyup6xxgukweiom2z2a,""
2936761,f1fi5h6gp3xp5kbierzi7ycn55kontg7mc4nmrn2a,""
2938993,f1y5qr7rluzpjtjomicjaqrgnk7zbcrqoznbzd2ga,""
2939027,f1utgcnu5o27scvyksi2wagc4xx2nsp3g67j2wf7i,""
29419,f3qh5bv75kjmjb4j2ujzrjo3mey727jz5afyd2ahhrmakhor6ar5u4b5ifiyvjyxkoqy3crvs7erbkdyur23sa,""
2943486,f2lrh4szv7ymlmit7qprpk6re2cpksgjgcdth5f3a,""
2944505,f15dxhzwibxak6spo75xhjc2kpxd4y3j3r37gfyza,""
2945261,f1wmfkpkaot4ob2ixtzrg2tzpfylsb2fqjvhyvufi,""
2945451,f1yhurrabzc5nvpf4wusdqcjyrelgfs4akjmnveia,""
2945461,f1x5pwzgywea6vnbq4fkvp2typvg7qnxrg6ni2sjy,""
29464,f3qcchteu6el6opgnmrgftvajbktsnhcs2a3lv2vmvwwl5xhiyyyjjijaukqbdgdtizrk2t5xgojbzqtlzulmq,""
2946521,f16euns7z5ve6xzgk2yv32eezt4uu62z4c6jiw5hy,""
2946590,f1zchytm6a4w4ukdul3gnw4ofy4qk6d4qg5fyq4ea,""
2946702,f15lcowaebhzj4h6hsrbul5gsbc6bzr3dxoesysci,""
2948079,f1lou27axeqi3ycuknhkfmz2pibj6oy72krgo3myq,""
2948241,f1pwdlbf25qbim777n4au5spaexfpgsxg7fprqd5y,""
2949149,f3vdj4di3zyrltbzu5hcaoudrma5gxybqkje2m2npcrz2w2wyskopkjhlmaag7hcabkruvtnsq3qorbeh42j2a,""
2949245,f1ari6zlajs7p5gve4vpvo5nths3syzl63tsropdi,""
2950584,f1eo32oe4d3wsdgetq24pqppnjxfk7eswf3ldiqoq,""
2951145,f1exp27rofj57hpjhko4ftekh2ze2qdf7ks7imcda,""
2951881,f1soa4g274dec3z3iowbw3vmaimwqc555i6lhwvti,""
2951970,f1ker4j6w7favw6foj7ggi6gfw46jfdz2qece6emy,""
2952037,f1gavvrcgtksbr3p5g7clqx2xyji7usvdagd75may,""
2952374,f1rxxy3xsnf6g5yq5maqj5puimxwyrpra33xvatca,""
2952524,f1itdw3qxfmtruyevfjl5epufwvlbvos6cqno6vgy,""
2952872,f1yiny4dbg7qc2lg2dqoroixrkuy4wusqge3pj67q,""
2954772,f1eg4gk3pc7vf2jzeflyvrwp4qe7yilpr75k3vzky,""
2955229,f1cqg26cqfigro4366un66tb6fleevf4lbizoxt2a,""
2955752,f1ukvvtt4bo34aqcsmxumtcpzo5o6przj2gl37rdq,""
2955945,f1l5msrdugwo572riiv3f7ptkcgw3i6hr7uvgt7ma,""
2955950,f1xsvpbvp6pisb3skjfo2ctfyrnlhsectezdkr7ca,""
2955956,f1pp5cibso7hpke4rbztdjdtnbidcs2lpurihwrxi,""
2955985,f1y3fr5obpt2dfyubdjeagfivhgbasgfebzpq7yki,""
2957601,f410f4do4s2r7ugxkb7iicpjkwgx46nrj2ozyc6ufoqa,""
29624,f3u3kxrgzsirxbfc36serzyqfykzkaiuanznr5vipy3k5ml5s4a3jyqwdad6be3phhqrpn2wcwtnr5y7r4iopa,""
2963473,f410fxsl3tlmjfnjnhgjzpu7zqsdemgyare52f7lovuy,""
2963591,f1zozfxoynkg7eygtgnilf6zb2m56nplz3odumgua,""
2965002,f1apiki6x3ldgegnowq4ateivzamm73snet4u6jni,""
2965032,f1eazneopl777eh77dtbbdvu353benszor5gioysy,""
2971845,f15fwetgbai7vbli3qo5h4qq4rxfmmvooxyu5qrri,""
2974625,f1zqxtp66woilzxlbvdlixnm5yttimhhokpq65wja,""
2974879,f410f4vpk3ynrpo5crkakofrtv6gblxbnkvvf3rz4ogq,""
2974893,f1unfsunrxbvwqzrxy447xjoiwvy3ryo34372cykq,""
2974929,f1xamvv2fzszo2zu4u2o7blbv6j664glvqhezyeuq,""
2977448,f410f37se4ni6r2n56l2wmn7r4voe5rhw4r5xupawqwi,""
2978398,f1s2offouxieemonxzqeyhrx3rcqvx235ex75gaeq,""
2978447,f16q5pryuawmyg7idsqikgsmantzdosl3qwqm4oyi,""
2981145,f1yuqgs6zk2qsawpimhxxgk4keyt3iye2oe42vvoi,""
2984607,f1x5bd4bafvlawsz5e7otja66y27lfdwsbvh2vxdi,""
2988677,f1dhtr5celpi6kqqrya2bf76lu5bjmm4edme64p4q,""
2989668,f1lxhjpgb7wr4e7cjfpsycyvjvpu6pywvsakt2iei,""
2995693,f1gyebhmlhjunuwt4l4npnet57kcku77udgn2alki,""
3004865,f1grjkkw3p5hw3vx5gonvppkkzpcgmu4xnwfm7sli,""
3004870,f2xhj666jsewrgjd53hqlijhc5edrezrkortncjpa,""
3010575,f2a2ssk6ijg2nnjoewazyjxwqu77uahe5o6xrfvoy,""
3010601,f2jrkwdnzmmzkgwuhv7bzts474kupilkp5kjfly2a,""
3010963,f2pwkfr26r7h6db5laiwapjrs6f32sxkq2t65b75i,""
3011025,f2ru35g5sjz7q5atm6mb6nh7bo7tastgluqydxsoa,""
3011057,f2jtkggchcjiqwp2jihe73bw7gnhfdzlwqskcgzhq,""
3011062,f2mkq7zjmtoinrjsk7em4i2gnq5vgw723vhhduvvy,""
3011612,f27au4b3z7a243fz43y55hqwfdrso6kcfdork7moa,""
3012013,f3u2vfl32tmv2l5wtydv2pcckk665k42cqmcwcgikyvhcbpesqlarxgq5mt4uelj3yex2iygl7cu4lbhyyozwq,""
3012494,f23cfhgj4q2c475knavu4ulmaiv5wcolgf7vyhola,""
3012741,f2xllrict42lc2toycwjqpzxt2eii346dudpey2ta,""
3012747,f2xkccy6oyl5g6cdr3fgmpldifkxjv42mcnyrqjpi,""
3012749,f2guaswx7zpinojokkhvymq43dpqpwdimwiyviwti,""
3012911,f2idqwfdtg25oqthtefjfb3pm2afkjs3t2dzqzlyi,""
3013124,f1iarvt3h74mgrld26kuugovt7uhfwdiulbwchmry,""
3013197,f1xd4znn4tbeejxdb36l2dean3ctxhrjnqempmgzi,""
3013312,f27j36upkm2mk3vrae25i7rhdtzmxjnntnvrxnasa,""
3013315,f2agazpszuzp6teu4cz5gsfruhbf775vgp67ju5hy,""
3013354,f3w4fusudqjonl3jlliep2yfszo7b5cxortuy7videix3vw5spvagdrjphlsea3u5pco4d7dlvtsfpz5q4fhwq,""
3014490,f27ltg7qozyhtei2otrpxouilznihitzhvt52l22a,""
3014594,f2qlt2ancrjsiqvp72evgm5ifcplk5twdrol7mxgi,""
3014608,f2fso7a5l3htwib3vzz2e7o2evxfnu7472e3kzn7a,""
3014641,f2y7haenxlzx372nqgt56ndf5qjxcokbub62glpky,""
3014659,f24siazyti3akorqyvi33rvlq3i73j23rwohdamuy,""
3014732,f2djzdtcymz55csoxj4ounmdvurqif6kv6cjuzsey,""
3014781,f2p2yz6iv33uiz6snsbgheuvwa4cjclcpi46fpbkq,""
3015081,f2dl7rnxidgmzdqfzjkjtn2mjixgr5qi7gq6np3li,""
3015751,f2gf2at3tv5mtv7cbkq6lh3ptgzz4aju5fweciyaq,""
3015757,f27vme4xvjuzwnrx4djdd52jnj5y3arvrtvhc5niy,""
3016548,f1ay62ajecdaprwzmdkq76n6ssp4mvksaqloqkciy,""
3016877,f2v4lcttpwtiou2wsijws5etsmy2spzvotxlaq6hi,""
3017718,f2nugegi5abln6wn6vcfhsqq7xssop6q7f2tbupyq,""
3018026,f22dfonsrkelpms453jr63h3elyw2lyxlrw2fkuyq,""
3018029,f2qdxvqizz6fqoongs65l4eswodf6zm7g3wr6dt3y,""
3018314,f25ulhapxi3ze3jhx4vhiegodjjrdvot4xhlrw7na,""
3018467,f1xk4bsgn3hjobod4hoovtt4iuivgocwhduzwabxa,""
3018468,f14argljqmkt3ig4yhi5hqbm44eezafterkjj56uq,""
3018475,f2om4d4e33huuiphsjjvs7mkeafeoastu2gzfjsey,""
3018484,f2puyjzpbpgzgizmjt4uwjmajsjfqlfmhaidrvfpi,""
3018489,f26opx5wbhpfytt4tmcbebkbvkdzl2emypxzvzzba,""
3018491,f2arpo76vxmneuor5qunbpybm24k7efomlev3rk5i,""
3018494,f2x2djhw54agyes32iyi2colhflb4ekm32iz54tjq,""
3018530,f25h7rohl3giczsv67rbrjm55y3mwd25tlk3cxkmq,""
3018562,f410fyfz7afhoduqt4nyac6f44qwccvvux4y6mdusdra,""
3018977,f2bf754c63irlnomlmaacnrq6lfreynxnkhamwh3q,""
3019261,f2bqrqbxlrubzwdhwjdutccxsozk6p4i7lvml3vma,""
3019296,f16l3walhmmr3rreaurzmznjq3xypjg3p27t2ht2i,""
3019298,f1e4cq352vsbxdj5mm32qcbqtikapie6m4wzgz6eq,""
3019831,f2hxivxs3we5afsuyx32lwwn44evopz7yea2fsmhy,""
3019833,f2dk2pgsc6fzs4fjrqv5vcquvzbmq3qhfli5khohy,""
3019835,f2o2obeorcnu4zp6zbs6i2pxkzqppxyxommqpsefi,""
3019836,f2lamsg3cw5d4akdzwxiugwxh4ayk4rxaji7pcsaq,""
3019839,f2p4lym5klogvenjp45zbux77kmbuniizzs22j7za,""
3019840,f2ddjxnv4bvvl6br7nuuthgk6cx5ad53jnqefszka,""
3019845,f2m4ljkbqkw4rljq7mhu2xmdchnvbcuwqox4hebnq,""
3019847,f2ie5kumtwqhhelv5evb6iyqxguveucupaiyhkwvi,""
3019850,f2n2cvq3wi344zua7ofax4jygkcqb4lwbhdtofhmq,""
3019853,f2c3kxkjidd4zndo3scdio4mlimy553m7i6q3kmea,""
3019856,f23ex4ojevlypxnbjc6kbqjgulqcqtrf4ztjblaqy,""
3019858,f2easi46ap54rihqik5cck2wr55hwm4rmmi2c2wxy,""
3019859,f2k6v3ojauf7oeghthmucwn7podfr4xslymtkl5mq,""
3019861,f2ugbpgnae63gcz77xx6z35v465yrhwdxkpupkjfq,""
3019863,f2i2j6cizkwslawsl2xey4axnytkmmrkbaostw6ey,""
3019865,f2trnpa3qxldhtpxaf4u5pu75kzvus3pqbnl6ttiq,""
3019866,f2pmrzdodnfovzo47quxgs76y3y6ecwtd73qdqeay,""
3019909,f2pk34lqjjck5jgsbtd2dnvu5z6pm7tiuujvv6cuy,""
3019912,f2v3zv6qw2w4gslejsqmetpmelcupdnecsktdcxcq,""
3019913,f2gbzkcgemun7xu6qbbxgqad5tksaqihmf5ykf6fi,""
3019921,f2chmjasnwjwbmtbasoipel6xzhyex5deyawg2lsq,""
3019924,f2a7f7rocg4yh7nc2fnfxqulzxk2yohrb63yqevcy,""
3019926,f26btyj7einvdsg2n2sq34tcdvvspzk6yld6grftq,""
3019927,f2uib6cqjmos6ir4ajx4aqt4pbglrrsd7w6ubovki,""
3019928,f273mpjrylbwsxje72m7tzdklcmhoj57xzwlbp5ta,""
3019931,f2rybsy4kv2pniezl6lhcbpojvhdmxwqeymootesy,""
3019934,f2hplpfwybkysrztfwsf4og52wj4nwvydglxy7idy,""
3019935,f22rkakf23oyzevmr75f663tcl76pezewbsk2oqvq,""
3019938,f262hsabfg4hjrk7u77istvf3fffgg4tworhth5fa,""
3019939,f2acflimlivomkevkhc63mhvppk465b26tszfb7ii,""
3019942,f2t2oqruezktqwcinpcf5yrir6227gytyliu5fdgy,""
3019944,f2yz73r5qvr257jpifsdxyinpfnkhnyzl6p2qot2q,""
3019948,f2nnwazenqu7spvte45f6m4lajso4xoxmxwjwckti,""
3019950,f2e6lube4xsam3sywpmlsjmmuen7ezawfgzmts5uq,""
3021316,f1rmdngrkl74nr7orqlz2phsveu2i55j2v2yysutq,""
3021434,f1bfqeradgh7jkcdyxoksik7y3yig5yir2rwjnnwy,""
3023275,f1o2llzfcxq5n2wvxe7ipxkkjhnfyk5cgfm73h77q,""
3023697,f1zjxnoinxz2wwub5tv6qy4omt3xilfb6rjhqic5y,""
3024159,f2l2hzyxmr6wjoc7il4yxkq2vkgdvxwigsmc6apta,""
3025921,f1scwpdivpjeubhjy5lzdwqvopjjjw2as42ouipcy,""
3026771,f1cdadkn3htvit3nvnumcdhemlp2bm3qefn7kwifa,""
3026950,f1xfdushq2uyfoguhcvxu4ndkc3tfomqlm4gcmwva,""
3026980,f12apvtjk7eis5m2c753enbzqyu4jry7d2c5sramy,""
3027096,f1f3bt6m4232dmynr73e6aetj7fe6vrd4jjnokgfi,""
3027249,f1gxq544a2lb63q6bhirvoabw2nghlbd6l3pv5v4y,""
3033483,f1bd4ibu3pugyrn6gaxw2t6ebaskr7oj44l6bvzky,""
3034012,f1x4vqaxtdpv23co5hauk4sotn4zjjrszgfp4tjsq,""
3034146,f1bowd7pk75b3hv4yegl4dpdt3rd55uks7q4h7gsq,""
3035508,f1266w3mjcy6vvzv22nclpk5xcttk6p43hkavywlq,""
3035601,f1pgpgophg2cm4q3pafeiperjcwbujzognati7ziy,""
3036017,f15lqbrrx6cmkg5o56awnysvqodoalddzpnkildfq,""
3038270,f1pp7vjhbvczmfha4vdcfqvn2yx5ebt3a6arzqrxa,""
3039371,f1rze76msbxjzx63kqqqnm42mzg7ojat4iczqoxni,""
3039696,f1mzrgylxdju6gchw4uxmvcvydvvnkivr2nfo5xwi,""
3040398,f1wpkzdsyum376fqfg4wgfnhmmcubvqj7duqldpma,""
3040407,f1jwl5dsssqrkoqqqnfk4ms7iv6ulfebz5qyujudi,""
3040974,f1txfwjexmp4gp3dqdglgc3i7qacnyseocs4cecky,""
3043036,f1fi7sk6qrfxeaphnzifkddvlwjivpkv7ed7rd3ii,""
3044659,f1glat2irkwgfzqbc65tj6uog7pupizjueaoxm7gq,""
3045127,f1qwyhtmlfogwajktfabqvhqfxapiqozuxpwirmpa,""
3045312,f1v7bulqmf3llgq5g7mvjiuiqmrsznirwqxr3fq7q,""
3045330,f1d27oexehsskprq75ddswvgao4wwz4ntiwev2f4a,""
3045819,f1pdtlhokxk4w2xk3hny7u4styeuisjintboztcvy,""
3045908,f1jcg4wj7esjurevdpettvva54ib7brirl5ezj5cq,""
3046129,f1umjz3igotk3yqbsopktutdac5hcir62yzydc6xq,""
3046258,f1ibdbb55hdgi4xc3uvf3lqfhvpui52xph657dnza,""
3050217,f1bczk4sbhxmqfhytbyh57xzfxsghyg75nz4w6u5a,""
3050489,f1ij5vj2ou7sdb54n7mgl3yqdwftmyw4zmxni2fgy,""
3051593,f1ros77tqminx2v5ni3ley526333m3rdj7gg43hna,""
3051688,f1ty2ejqtsrifo6spbzlrneynfwarxsi53ctays4y,""
3053154,f1qqfa2twu6jjcc46tvxy6oidwtrskimedy7monzy,""
3053817,f1gwje2izkfea2yglv6ujjzrugre5tperpp55qpia,""
3054012,f142vtdkr6kgvfvsntz3narafuknsygxqpfbf5pvq,""
3054019,f1el54ek6oxcef5ypit3s7qcljyl5bea75wgie2ra,""
3054979,f15x656azpre7viquones3ie4tipmaudc3t3qqktq,""
3055023,f15meju2xz4tbc7dncekd4om6krdyamvxjthtpdti,""
3055885,f1mjyclqacg3n6a6lihv2cz3vy7mjak5bjzpqu7xq,""
3055886,f12gxhrxlqcbljlmllfj3du5hyz6a6nc3fekt54hy,""
30560,f3rpqqflz4bhyylporz3kjhejftvfs2gbjxv7gcw3imvviklmrqgee2jqsgp6hrl35ufckv76kdd245q352dtq,""
30572,f3srltdd7fvnukjpywap5wksbpmdenhvwr6imza3nxlxycmmi2lit2kbisij5wly5fmjwcatmetyktpd5tfydq,""
3061409,f1bcirtx2jmr466t2pn3nmlz7nlrv6eheujbvho5q,""
3061467,f1lkcth7ewnrfdxgvhxyza7pbjc2rd2zfr7oo5aja,""
3061942,f1tuszl7um3cshwqnn2b5qaj3t7yie4fwlrxc4jfq,""
3062833,f1dq7oknkugh2vtaugtvv6qdueji4tguui6ach5pa,""
3062953,f1ubcvb6eoyzfoan4x32xbmavy6p4khah3i5mxfba,""
3062969,f16auapxs6phj6oiaaq7lymmdbzglwkkdvsximpga,""
3062981,f1q2jx4cw34evle3wd6wo7nw2gdrkfinqnjsurmnq,""
3063016,f1nxnnk45gqynlfwkdjspp6phoekmfo6niocczk2a,""
3063195,f1cmcpxfidjyuxznj5cvnv3gmkroikv4qowpgz4sy,""
3063206,f1e2tu4plhytystrj7mluu77v5recujiwef3aogia,""
3063386,f1glikceorqrsklnndkcnkoqb7lireurgv2liwobq,""
3063771,f1basrwaeogthiunxefini4kwnypfsq4pkcf2jnga,""
3063781,f17jpqh5ej4n7gc7musiggxvyzfsesfpakany4xcy,""
3063790,f1ckelo457jpoj7ziwrkd6h4m7phovytlkqjvzxiy,""
3063883,f16jhfiplfytww4atvann5cq3jpa7phql6lingr6a,""
3063961,f13h3rfr3c73emndc5n3lpkytiabztzes4skfpdki,""
3063993,f12efeqdf6gpkylstjeasa73y52jbehsxtt3rq5gy,""
3064811,f1ccqyhokaxxgdsdh7oayfxxzminsf6gyu6duodaa,""
3064815,f1z55mvibk3ncncqrxu6xxm6g53trhcakhn4cvcsy,""
3064884,f16cjpvlwhxpnah4i6xgbp7eujf23rjcyuri5cp7a,""
3064945,f1iwp2heblp34bfvevgzwiwnl7sgh2f6c4bt67why,""
3064965,f1fjdzd3l5fpcjt3z3hwutnblcub7xr6z6q2k2fpq,""
3065156,f3vwljfwtqnj4yxg6rpwq3zr535u3z6ikwxz4hcj5tddbv5ynczracmfhfi3upm2p3my7gmx7dguzmwl54ypxa,""
3065229,f1l6bq73enscz2we7vh6ob72p5vfywv2bvt34zjxq,""
3065619,f1nqded3y6ep6hssouvq5iyvud7rj2dku6b7vndta,""
3069147,f3qg2ivqejog4mjk3fchu4m7foi4omh57ckoopwbhryscm6xizokternt6t4aduhjbgd6w5hwybx2cgdjhafla,""
3069150,f3wk5smnr2msm4dwd7upkfgt25uwe6umwbht4kild4r4v5nco3borspqkuu3tvvkwperl4ztnvgupsu7vavhiq,""
3069152,f3sj4woi2yfqk2fhbr7vklm4tp2ffllicivvpruhkf7j6aifud6lk4hzil57pe72skej4r47wagbx3f7sl4kpa,""
3069956,f1zo4ddbhhmzc5z4vyv3pi2euimi7fh7wogita4ai,""
3069957,f1w5memggihjlq3p3puz52j57iyieb3vtvqht2fva,""
3070572,f3uqcsgdhcg6jnjzniudkfqvubgi23w6f27uc2jjpjaxhgz5hdhfdegef7f5kdjp6nljhoeawfjrqkakvysvra,""
3070651,f1372uundzatsmq5koj32pcn3dsjl4sz6hkhb7szi,""
3070680,f17trgbtcpau2vb6yekgxlztg6aaz37t7cblxfulq,""
3070890,f1rb3raugihjjzuh7zi4fjc5gkwkzhgnssomdvkra,""
3071483,f16xgqbyk4fonenyxqfgik3qf2odr73ws7rqnisca,""
3071549,f1iywqtikydpzpgwwvs6hs3mhnzdl4i5ewnavek3i,""
3073640,f1ujkipjzca4xxfvaktws7bbbgogrsdwqkeqedxuq,""
3074122,f1sraij5xp4t7rgusgi7cuh2catbiurtwqfa7tw3q,""
3074437,f1oogg7a2fixagwwnzl4s6wgsl4plkvppdy55ol6a,""
3074484,f1uihce54rr3xqb3llzmfu4duesglrn6t54m2qmea,""
3078802,f1y76bzdmdczpghobjemia7rathc2vb2wg2aywopi,""
3079189,f1gkrabybghea4txagqme2mrid6m5jcn2sgijoxta,""
3079483,f1kvw5ia7e3ab2e3gc7hfgn6dld6xwbz6rid2xm4i,""
3079988,f1uzqjbchigrmafszkfxl2tpkyu2amp2z2uwuhuqq,""
3081055,f135gye6w4rr6hmux3agypk5uotytcv6jpzucf5ti,""
3083371,f1iilvoccl27nyy5ejsrxrz4b2huepu5xjlffnu7q,""
3083647,f1ukariwoyfx5haypqapmiuqh3fo57e5sc2mcp62q,""
3083891,f410fsyzb6emti2rvs25ompqpvtjtzgmhythwxwauweq,""
3083955,f1q4ywjzcyw7osmkcwqmr5asaf5sl2bh6zvn7umci,""
3084644,f1chkvkj3tk2yhibcwl6guzbxuttw7qiflvfjueba,""
3085699,f1dhjmvrgazw2njbov6qprzyh7aawhaponpsxmwbi,""
3086161,f1dqgkarvo2hpvklzc5rb6vtcgnovdapz7nwnduhq,""
3087281,f27ebdfco3lzldec53embc36tnysdmreigpnii7ti,""
3087718,f3qqnndp7w3g7qfioy2n5jrw2xmo5cczp6ttkqndcocbpyp3gqlnq22vqgiliivwulc5vuewr7xn2u6s3fat4a,""
3088167,f1iwpuardscd66iajf7h665koadkfk7tmkuwokwyq,""
3089465,f1o7zezcse2zkyrrvp6oeqrztchxwu3d62qeej45i,""
3089742,f410ftr3vtw4qvsih4goaiayijo4samzoycy4kgvvuia,""
3089810,f1fkj4rvntaqxptkccw4bl627uokrd2245lb3wnyq,""
3090225,f1bpdlkaowo7f22rabi7gqtzhpohoub4i6ul7cl6q,""
3090237,f410fr4nvjzun3x6nom2cqawnjn3dqlvobh76iba23fa,""
3091674,f1g34hdmfnyeecnxmazvr6fn4mmrpjynd6nxftsaa,""
3091717,f1w2e4dn3kjcidr5bm6ifao243cqjhjbzlktago3y,""
3091977,f1hnvljphtrpwb6pxszxoh7k57br7goo33s6b22ry,""
3094032,f1wy6ik2ns5oypb4yx6uhuf55hxbzihugg674jzvi,""
3094699,f1l3xfkvekpu2w7oagf3b5r6gmwejmhhsxw6cnzmi,""
3095420,f1ilhecgewngpi3tplaarzkklihvdeko6p2bcishi,""
3095459,f1gspyuj2pmwwv2sfjj6xdoqg5bojt7pzsubfb7oy,""
3095953,f1h4dnfhioord7osa7vlqj72ttecfwjxrzdpmybmy,""
3096059,f1nqjcdo3zum4rgjgupx27li4isv4hvbihdio7y4y,""
3096060,f142hk7hprfjdvug63u5qtvchco4ttdk5klooczji,""
3096092,f14qqdecj5pxokqvx5in6mqcyupc3mvslggx5lzxq,""
3096139,f1bkqd2sir3ht5h2i4s5ualfllurah7fhmfxwtthi,""
3096141,f14oi2theo3duxc7w3ruoepxbdig42pzssxju457a,""
3096177,f1yikwyakwi2jhfmdfb5ywccsk4h37izgxouy7frq,""
3096368,f1hf7wrtbutesooucvus4llrfcbz6xne6yz6owoya,""
3096678,f1iyihonsjs44ke5ftorilthinv22s3bjvzkv2v3i,""
3096912,f1ndoet7zzentwwqqcge4rrnnurkjvz3qmc23miqq,""
3096938,f1kzg6jctjv7ymsidesasfp6lldmxa5nje4z4mxqi,""
3111586,f1px67wgok36w7mb5fpny6jjawx6nehknwnr5mc2y,""
3123037,f1rriorjgkxfktrdrjusgplm3yx4wr7cpjumol5aa,""
3131523,f14ewqeofpqt37xp6zqau4zrrmfbrbnsuxjrq5oti,""
3131718,f1lsmjwywrzcitdcqidgphwflfeks24hkbib6kejq,""
3131862,f15vna2wioxsck3sjzwdgikoeb5fkbrl3wkur3npi,""
3132773,f1h4kjjtpaiivvqw2taud26yvc2kgax3e5vwm5rmq,""
3133640,f1k3m2kmv4z33wwgqueddz2f6scnxojeif3ekvmkq,""
3134487,f136u72zfr7d6isys77yfiu2fpinrdqfjupimdbky,""
3135133,f1luy4lckjtpu3bec25teejvcws75gpmyfsndkela,""
3135378,f410fn2pdejznc4mzx32jt6zljbqqqt2mqy5taiuq7hq,""
3135466,f410fboqw6m5nsrr66tetggw5wvdimil7h5s2eptjgvq,""
3136439,f3svae653c6zetlcghrg6e2zc33fyg56imqcj2y35ornyji6kh7vwp7vgteptjfulkes4j4zloocfusj6vctia,""
3136591,f2g24hk5zgpguw2netrc22mv34gtrbdevph22zdpa,""
3136591,f410fhbxqr5xi4rshxbyucxv7xbmldy3x3gvsjrcnply,0x386f08f6e8e4647b871415ebfb858b1e377d9ab2
3137325,f1moxkfrrm4uvch25r4p7b3knjfyjufbfwitzaeli,""
3137377,f1kzufohrbwdtlkl47gvpbktslc7up2cdvmh5fgqq,""
3137535,f1ekt4rnygw3rpnmmtb5dtscjap7oprmj46upzzaa,""
3137626,f1gtwubtwewlc4a57kv3kr3jk2nevop5h4bagnmea,""
3137843,f1fqkz3kjhcmzm6pz5ln7eqfhahn6yuq262nblada,""
3137883,f1ws375yxs2pedch4aalvi7rsedc25odfi4sdlyoa,""
3137917,f1h6bz5vv2phmeo4nvtr253xi4dgiimqozq2xphgi,""
3137920,f1qfybd6gs5z6qvwrgkx7gnvwrxgfr3qu6y3arejy,""
3138132,f1wuqpl7nicj2kksnhnvocnak5dmtp2mrwcthg4oq,""
3138169,f1xyhrgnsmgkfz7u2rbxpewzidpi2sgxf5rwozuhi,""
3138382,f1xsv6b2dxin7o6hjs6b4zzkck7k6n76bwhngytfi,""
3138427,f154wr5fvxypdjbntk5xxpoifh3hfpjf2xbzfpmpa,""
3139083,f1c43foqnlfesp5hjfa4bupo42c5u2ij6ji54hn5i,""
3139098,f1lqqucuo3nt63n2eurifwa77lddxpdnkwpanflfq,""
3139118,f15242h6ht4wsktd6znbxcdrfwadopst2ks4rjjqi,""
3139177,f1n75cgyzi7lopii437bhydxbqjzjzv533vuhfhpi,""
3139573,f12zi5r77p3pm3oaztkni564f4irgckgcnwkskgka,""
3139621,f1hzzjom4d3bm2fexplwjfcsuztbfnxmoih7hmbzq,""
3139932,f13ckbkkygufutsdlxwz5zzlupvqlnz5fwdreqqoa,""
3140519,f16xr72nufr2pwak3s2jo65vczlv2zmrmtx6hgb7q,""
3141455,f16kwg2rv2ewcw737pnqqofic32xgzudjbfmkfm2q,""
3141794,f410f2ueqgrlnykdjfwymrfrjc57wqanahds2ea2jhoq,""
3142876,f2k5ch5vuaig7js26a7o4usoadriaq5skgvb7q5wa,""
3142885,f1iffzvo7naezyxyir3ylyma37fves66oah2endxa,""
3143085,f1hkqml3xxghwz5h3q4og2convvnelr5wcoy6pgcy,""
3143121,f1ojdxbixro3pxlozhcra5tzxe5p6df6rzwrmlaja,""
3144081,f1shnmru3vvdl2sneuastl2b3bgi3f2y327wm7y7i,""
3144138,f1ep7glqqesqyysmnrcv3pqi6yjtmxlkemeypyo6i,""
3144229,f1ouxkkeacppvlyx2rjsrx4tuwr7udix6uu47gjiy,""
3145403,f1xr7g7h7mvi6lay74qkarkzmb4lnasr6caaruvhq,""
3145486,f1kj4ao772y6xul55fk3aihv5t46x6bbd57c4thiy,""
3145500,f1hyqz2misaxpnwbnvlipz2kd32ibk2tlhymbhgqy,""
3145507,f2ynwflr24zur7f72jms6zeb4762tq36p67buuhjy,""
3145541,f1l6ezxcv5tgrzjz2ttf3uabxjayttnwrvlldz6yi,""
3146548,f1no3fvjdfpvtjutynf7etwwcocijbuas46f4cwty,""
3146629,f1ai6w6qtqgogjackrwbe65lnfclv2ihx33slowta,""
3146632,f1ehrfr74zhuhpanbzcnok5g2uiie7dfp42w2nc3a,""
3146633,f14upg5eq7bevexm6pesc6al5pcbbofdvilolwwui,""
3146638,f16zongsonw7kjii75vsqmoapvvupf7xdh52ptvaa,""
3147079,f1dvulxgyfvnv3fqwjpelfhictonbf3vytdgao4xy,""
3147224,f1pysfrlzxklfsnmh4xvwlhe2dxz5s6pzlg4blgwa,""
3147253,f1y4dmi3vnqdgftgcwputxnj4fprlzjxs73loll7q,""
3147261,f1goaci4ehoob2ngh2ld4ii7s7wvwvodwb4essqni,""
3147275,f1jcqmubrauzuq324orcmomau6wrmx466cypznm2a,""
3147339,f15tuvkdu3hp5g4y6ufrjttseppvqvfodinn2u23q,""
3147814,f1qj2ajbpwdkv33ajlexbd4eddbl6upnf6hxsa4ga,""
3147826,f1mucy4jqzfp7klykyuidmyi7kba4xdqfzep5oe7q,""
3148218,f25lx7knkfafifxiuxzvjav4xb3n5mmyl6gizydza,""
3148406,f1g5rlx4fntbol6wmvbwrtl5m63cgvijx5ft26pui,""
3150248,f3so46bhxsc47zxsxfgvsr3sh42m2boxkco5qoo2fvyima22g2s6lgd6cjuzcnsaf7njxliap7zi7ssgnpktlq,""
3150546,f14zmgrcgayihubfptjpn42xs2tgk7cpkjxgnjsyq,""
3150549,f1ndqycngvpma4gq7hvk5u7gxekivyyusqgtrxpwi,""
3150550,f17qa7psscfah4rnyxcfhxj24v5wjp36wjsvilgiq,""
3150656,f1deu3dtpvqphtovt2rzwppla2ikkzx334lhtpfpy,""
3152940,f1mpypjmz4xxcxy3oql7ksxa2ggczoaetbvxq2qxq,""
3153017,f1w2tv5rin6gwkqe3dkzlwajq7huxvgipmwywuusi,""
3155630,f1rbeabu5yjok6gicq757344w3w6wlbuujpomccua,""
3156196,f1tcdiusiow3wwraen7rnmiog2akmgkccnqqxftta,""
3156359,f3resjq4lv5a7o7vvedscuo35jgychi4kl6mzz3wm56cglxgjnzyezulv2u66odvbvmeaucsmrs7t6euww3o3q,""
3156776,f12ioys3onyne2c7xkcvrfb5vfcaedvjghrgpk7ey,""
3157242,f1ysecnx2x6bryrdhfz3ndttpsvfded5ocdxnedoq,""
3157277,f2uctdzfi2jsifxr65kzt3rm2apxeilmywbuecqwa,""
3157389,f1zqn6wfuz25rsbs6o44kom4u3ij27mpdaznz3jli,""
3159261,f1u7ubbl4ehozhjosfx76tqd2jzlldxk447wvicpy,""
3159782,f1jctjr7yb6exwheiizud2darc3xa427vbzrtxrai,""
3159858,f173fgwfoxhhy4ehr5azfmmcztkjsc7m4copzarcy,""
3159860,f1o2qncopywo7wfgv4yqp2jaxdmxds52bir2dxjci,""
3160976,f3qvaydl7rbqofm3u47as5r52wqbvpodo5bqcjxekls7viwh2fdfhqkl2aqbn2cfkhqsfnwhvxoqv6z7s3e5pa,""
3161385,f1qziuoz4eby5jbcvkffi45onor5t7o7ee6xkcz2i,""
3161503,f12e4cfbmcuomvwdirhvgzcgh7c6ggcpkqydih2wq,""
3164807,f1y4oymm2gj2txlsxx5g6yq6f5ifah6qp2bxcaspa,""
3173068,f1x4ll6hqe4sfst2oduhovs2crtku6igmvhla2pfa,""
3173143,f1fn65ndiwdzn42l2lz4fgdek5q3wy735jtzqkicy,""
3173478,f1kixvj72gdqnskqy4pj2ucuqbjedt3sqebt3w3sa,""
3173480,f1w2dazoo3k7k26q5lpmm7k5h3yleadslzijsbiaa,""
3174731,f1h53uih27nfesuug76trd7cddszz6yfqzcvumcvi,""
3174952,f3u2nut62wlv6ffq7yczsz5cus3jxctzpp34uy5pt2ufy5mtzdsajvwvmev6tzvb2tshjystp3byqjitqhnxoa,""
3175017,f16tk3x7keriijtkvgargk6qnnvbck5yulkt7b3vi,""
3176766,f1uhct7lhfhf65bfaehiwca5tbjnou5ew7jmkv5zi,""
3177932,f15nszarmic4zxwxqcvzxmrtsmrjfon6smffhba3q,""
3179579,f1dct3ievgmu33sq5pvmoot4zzlx5ei3422rhnszi,""
3180938,f3wxtso5eumhe5qubc6siqg275xnbjq7ltrcsj7wrg7aw7yb5wb2r2y47hrvwf4hqn3xjk7kjyhj2jgrhbq4ma,""
3181424,f16lkoer47de5r46ae2jddriacufmflpoml4vmmhy,""
3182553,f1l2aidxe4ogjrvc5rhs7dnltwnpuqle6rbcai7by,""
3183111,f1p2p3e6gv6vygtouazdcb4757vh5leylcxggzkbq,""
3184430,f1iuv4quvro3m2soa2qcte664enuprw3237ilsn2a,""
3186278,f1f5q5alqaduna4glzx6cgawhbovm45so2abg6ria,""
3186623,f1dedaiwmybczwcawdd22iju2lau42gdexruicm6i,""
3187663,f1wh5djhxsm457dnzouvyrfstdgbtkyzvwnzpwysa,""
3187822,f1qtxjoxzobjmcxn3aaxn7tyj7e3p24r3d2bw3ygy,""
3188843,f1paij7fdmzcgngc7v3mdoxuh6jvm4u5cl4uy7soi,""
3189345,f1nnoi4jw7eauijpcjffhcayiybj2y55zlpce3qfi,""
3189453,f1g3jtm5kqq43lkt3prwhggqauytu2mcf34a44mgi,""
3189676,f1dzwgjj4dn2e6yvek6pxkfywh6v4elxstfhcw2di,""
3189689,f1tcaggfavvuohcti43i2j3attnttcgwybuuzheqy,""
3190278,f1wtvnu2wb3ztp2lgbgbg4mmqfgizdacgsuhoaniq,""
3190500,f13sptrxohoobxp2nwpklzd5vtfswef776e4m5q5a,""
3190505,f3sb5dxwwoeawhj4cxdhb5ir5qadc3p7cocxw4i7gem2iuj6isvthkz6dqj2btdxxa7behz22l2ve3bd76viva,""
3191284,f1d4kl3b4xqmvrjzudyvpoxg7vofoeje6almg5sdq,""
3191673,f3rlevhhfdd76udmakmjdw7y7yc7m332dd27kgkwsf3u6e77i5fjkatbtry6ips5gsjgbpwrmzbv6wwlpn2cia,""
3191737,f3q3abpnkihovp2ougudmdp7dmf53p7itc3d35q6d45gojbj76qnrlqdfthkek7eqsd7sqdr5ek56d3tptq2fa,""
3194188,f1qwt3j3ny4bpwrv4few724zrvx6gry3d3ar6whqi,""
3194433,f12lzynamzvzulnxo6ciht6l7kpz2vq3tzinlfkxa,""
3194544,f1blcdr5udxdsxls6wvltwv46eo4iyivxmhhfsniy,""
3194641,f1t4ki32i53joxqx4rzoiiqpkmce3avuwmpxlm6ii,""
3194643,f1ifaqhylvx24mthmjjmro643vs75hapf5agu7qoy,""
3195155,f3wflzuo26kcqcmihmbgnfcbayhwulspnk2vqjndjupw2v3mzpdrlqnwwxscjp2m5spcg3w53s3dkpx4khzefa,""
3196466,f1g6mvot5eqlbo5umhja5wojab66uzba3vkxyqm4i,""
3196570,f1x65j23gk3euhsx6bd2253j7y6x7zxjxa2t3tlyy,""
3197085,f17fqjfkxh7pj5dv73pxpsviviitvptnvlyce2sga,""
3197108,f3uutkfpsrwph4e47znxeq3pf2yywz7l77hnr7ppoo3k3ohowx72ropumnmc3k7v54x3hq2oaik6pi2n2le5pa,""
3198293,f1xty4agk2t6goyzqmkdrnzrwvvaggus2wqvt4sxq,""
3198869,f1l6h4qtsh25wilqrdmdc62hsrea3dt7vts3aro7y,""
3199704,f174zsh25ywlkdzfdpqabzsnikxt4x7ovuhj4ynoi,""
3200311,f1ggmci7w2weizhh36uqetihmh76ewgme6hwgowti,""
3201394,f1mbnjcgj2nvfwygpntrrvd3uogphtw3psuogab5a,""
3201578,f16ioix7bxvrsry5sn3ipjkl246y2pqjalnzn4aiy,""
3201686,f15mpeltoy5lvojv3gaihclk7eh4wh7kwd5367tly,""
3201972,f17h6wblshweb7uj4ijxkdroqsdjcl7qijjzi6n3i,""
3202064,f1whjtbym63vnovx6itndqkj6k57jdzl5umaiuoly,""
3208378,f1j44hd5rxindqftcnp2einqvei4wjrlk5mcgutey,""
3212862,f3ubxib7jpfg5c2nwqdgut3bzxxgsjdzcply4rpwx27x26xtlrcwwgwgzcv7hxufjjwkxvyixm3ikekkzqrneq,""
3212865,f1oojpirt4mni4npobf5dcdkck2ujk3fbkbnco7di,""
3214598,f14y2b4pckb2ujdnya2inilqpo3qat4apioim763q,""
3214599,f1uslobirptsxitc4r3fngceffdzq54hu2b7sv7iq,""
3214600,f1p4xphio5c6yc6y3nbdg5npjx2jygmhzuqmx4ijq,""
3214866,f146jbsccg3cdoo4tbpkh242s4lpfnfivsg2ftoda,""
3214957,f1k7jl7ojwd2t65rgtbfeb3dsiyevvbis5sfwaqwy,""
3215028,f14jvqfbgsd26mhsq4ncntygxf3qwh6copyxib55y,""
3216698,f1e3xtuy6owna6tqjdgqtecqc3au5drarnnmph4ny,""
3216713,f3sxnchdtve2hkucqiey4iamw5fuac43svaj5vxhdy7qyrbpqo2gi5vswcfvgzimwslsmjplbgiba4viubxhcq,""
3216787,f1zdkarzmvihcfaxtilgmhotoxdmhs4q2ttwcwgjq,""
3216791,f1amlecro5w5dmz2kgdpqxhqojhrov3tt3sb2uaiq,""
3216818,f1qqop6wsiuqnavnvfwsvfm2bdhjmoskfdfutyaii,""
3218251,f1wdwmeqeywizc4lavymlmmfvttyes6sb7zqe7e3i,""
3219204,f1cx4t54gcqntjnmwchnext5rdbq4raey3pepxe2y,""
3219687,f3wuoqbj57xufqovkdu3t3haoh5zvjvkxveekd7qp3cmjjdz25alabr5wogvsimzc23sv2tmn2hwsbchva567q,""
3220152,f1tjlxww42udm6sapwprmiue62lwwuknfsgorgugi,""
3220716,f410f7l5mtq7w3m52y4joj4ckkiaaqgireqton3l6joy,""
3224701,f1lhf4ih3knictuzjghylwbaz7lzyntt3xywo7qmi,""
3224736,f3v4glu2vwyarcsuwkdxsdbcv7zndxvahhw6hx22jhr6pesgts6mt4ezukjfvgy7l56uyd7o5rwkkek3billsa,""
3225015,f1kqnifax2s37vot34zweny7hl42drzxt37w5qhfq,""
3225016,f1cx4a3awirb4nkxw5isxxa5rt2xafjflbnx3cmzq,""
3225223,f1txfpn7poabyye55psismrofunxdovdtvykt2uea,""
3225482,f1nuehdcfn2l7qvnucjfduodenfsluteclud6byea,""
3225810,f1ugqkysbxx5rb3323ftmmwxwcgvjacfe7my7hfaa,""
3225821,f1kfgeyrzbn767js6lvukwtz6xj2qh65acjzcqkai,""
3226253,f1i764cyzgg7dhx7r3tsrhhpsxyv6oilerhagoksi,""
3226362,f167yfn72t3fgak225enrir62ixtimigaqbcbf5pi,""
3226921,f1p43ksctma7sh4gxgltrses2mdg7ykmorndytu2q,""
3227134,f410fgi7bv5tevd3hgb3yp4sxk55bgwryd7fsfprz26i,""
3227753,f15xemmwpi6wz7bpbf6whc6b74siq2zuiyyznufxa,""
3228412,f1sahnog5xbb4nefhn5gqyuc5wsqwso7s6nrnvcnq,""
3228416,f1hn5tkcatxz7ui32zfnq7litbhsnrebwet26mm6a,""
3229541,f1inhnarm6mgotgmqqiiuff4l644egdyl3ktsvdei,""
3229827,f1ri3fyqb3tsr66nh2lqmryqktbfver5irm2mmnni,""
3231122,f17eeci7jslxmqrotwj4j6j6xgerjaffmbx6lx53i,""
3231214,f1l54fu3pign7z5b3gopbequyjhn4d2ogac4pg56a,""
3231240,f16rxdzqzbuk5elgcbyujrndq4h7jzwaovfamxcma,""
3231720,f1aflacds2zsw3sranghltvfccp7onzargonr7r3i,""
3232697,f1isziu4lbvtt2brvxe54b5bvfkxqmj7m2ux45apa,""
3232917,f1fi72e4d6lzued5qaa5s3ln3w4bodiyamixoflqa,""
3234404,f1ifpe2rmywletnc5zwtntrf3tmf5abey4j5hu5ca,""
3234626,f3uqwxmwgpzmexe6blyqnlhoaggbbmojn3vjqyoz6uccne4nseex3hdlkjzxwy7pvon7ubdcy2sztdntkf7zna,""
3235721,f1bbppztpteepgaz46dyzvpwr7ajnqq7gvhlba6rq,""
3235798,f12avrdgtgb2lqdruxsno3qdksz7ow5b25gc5if7q,""
3235847,f12cxxx4ruxcisre52awaohwfgxq3pjtm4efm3v3q,""
3235903,f14hw7zmrqi4w7llj3sc27yxn7vuaofgxpcds5opi,""
3235906,f1zcqp4nfzej54gmv723pc5toccp64r27tnlidcda,""
3236191,f3sy5j6z3pv5cnknaph23dyoxqfstiy2ujsi4ssql5nbz22dopjo4f6olohhxfuo2nqk5q5nsp4y24c4yd3ysa,""
3236312,f1a67akstc5ksz6q5jiaumnabmk7svdbcmqwk3axa,""
3236315,f1ix2cf2d5pmdiw3of7eou34ftu4btklqng7eo45q,""
3236387,f3wyjfnqf3or6gp4efwh6vpcywj74kjbvxe6qiq4eingvoupvgqzllisjumqcufxrkmwuktgccwzrpi7rn3vrq,""
3236492,f1qwzlpo6xzf67zpuhyohtilagejy4rlqobxgk33y,""
3237169,f17cuovxm2hqymgvwy5vxhyescpsy62lkqrnmuhha,""
3237274,f1e5luobyd7k2kpwgxynshnwwmqwt5x2yqp65bhny,""
3237827,f1naljnu2ieqmdeh4jbxobcqbzwqri24zfpdczxby,""
3237980,f1ns5wc5rbn3dmhc3wq3chsxyx556tfrze5la3zqa,""
3238572,f1y2mpni26wiicjt3yvw7xi3z7j2ri4gi2xvwtrpi,""
3239735,f16lhfgt3i34isux7g3kwufzmxjs3suqeeyvpd42y,""
3239767,f1q5fi45hihrkjupht77xuw3ie7b23byz3j7kmuxq,""
3239779,f1zfi4maamodbdpizcewkwjctp43v7tzy5ucc5lny,""
3239800,f1s35vubzmcfca4ql4whsr73et2rehbgxwpkrtutq,""
3240457,f3riycujiuhfgsnezghho3gkpws5gsm7pwnekmlsazqx5ui6hpchws3urhsxmpl4x4vawsf6xlo7sbswbam2ta,""
3240463,f1t44llc6oephnx447nvvsoiabfk73jqmywnefmcq,""
3240472,f1mp4xe27l46wl5vq4qdmedj5k5qm7twsewbgkgvy,""
3240604,f1vcu3cdlccqiriow46lzjtlnc32fu5clgcchgwza,""
3240651,f1s77sjfbqtc4qvtrltm3k5c4pghg7unr2o3db6zy,""
3241198,f1ipvskc3ctpnkc3at65mj62u5dczqdh7c2r4bhoq,""
3241703,f1w7cv25iisz2vg3i4ebteaql2h7ioavqc63rdlpa,""
3241706,f1xw44dgk2m2mo3ugr5o7ntwq4afg63f2esn6bihq,""
3241820,f1saxsdtnp22a53fjqz7fbzqnishsjkupsk6a252q,""
3241844,f1qaxbq35rwzo3y2aacwujgltmt64idwrpuunax3a,""
3242251,f1qjzr2bmjjhhqjwv7nhgvn5ph6ddjhrzokonokea,""
3244316,f13z26ohzsigjsht57ar6fah7wly323uw3hxdprti,""
3244944,f1hwrfunlc2vof2swv4lst3lyromfz2si4bnfmsfy,""
3245295,f1xzamkugue73fox7nztsmgymn4xwchmdtioocdqy,""
3245316,f1544eznhe2enrjnvocmq7pxwgwhmmvq4wpcykahq,""
3245653,f16j6sdtz2ziowvam56a6wizfqssv3g7m6gsr55ya,""
3246431,f3qgtbnk6h3dfg6zwkqwddez6rj7lvrcvurvltuk3q6oqsnui4ptcp5adrwddy5nchopjs7r5ple5rylofbvpq,""
3247438,f1url3q7xtpgafiidekytebtvaf65w2ol5julhhbq,""
3247612,f1tc4d6xemnvkp5cskj6zahqbnomvohv622dni4li,""
3250842,f1j72645uzsl4o4hxyfqg7fnf4mwz7nhcqjobzv5y,""
3251381,f1j7vbm3p2qadwjn3yupi2bk4sye3zucwqwahnu2y,""
3251436,f2skzbajkxghcr54uaqfd2vxzx4r5ijo5sfihag4a,""
3251444,f2akxc76pclc7e5tuflbwctwytncdhp5tsmkdhypi,""
3251448,f2dlznwhck4bnlkuncp4vjb4uuuaj7ha2fy3scz4y,""
3251477,f2ezkaba4iy7iqfnwwzopj3h364y2j5rrekwmksri,""
3251479,f2tv5dsxja2g4d2nryd5bwb62ae4ifldxzek52bki,""
3251522,f1vw27hcqodwml3jztauzxgvuxtksjicu2rqkb6uy,""
3252076,f14byzc3pazlqyf4qivfwxie6rwjlnm3b6iu2mppy,""
3252830,f12yabtqz4tiim3df5d7f5et3kcp2pld556cfff3i,""
3252957,f1cf4wy3onbijaj4mdxtglskduplfnwei5vrmyr3i,""
3252962,f1smykmebdgqymebbbtlnsc24bwd7pc6uyjazkkza,""
3253547,f1u2z66cbk26i4xdu4dscudxcvepu4k3k4rls3wuy,""
3253574,f410fqslkkgx5ehy4qnghg6uhy55exo2tg5mpck7jpri,""
3253574,f410fqslkkgx5ehy4qnghg6uhy55exo2tg5mpck7jpri,0x8496a51afd21f1c834c737a87c77a4bbb533758f
3254504,f1zbwowanywxva2hwrzedxqy7hpgkoavl7nrca4la,""
3258177,f410foc6psy3k7a2fb37tb2tslxj2hvzuj5ymcku7xia,""
3258177,f410foc6psy3k7a2fb37tb2tslxj2hvzuj5ymcku7xia,0x70bcf9636af83450eff30ea725dd3a3d7344f70c
3259531,f1bivh46mxq3h32waczz6ihx56wn2gh2o76d6rp6i,""
3259538,f1gqks2mxzxx42zzoebwllhtmvqpyvopa3ald3rxy,""
3259689,f16ystbzcbi7i2hskdkhpksvnjn2anhwxzksualmi,""
3259738,f1cqgyehgspfzgmmyjah26ylftte3spg5sasqqjta,""
3259741,f1krtpc244pcdzz5hyet34czekqtfmtih7a7azwui,""
3261810,f1fajbvpmzjzo3woy7thfiqva263nuovxtrj3v7sq,""
3262245,f1higevr5a34m4dqumr4flwd7wfstnby2t7qfawpi,""
3266237,f1mq7dudtdympxmgux35i6pffbqx7gmx72ogdcdli,""
3267511,f1ne47l72r2hgfi7q3no6s7cnf6alr6vxp2x5k5zq,""
3267602,f1dn35rijgd73khhwx6z2xvx7qx7jpn6ejnmqqzhi,""
3269168,f12j74v2dlq3zpynkapm5e4e6r3l57xyzrfoub65q,""
3269519,f1d4qmmmjfyvlo7wzg4yhgethmpzpyphzjkbhyeza,""
3272529,f1k6f5eepyhbrz2onfjwnlzhxuli3iuhskw2wluua,""
3277311,f1s3j5h3emfbrsj7by26kwhjaxr4lpx3oo2oxmiaq,""
3278602,f174mz57hgfirq7vgdhu4piwnvrpfg7a7j7qrnfka,""
3280273,f1tuasyd6axcf3e23kajz5fw3pfsspu7fzmyuayba,""
3282086,f3qj3pbjh63wjpzyw3xbrj5ab3ecs52ll234djbp2g5zm7dxhuowsebfurseoeig365dr5gf6b27nxmcqvaeaa,""
3282090,f1xozkfzgiyhbnakt6rpagwn2y2qyj4ycptyms2qi,""
3282131,f1wqb7o2xrbxleohyblcvhfrnw5fg5gqynsl2zshq,""
3282135,f1k3t36ed3gbsvi7z4h2b3yeqarmlxz4nafj5km5a,""
32828,f15hbp72okxtiptyupnmucy2hy3adqt3pukknqe7y,""
3283194,f12dblmo6rrzxwjto6wetthddv4ckozwruj2zp7zq,""
3284671,f1olcupq5ihfpukq5n6iekzsjbyooszblcavtu7ji,""
3285082,f15rbxa6g6evb4ocnjnrr4hhq6rpvo7zwwgr6eo3y,""
3285446,f15c5q43azeqniwod7uk3ueqyr3nplnh5wmlqvuti,""
32856,f3v3lj5jrsvv3nwmsvvj57yyty6ndb27oyi4yaqhwzst3emdv25hefna6vxhtpjb5pytwahdod67syxjyzba3q,""
3287155,f1fpvwsdrxxvd334s3jfeoinistcmbgxxyuqseywa,""
3287706,f13bosj4bl6bcbgusijekerhs7dxr4mdudyqffwni,""
3287722,f16wp5agwmggn5r23fqf5tq7xxu3hx6dgem7tnjry,""
3288802,f1w6qdbzvl3wdlgthqgb6m2jedyns5xleuya7vynq,""
3288932,f3rjgwpoq5lcsiw3gikvyhptexssps5da52jbimylkbn7cyd4z3zlq7kgj2bgdtikxmyawnkanxgklbod3cbea,""
3288934,f3qguqeldqrcizbq7vkehubw26ep4csblbalpsgrijhx5zkldx2mad2bokrek7fae6c77ek2oxc5dpofa6ihba,""
3288936,f1txmztdyu6cl7ukd4givoz2hygnj43l7a4tkxzgy,""
3289811,f15cgrcllsy55qwgwhwwxfmxfmpr6jn67tvuua2fy,""
3290407,f1llzvof7lq7amv6lfnumtj2uhz5dnhbswh7vvkaq,""
3290418,f1ggl2f2raedzz3kyzsqhtf77djs4zjqphepkb5ha,""
3290899,f1zsuqeqr7uhic25yvekgkqtvrbhorcngnw64olfi,""
3290933,f1wqu3qgogncmrxypp56s4g3hytzlo5i4nsgsxe7y,""
32914,f3vsaey2wmdzxqzmkzndgpztnxsvfgjumcvxvgwivubw5he5roqn2za7mpokvzsijroe5fhrjr2p7chnnhbdsq,""
3292378,f1offau5lwhthzahd5timsc5r4rpyon3xlgo5yarq,""
3294918,f3sr34hglqizgdo4pxeftytyl5t65ut7wwi3uksn7owbrh7syelyaierirqh54ojdsnue433ceiuq67eumuezq,""
3294988,f13cd6pwexvcuchdnhkd7oivv7ogrquvyxcfrop3y,""
3296853,f1zynp7am57xjupvl3b4wmz5aajcuuwnihdq6ifna,""
3297188,f3si72ludz4ftzprswnf4aw4b4e5bpmqmaszw6xnkcmv6u3lcogb35vae7rijvuoluxfkpa3g5zdjfp7wif7wq,""
3298650,f1icmt6yink34jw2g6etyt3yjmkclzgdpl2yvzdua,""
3300271,f3vxp4h5iwcoj3eomcdrpquoj3a6ledjkrw2ga77iym2xlirbhpxhmtafgb6sumdsvqld23e676n4iy6ng3vjq,""
3300309,f1qjdocjsg7rfd3fo2qadt3orhspseuvamz2bccwi,""
3300870,f16bc5v72rg3fmj7dcczcllgcqfconr5eljcokxky,""
3303842,f3uwaonibqntapmsens6yluvjwhxtebjvtvih3gzwrkpwhl7gkpjew546l2s4gopbmznfpee2lzmgaj7y72ctq,""
3304275,f1h5ogydjm23bxqqbrd5bm6isvqz6ei5hnabvkpxa,""
3309602,f1ucj4c2jvrxlc2pgnebsdhaarrdx4uhptal67etq,""
3312500,f17fmacm3bzjwulqd5ijnnqmipzcexi6hoqi7uuai,""
33132,f3ufzpudvsjqyiholpxiqoomsd2svy26jvy4z4pzodikgovkhkp6ioxf5p4jbpnf7tgyg67dny4j75e7og7zeq,""
3313266,f1tycb3dtgeqiopp2bxit6kgnm3v7zlsqjo7sjq4q,""
3315321,f16w2txsdfpqdbz3yb3lstfxonyau3p2jvblmnhfy,""
3319289,f1hkywlahjuw72pyilmr6sezllwhancvlb23l35ba,""
3319348,f1g6aouaoeo2zh33gweiswdts3mm4jjg6gvv7ppoi,""
3319412,f1erti5bbrllykrru6mfd4655tlls65grizujl6fi,""
3319423,f1f55wnks37adaexsbzsgvo733xovzmk6dyhl7tma,""
3321309,f12oqml7cpzmcl3ulqlokkt7t3imjx6tdcpf5ggcq,""
3321674,f1okzuhbledk6rjgjqae3xru6we2zntntxcn7dbai,""
3326465,f1mykpdhhpxakcalfgpjyhwjzebrvsnt5reiyab5y,""
3326545,f1h2omnp5zosbkposgthpjrmjgosbdqjwsefyynhi,""
3327650,f1awaukjvlselaifiyklt3aad2kcl56z62vzbj2ia,""
3333908,f1sga4s6onyjz4bjt2fmk7i3seqcw3j2vl7miyr3q,""
3337791,f12wlylkwoyws5lgkb2ayutvrp3r5q4zczim2q7iq,""
3338141,f1qcactitb5rwvpjimkf7aazpmp4vxr6hwkn4kdsi,""
3340154,f1wi5xfxjopo5iiorgc5gwe2plytqlspd4lktqaly,""
3340590,f1p25pidse3dhgmatvgl4oh7bwlln7vvcyxr7gpgi,""
3340640,f1bfr7zhujyxu2njvureo5smpvwlvcxvbfvyz35fa,""
3341289,f1sadd3ptbzczqrnd5ck5gzlo4weoz7u4thkr7huy,""
3346463,f410fjqx25nc4vwigssfjvxfkndsvs4e244pyzrovoqy,""
3349954,f1tnaoxxdsefr7fle3jhteag7lvh6slerdffgyncq,""
3357595,f410fnt5ugr7e7yevz3dlk6v7ytc7fr564ktglzjfigq,0x6cfb4347e4fe095cec6b57abfc4c5f2c7bee2a66
3358620,f410fw325e6novwl57jcsbhz6koljylxuhqq5jnp5ftq,""
3358620,f410fw325e6novwl57jcsbhz6koljylxuhqq5jnp5ftq,0xb6f5d279aead97dfa45209f3e53969c2ef43c21d
3359919,f1oj47cxrdcvi5scoicec7zrxrxzl36v53cm26aiy,""
3360101,f1qkb3xrrp3py5rabijd4lob3kkfckfixwwsk2qhy,""
3362267,f3tah2lyvmtbemzajwqzgx4xaqd4em664hufw4fgqghlceltn6gjcdrwx5htky5p5kimenhwds3pity4cnxtta,""
3363469,f1ppsb4ztmossudm66fr7u3svlxn3reqboedrfisy,""
3369658,f1bi4ama6hjptr7ry5lokzzcggjz2z7ayn6l3b3dq,""
3380989,f3v2djs3egxfet7ldaaq2difrzcinjr7atfu3hlofffujehkpdhej5ferbnsdcmstems2k4px27maanuz33fwa,""
3382844,f1jbqlzvarvztbqs3uldv3zbhgp4gwkrpq2hejqoq,""
3383679,f3vamcwislji5zkcp7afc3koztfvhwu2xnl2j3udhdmhhy6qv5qvccx2ktanj3v2kmwdv6t77jahclpqs5kyha,""
3385423,f1fr3s55k2cb5k4zhdltvuyncxrlxfwr57wqgj65i,""
3388020,f1usfttiuv2xdhfysmkz6qqigzhijdjkh4zvs5zni,""
3396954,f1o2litgaepxhhdmmaag47npgm2bwkynf6wgl254q,""
3416756,"",""
3427171,f1tdadwracpdyolq3sesypi7g4nutmby2ffiw2fiy,""
3441573,f1mri5agk3blkfofobuuoitmww7vpqq7kvkn4jk7y,""
3445044,f13oz3w4lzbsjjjerzskln5cspb3m4liok5fflmti,""
3488,"",""
3493270,f1twupnuuuono2vba2qveyszdxiiby2eekdby4nii,""
3493322,f124o7gz4y7ogcqps3kw2ecbkwja6hjqbs2gjefci,""
3493328,f1abyrz7n3npio6zao3w5cxxdhu6bgk4gjoakx2xq,""
3493383,f163dtxepxtvfstx57qp2mps725wvq64sxlegarnq,""
3493384,f1dhnoonvq4joiy3lb5bbps4mljm5knhpedcodmii,""
3495258,f155vmnyxux6o6o7vk243o6oprjxnmf4lkln4yxoi,""
3495400,f1kdu4jykgako2t6pphud25ej4knpt3dzet6ihhoi,""
3496501,f1dlvkbwkuwi5gkgeagmufmzxnclvikuu5zxhatui,""
3496599,f1ljatnhumlpsmx267n5i2whzim55chyz53awywqa,""
3498278,f1aunsm53pwjr3q6zisvxgp4shcy3guu653pp4tli,""
3498364,f1qqk6bmhsuioqtz7qdqbnt5nqokxhfiytaw62m7a,""
3499046,f1yvu6isx7bfjb2ckur4uf5rotwa5wolnux5563jy,""
3499288,f1ya5wqyzhxftimlzkul55vkfjqjqcippab45y6ui,""
3499293,f1aus4j4kyhmgo3iq7ykfow77hcwyyyacfddbbmoa,""
3499786,f1ppaoo2goltrhpkak5frot6b7nn5sxuxrasietfq,""
3500411,f3qmefvf5v44upu3c73on374ev2uzpd6d5we5hcgsbaccdam2ognjclvkplp2sb7z7nt5hj4hzv7lyfgozwova,""
3501497,f1xrerznd6cpnvwo5xguofbpp2udcywkufvmozuxi,""
3501575,f1skanbs4ssnbq2bx7sjma3g27d56tsdtezcpp53i,""
3501639,f3qgo3cvunrybfcyyorp2aoxs3kmpog3xq4f6icreieuumdqppvtljpzjqitbcqjagjf2kv25yiajkgdx2ppra,""
3501759,f1a5venknwex7jxd6hkeju7odpjpdj322iqdaw3ba,""
3501899,f1bs6v6zehukkcr454e7px3uphkhvttgd3zzbfgby,""
3502186,f1zggohjqchnee6soqs7h66qyugn64z6dir6a6zyq,""
3509062,f1rudwrrbmesqf7ajrfhk5cw6xi5g6wewkd2ex7kq,""
3509284,f3vabwdcxlp5aic4xkssaxrj2znyuu2tdsfcxsz3bdrekdpecsdquvqulemauswmya5usmitk5ppeowsc2rgia,""
3509470,f1g2byavy7foy4tu3p2he7vjl32hxdqyun22dmaci,""
3510184,f1njwd4gzcetntruh5takrj7esooqh2z5y5mluq6q,""
3510193,f410faaaljmnol36jkqnhvqaexf74gkelxariq5e3cnq,""
3510418,f1skjgotikvvlx3uzhzltiq2ejmwdmtxt5doa5vpy,""
3510806,f1albw7drvvgawsvdoxozvhwvlnau7hduu43kddpq,""
3513652,f1ogcgz4a6bmsmcdk3nnksw4yac5syis4tpqxd7by,""
3514536,f1w57fhtyn6ynxuijsai24i3iz65h37uelm2bnllq,""
3514634,f3qvmflxv67mhmfwdxgu56h4qzroaxjzvdi4w5y67inzqnldst4cx56o4ezxcgrmsxq7feylxea6pxkyblyfdq,""
3515672,f1pse3d6xvjch3pfk5lvgjmo6w6gyye4ig5eeseri,""
3515801,f1mzkjfncryti5rdwipsmpwzypt72ad2rqjtxmp6q,""
3518115,f3vj7kjnisn7xmbip4krtm55s3bzfiux7ybauxdc4s7um7qd5ikyew7zqfsb3rzmr4axpudlcgmekgmenvffqa,""
3518897,f1lqq3h56ken6aux6o47aempwbqg23ospoi2thnhy,""
3519816,f14kydujujvbr3tty2yklj5xlxj55n3o3aknprq3i,""
3520319,f1mcpedlvielkojces6g5hkcvj7xp7xtxlucjwily,""
3521515,f410fdyktk7zff72e2lhl5km73mpaqwabrthbajj3l5q,""
3521515,f410fdyktk7zff72e2lhl5km73mpaqwabrthbajj3l5q,0x1e15357f252ff44d2cebea99fdb1e0858018cce1
3523911,f3uvzsrbon45q36on6i2v5ak3a5apesmpnampqux2ne3lornvkmkuif6ygqer45bjmrebhsli4idwd5bgdo5va,""
3524784,f3s7x7olwuap2rl5avekhjq2alk2kh5elopxcqkv5kqvjvosk45drj6rrauvl5m45pgt6mw7rvmk7k52j2edca,""
3526352,f1lpdp4fk3mia2cradayukjjjdytqpetn7d6fzrfi,""
3526798,f152ylee6ws5kbl7grnlaqim7ypinfplflaoaxriq,""
3528425,f1yaenisy4rcpg7x7svbwcklbuipwg44zwobte2ra,""
3529544,f1zbcovdssehp25f7x7wzzvzsrlhzymqpnyaaghqi,""
35300,f3vyflo6zvqljp7mr3dz7hhtmz2macgjm77gkhbyp64djmpzkwyo23jircl45eftsw224jrcid55k7sbie546a,""
3531198,f1rubyymcuti5l4rz2vuo3dlsoccv4af2jnoq5eqy,""
3533180,f1t7xoprasdswrd73egve2yut67im5zedjoyu7mly,""
3533314,f1vfukygt43b2d5nvzlvokcbok2pe4pykiky3mouy,""
3533816,f1xo7mekly7yqp4sff3qml6q6bljp6iza3b6aneui,""
3533909,f1msmzgntacrb33q7xen4m3bzzkp3ct23siomhooi,""
3534792,f1qrbxdyyiipldwrbtf5wuwjolh2elzxcdkhcjdsy,""
3535034,f1h5573zqjfne3qmcoygfza2xhypzto4epqx3ux3y,""
3535091,f3r3tkbr34pcrzj42hy2pc7e4ujpxhrmuohy4bapnommhzmnn7vlyn6e5jb2lqpddsjtitzeicjcm2a4cypspa,""
3536547,f1aoe3ozv263n64fkxkbq4cgpkbukmgv2567fyjdi,""
3537137,f1d35ich4ok7wejqbvczyuvwlwgeiga72e4aueaza,""
3537422,f1ku57dwjsvphqxb2elkxpm2dkyypbolbkz6qchla,""
3537718,f1wjl22ez6dvsxlyfiivqil62ziginn2ytmn7b6uy,""
3539138,f1brxokbiy5zexcf33awbf5vmubo65m2ivxmz3mji,""
3539246,f12syf7zd3lfsv43aj2kb454ymaqw7debhumjnbqa,""
3540624,f1wwk7bt552t4g2tduf2xblir7jxemoz3h54qd37i,""
3542056,f1cqsqw3jcfrd7727jktptehjy5fqzrbzullb6ini,""
3542203,f1ixhnijjpbfci3v66e6h66f53awqyolzsgy3ipjy,""
3542210,f1hzo3esyejxp44mwgfz2u6dvkyi6g2avamobryvy,""
3542760,f1zccc65dxflauzrvftmolmjqtqbege6kqclrjegi,""
3542815,f410fo4l64ogb7kay3bbqmbbj6tpsxlz3eanoqs6nj6q,""
3542902,f17qnsd4mirtgjimjkhna2yuyhr5b6xkrwcq6z2zi,""
3543064,f1x6oyy6a5yplita3hefwsma5cqrk6kl4dq4mt3iy,""
3543109,f1w6lsxvs27jyf6vqqb4gom57a2oqgyq35y6wqwma,""
3543119,f3q3da6swoqcdzbjyzkklzxhre5xu6k3rky2fqkavwcrc3zuoporzamizsaxc4gbdgspc2cwa6hwhx7dfqxbaa,""
3543162,f3vcgtxdq7mlwjk7rcqou27thospjejwweunhvtkowmq3icgabriwxtugl647i5dsbxo4ulugdsl6o6k2evr7q,""
3543165,f1kgvwjvpt6xgr5gbswbonxycmc7ambn7tseqlxka,""
3543304,f1esp4pcbruwzqsev3aoxg5tdiwlbs2gcpbp6pe5y,""
3543313,f1yjg5ocy6tkyqvajtl5gdlazgpq6usrwumzsn6tq,""
3543317,f1w5cpqgl7saw7vjabbxwfdp3hugca5drp4sseubq,""
3544412,f1ejt363z22kla7bsb4ybz2cpxvcy3evsqck7n42q,""
3544414,f1lpoteyhsu2cf652fipt66tnk7qxofkopaljfzca,""
3545597,f410fbux62tpt2gfd4ytmwt46azx7b2ro7tdf3juiqvy,""
3545597,f410fbux62tpt2gfd4ytmwt46azx7b2ro7tdf3juiqvy,0x0d2fed4df3d18a3e626cb4f9e066ff0ea2efcc65
3545609,f410f3usmiqb27pqvd77kdhopaywr6wldzhjug5zwgni,0xdd24c4403afbe151ffea19dcf062d1f5963c9d34
3545612,f410fxuffkq6zbptdnh65wkurc2rdcznmwlez5eiz6dq,""
3545612,f410fxuffkq6zbptdnh65wkurc2rdcznmwlez5eiz6dq,0xbd0a5543d90be6369fddb2a9116a23165acb2c99
3545616,f410ffnflsbfqxiu34r3yqjjv4wo6w2h3uuqav56eemy,""
3545616,f410ffnflsbfqxiu34r3yqjjv4wo6w2h3uuqav56eemy,0x2b4ab904b0ba29be477882535e59deb68fba5200
3545619,f410fci3jb6xm7qhtvtsnozgde4lvyvjsvw227nkzgyi,""
3545619,f410fci3jb6xm7qhtvtsnozgde4lvyvjsvw227nkzgyi,0x123690faecfc0f3ace4d764c327175c5532adb5a
3545626,f410fywsnsqdiwz5djhqmqrtcxdskhf3sim5qhlbheui,0xc5a4d94068b67a349e0c84662b8e4a39772433b0
3545628,f410fgtwx3jdhuq5ckxeszi6oeyxi6vck3vcth6roary,0x34ed7da467a43a255c92ca3ce262e8f544add453
3545629,f410fuelfwxkr6umyi6p2z2ewc7n6hrntff3b34pggoq,0xa1165b5d51f5198479face89617dbe3c5b329761
3545632,f410fi3ejzxehuqgsgxks7fyg2i3gyaqul25laechqma,""
3545632,f410fi3ejzxehuqgsgxks7fyg2i3gyaqul25laechqma,0x46c89cdc87a40d235d52f9706d2366c02145ebab
3545634,f410fwpvrx5oapejeoun3pu3ussvlwko47caa6duoy2q,""
3545634,f410fwpvrx5oapejeoun3pu3ussvlwko47caa6duoy2q,0xb3eb1bf5c079124751bb7d37494aabb29dcf8800
3545635,f410fdfrfh3jhrys2w5rsjpdin3hab47gp4qy2z4fsdy,""
3545635,f410fdfrfh3jhrys2w5rsjpdin3hab47gp4qy2z4fsdy,0x196253ed278e25ab76324bc686ece00f3e67f218
3545636,f410fbyynovmd3g7yc4pciczoj57267vxy354yj3owhi,0x0e30d75583d9bf8171e240b2e4f7faf7eb7c6fbc
3545638,f410f4vrwdtgwulg3ni5u6zr24tyxysgjf74iunf6dei,0xe56361ccd6a2cdb6a3b4f663ae4f17c48c92ff88
3545639,f410fcjacnm6p2iyduto6hqjsi3ibqbs226mrefbynsy,""
3545639,f410fcjacnm6p2iyduto6hqjsi3ibqbs226mrefbynsy,0x124026b3cfd2303a4dde3c13246d018065ad7991
3545640,f410fpcsodiwc3m27rgr6y7pj22eq6awriqlo4bpnkhi,0x78a4e1a2c2db35f89a3ec7de9d6890f02d14416e
3545641,f410frz7z37dwb6lu2wc22tio2mhthoanyp24dk6gbwi,0x8e7f9dfc760f974d585ad4d0ed30f33b80dc3f5c
3545642,f410frzphwfrauexdofg3kj56bs32j25nzowe6xnu2ii,0x8e5e7b1620a12e3714db527be0cb7a4ebadcbac4
3545643,f410fem4lplqcjer7lxxgnpcrvxk326ktfvfok57tudi,""
3545643,f410fem4lplqcjer7lxxgnpcrvxk326ktfvfok57tudi,0x2338b7ae024923f5dee66bc51add5bd79532d4ae
3545645,f410fjhlwyw6a2ousxyx4zuq76czy3cyzfoze2rwk7na,0x49d76c5bc0d3a92be2fccd21ff0b38d8b192bb24
3545647,f410f6h6jb65ukirdx4fwuyeomsw7s5qpcy72uhygoqy,0xf1fc90fbb452223bf0b6a608e64adf9760f163fa
3545648,f410fegrsvirv5rh3nnebtvehghrekspdvb4xlz556jy,0x21a32aa235ec4fb6b4819d48731e24549e3a8797
3545650,f410ftxfwosodbtmof536bqzzduksaken2evj4ehkeny,0x9dcb6749c30cd8e2f77e0c3391d1520288dd12a9
3545651,f410foe7gl7u57ookbbjmn6eav2zaed4r454plezbocy,0x713e65fe9dfb9ca0852c6f880aeb2020f91e778f
3545652,f410fp263er55hrywugpn5tzotzw67ge7mwu6zyy5t3y,""
3545652,f410fp263er55hrywugpn5tzotzw67ge7mwu6zyy5t3y,0x7ebdb247bd3c716a19edecf2e9e6def989f65a9e
3545655,f410fh2g45hykueu7pxdunlcrqyfsgoqezrfyxpnblbq,0x3e8dce9f0aa129f7dc746ac51860b233a04cc4b8
3545659,f410fpthnazskfzvl3obfdtyzwhahi2ucewcltplerky,0x7cced0664a2e6abdb8251cf19b1c0746a822584b
3545660,f410fhbmfnwccrxiu25gcn6jolz3cavo6r57ko22aeha,""
3545660,f410fhbmfnwccrxiu25gcn6jolz3cavo6r57ko22aeha,0x385856d8428dd14d74c26f92e5e762055de8f7ea
3545663,f410fg7pkr7my6mm32nnr6uzaxly3vxwa5rbl6axkddi,""
3545663,f410fg7pkr7my6mm32nnr6uzaxly3vxwa5rbl6axkddi,0x37dea8fd98f319bd35b1f5320baf1badec0ec42b
3545664,f410frmvbt7qimx245kwm5dvdggx6qywz5behbg2eiwy,0x8b2a19fe0865f5ceaacce8ea331afe862d9e8487
3545668,f410f2gttflowjnzcxeeop6husfjctopyvskazcmnjgi,""
3545668,f410f2gttflowjnzcxeeop6husfjctopyvskazcmnjgi,0xd1a732add64b722b908e7f8f4915229b9f8ac940
3545670,f410fs72ei5u5zmtdtiahn7rb5jymjleoh2ztmu7cppq,""
3545670,f410fs72ei5u5zmtdtiahn7rb5jymjleoh2ztmu7cppq,0x97f444769dcb2639a0076fe21ea70c4ac8e3eb33
3545673,f410fu5ni74qkmmqp7sfqxlwijpatwb6lijziu4zcf3a,0xa75a8ff20a6320ffc8b0baec84bc13b07cb42728
3545675,f410femjultrstspavt3ityq3hv3g3lu5mf7vlvdxa2a,0x231345ce329c9e0acf689e21b3d766dae9d617f5
3545676,f410f2nwabnzlrduqa3xvjhreumnx37ejpejjyq7etxy,""
3545676,f410f2nwabnzlrduqa3xvjhreumnx37ejpejjyq7etxy,0xd36c00b72b88e9006ef549e24a31b7dfc8979129
3545677,f410fed5uiv6q7rshb4fowb2cqdcrjif7typ4lie2tiq,0x20fb4457d0fc6470f0aeb074280c514a0bf9e1fc
3545679,f410fv27slnhjgpqcwi27t6j76hbtzrdg3pxdugazvmy,0xaebf25b4e933e02b235f9f93ff1c33cc466dbee3
3545680,f410fv3pb7yehrqarlivqxjgbifegglphsscrcoknrwi,0xaede1fe0878c0115a2b0ba4c14148632de794851
3545682,f410fh6ilo6dzx2p5fjnmcv7omza62sw7a534wegymiy,""
3545682,f410fh6ilo6dzx2p5fjnmcv7omza62sw7a534wegymiy,0x3f90b77879be9fd2a5ac157ee6641ed4adf0777c
3545683,f410fdtuss6i7jcgteweers6m4iyzm3ddbt3jkxbykma,0x1ce929791f488d3258848cbcce231966c630cf69
3545685,f410ft6h42gg2yl3wcyqsnp6lpwnynj5zsrez7tvi7di,0x9f8fcd18dac2f76162126bfcb7d9b86a7b994499
3545687,f410fuw3azvwhd4rm6rxcygofdj3zqvwhzg2w7ktt7yy,0xa5b60cd6c71f22cf46e2c19c51a779856c7c9b56
3545689,f410frep4h6t6ig4jbudbb4eng2hnyvnpumlfb3i4poy,0x891fc3fa7e41b890d0610f08d368edc55afa3165
3545842,f1uhijnqjtdxpkdclbsg7njxwxjg5qiwubtgrejpq,""
3546021,f1vs6rgnwzzxam54j532g3j3tjatmjirnu3okdhvq,""
3546520,f1jrqisendkodscosdilfpikvruzcpwemjytqfxca,""
3546547,f1ibg3wgg4vjrfiwvl7awghsylac4lugsaj6ugjya,""
3547413,f163tsrovy3uckk75sw6zxer37bulkc7dz5fqhndq,""
3550612,f17ti2t4bhrszdyfl7pecvjhnyj4q5lo5p5yuyg3a,""
3550796,f1emx47khls7kfqa5un7k5pzqg4g2gi5whaxhcexi,""
3551481,f1hzlscedx7iiloyb5aossps5ljmytl4hpiao5x3i,""
3551482,f1nppxpcugbyscee6agelg27esginkjgf55jvb6bi,""
3551983,f1kgkqqakapjcfljmtdezl5iq5mvakbmb5oh4wdbi,""
3552345,f1vzugd5qb54imqy2lch342mctu7epyxos6gebixi,""
3557759,f1y35ss72qsarp744psep3o6a3hlfhqrnligtmz2a,""
3557826,f1kpnj6uiqi3h55fk5xg4nz25yzcaxsrktf57p7vy,""
3600210,f1qonznhjd5b233gqy3aoyvp4ez66shktp4jxo46y,""
3600963,f1gosfrqzknkya2n5iahsm3r52a5zewjztjfcxi5i,""
3601040,f1p4vgs62kgfrkqvu7tp7x5gfucaljqk6shg2fali,""
3601395,f2nkktzi5ofarvjqzdi7baqngwjdqygmgnyfhynwi,""
3601497,f1omefxqlrcbf6wvobuh3dmenfwyqevaeajsjagnq,""
3601498,f1lt2l4pgz6cattyt77624oy4uzeyuwvifcqq4d2a,""
3602023,f1ich5vzqch5rr75ri7xsie7o7lsuphhvca3ryb6i,""
3604159,f14w5nqjqdvxjz7a7hhqlbwnyt6jwnv6cs6zelauy,""
3604244,f1j7255buvfyo43v3lnky7vqyezcypu4flcka3jwq,""
3605541,f13pln56dxtdvhu3rce2byxxmjq67kmuxjtax5h7i,""
3605847,f1krq6qflo4lz5sk5uxwcba4oddwqehxcsianodei,""
3606156,f1xvmdqttk33uxwqqca2eawnd6wf3xgufgghi7xeq,""
3607027,f1rz4do7bhtjcqho7tddtw3gvghkp4r4wcwklufni,""
3609137,f1axldqbc6dqyefzr6z2f6pz22rbu22zahbbw4gzi,""
3609814,f3vb3o45fadbgqlnhgbwc7s5cxg47a25hjoq5ojiu5jnnelvvxoo3fqjgjlo2u24gl73zf2xjyg7ily4dbb5kq,""
3609815,f3wudb5cu5lu7c2zt42mghbqlcjfo2o5nnqao7w2ykk5mijueg2si7a65i7qxzkfbym2btrhuluvnrrmd6onfq,""
3610307,f1hvlrov4m4ore6mzw6zamiqqsohl64wtv2peas3q,""
3610316,f1lsywcivzsxco6fvmtmyhjnk2izekwarjh4vttha,""
3611253,f1aa4u6schvajuhfiznlguswbsanzxobkqqwi34ki,""
3611724,f1ta3cgudajhdy4rh7r2nleqg3fowglwj73jfbh4i,""
3611759,f1vmwu4ez6rbb72odpx5hhn7yp2garlnyirturjqq,""
3612299,f1acp6fqv7adot6nqpalqgtfd7ijrzvf63glt6rti,""
3613335,f12k64b3wyr24ghh4ntdzyevstjlrefxv4dn265ey,""
3613603,"",""
3614387,f1wctpgzd3n6blmohxxvavf4tx6bpi4zkyo7glipi,""
3614758,f1e2kemimijy2l7y4me6es3y6k5dne5fbyaha6vby,""
3615672,f1esg62w72ager2vhrrzca7komqcsdkaffphxftai,""
3616127,f3vtdklohx2yxpfrh2qjuowyuy6omuqpl6lcu5ocexgae5kgtutv3lpd5r4ledsic5hjlvv6gk4n5k5khfbojq,""
3616189,f1vteuwk4mqmv4m7x43jf7bohwmrtqljmmaxlq7eq,""
3616650,f1srtc34se2lgufylq35mgfkegpgdltdiyziw5diq,""
3616848,f1feeingfptifdr4zwimhfn2sfkznuhfbojmheyly,""
3616888,f2k4jd5c4sp7i5mqp7n2zk3ntfkflqv2rwro7xnxa,""
3617148,f2b6y7gpyqxwp2g5wdsmaivh5xu6f6oykofdqpari,""
3617572,f3xg7evtc4qmo22osmzzyewibk7j24slzm6ksze3kvlzfvpqmhb7qlvo27t4goqgo7v4modcrf6em7qlovpsnq,""
3617573,f3sgowf77npqpeisvzzszm3rcfkiux73s2yxhfaccdhtyxqlld46ed4mf7xz64dbpkmqilnd7r6e6kx27lgpga,""
3617575,f3uivtfezasoeezrmxbwtuw22lwfov3yfkgiupxwrluzbdemyg6ot63v66oc6q5sskqe3ct2zat5kghpu7zd3a,""
3617631,f2njirmib44pred3khly4d4y4755oav3glsjkmvsi,""
3617869,f2qfgl2ybxx7dul5qe7rmmzwmaq7xp4woscu3lbnq,""
3617871,f2q5bs54s7srw6dk3urvuqwdjb3nxz7senjmn5g2i,""
3617873,f2oasaaoofntz53tw4vggdcfdwfyyngm25iognanq,""
3617875,f2jcsc6ysxw6huupw3ckhkd2j6cfn6odrzeubuvii,""
3617895,f17oueelw7ydpdmqn3sr4swt4dwx6vwg6zyibpiri,""
3617908,f1g2ucuvfhxtnmbbammv7pgcdlq5bvhrjytu73gbi,""
3617914,f26khxkbrm2mucrebsgejyd3bpc3gmvhhmdqb6aki,""
3617939,f2onxvf2zmed2gctynicq5zg2mdd4ilucmzmovjsa,""
3617945,f26ciuqfbmigpabzcd3etdggmcfoce3jxxq7lszcq,""
3618002,f26ctg76vbymx74i7fywodxc45gnipclz3i667cvi,""
3618570,f1hjraicupdvvasgwnble4rbecqzvw7qrvpkw2m5i,""
3618913,f2io5hjiqklyfwrrb5xpst6russ3bonakkcydazsy,""
3618915,f2ag7xficgiubk7u7237z3q4gkglaecmfwurtxgxi,""
3618964,f1ouqzxw752y7yoxsoky7vdn7kn6bbkmgzh7u7cxi,""
3619939,f2rohxaxoxwhtrmy7gkoa4r6m7qbdtl4ler3eswoq,""
3620625,f410fhif5ufnihbetbtslfbtgb3wok47xfbwtyvvomkq,0x3a0bda15a8384930ce4b286660eece573f7286d3
3620761,f410fipdnqzzlxpzwlxkdo2hjtrcje66dneiyv6nhziq,""
3620990,f167xdmss3bxsa4po5hkshe7lkglzxyuc4rbst43a,""
3621018,f1co2ta7lhp4s4t2zxlcn7he3soj3h76ducz4fnfa,""
3621046,f1bcurd477bu2oickpct2qpdi4nnuxpajb6eck7fq,""
3621171,f1s2rxucps3q5n7dytecuigksg75pjneyo5f5lrii,""
3621183,f1kxepp7ec6ge7c2opzeugq2o3llqdkkvvciwnk6i,""
3621251,f1vidm3ytrx67twx7e5tnhhtjvbw5aomnnguj4ihy,""
3621494,f1nqnnhabda24obyhpppea2oyr5ag2cwab7w6o4ti,""
3622605,f2grhgddmyxti7g3jfu6esos6sxlgd6xveuzt3coa,""
3622734,f2brdgotsj52ncv6qzt54bho477j5w5rgrdmm3q7a,""
3622849,f1em7yhgdfjccx52rjlonotj4tqerb4xlyi24msdi,""
3622878,f1g23ez72o4iskhfz6e6hdxs2vxmmkp5nnbmwar7i,""
3622967,f22audkhcgua6vxwwwkb6rrsvm7gs3uwn7utji6fi,""
3623121,f1hf5zodlxgvf4dz4laujce6xxmpalusfxuf43uoi,""
3623170,f24dvserezcrb372p7sortgm5gnxvysxoxigoywpi,""
3623186,f1zcy3u4izzs3krxe3t5uel5dii3vwl7g2wzqnc2a,""
3623205,f135ek5cnapg4456jhtsq7r67r2zcxnexcfsxssai,""
3623544,f2725oo3fc2gi77yda4hyp4ryyzjhyffal7zpvnbq,""
3623615,f2ch6wkvgpyme2x4pz33wcev4brl3irscriiky5uy,""
3623680,f2tcj2m2wfrs4ckhtnjaqgiu5oosztpmegdyxlnra,""
3624680,f14iffvmi4cpnjqzwu524zfomoc6ousw2zquk7vya,""
3625046,f1iqjyqdpjuqhjkh6gtst43b6ptqmd3l3c5csf3wi,""
3626038,f1732o56aytnsuewosui7jpawwnoux5jucml6tpai,""
3626101,f3qhjfeopalpwqe43ukxlsjfiszpncdsmwz2dwpnamzthatexlos4ng7c6kec3ub76or7z3rhnrofykvnepqzq,""
3626235,f1k4ebygepenw6zr6gb7u77w3eaaed2xb42h55sfy,""
3626429,f1iwxatiydiqmplpz6o2yxgnoqxwwuthvw4toeqra,""
3626432,f2o3qlrayvmzuqrz44s2kel3g4wekdmcjuk6bcgqa,""
3626472,f25lhveiq4tnpnafhzw5wz3kbe7lzskqdeqwtmsoy,""
3626500,f26oafqpnh7lncjc5hoyj6xib5o62s6gzozdkx5gy,""
3626538,f1av7xxk45cbeqjlxw6ole4ayrbx7uzuboqhl2wtq,""
3626553,f2y7lcn4xcjrr3evfaw3zcckevxq5qllpkctqgfma,""
3626557,f1cbg5z5jwx2u2ttha3r32siosuop4agf4ky3wmfa,""
3626562,f1yjlzryqjplzow3yu7km3mfrrcgimtifq7qoggzq,""
3627045,f1n4ltny4pvndxhzfr2ug2bsqa6gusy677qejxkey,""
3627504,f15ssaxpw3swf6j2rseq6a7oejn2abiwcimdaaunq,""
3627608,f3sgwug3h56bw5np4qfwjj47vh3zzp5tfmayhuwjnxurteslzwe4zidhxz4gtpo3rdkixbtgaocdmt2imxaoja,""
3627612,f1rto7zthkzfazt7baq6kpls4mozpmh2m7oxehcqy,""
3627618,f2a4eel3xtwqw7sboqo47z2gjbymkqhe2fukffiui,""
3627646,f1gajzzikdxfktkedlyjicekljjhdfakywsuvcglq,""
3628464,f17qhnsk3liut7cyc62bmykwxngagnygbl6qwigma,""
3628494,f1udtgfa44xpbw25sdxvshbmda4ptc7vpvmreun2y,""
3628920,f166evqbpij4nkgq3gw34jkklte4pnkjqsck45dfy,""
3629174,f12tgogewzwogg4qsgnsghhvznzio73akkot2722y,""
3630207,f1hiopsqlm5lmmegm275pvinhddjjolke6irf73ja,""
3630410,f1egc7pvchnhj6hrgc2woigwqbwv4bar6nz6n3oki,""
3630974,f1cbdggqpfp4bpgkwsv53xc3hf2pani6h3yggzm6y,""
3631455,f1fdtvv57oewvd7eeoyplazum3amcfrpa4dd5ibpi,""
3631851,f126tt6ifhd3rhaz4yfcl3j356jblzyeho672fsly,""
3631924,f16q2tmpxxy7sxcyuqcobwjfuwupakwy2whosmosa,""
3632076,f1tad3kr3p7bkwzhtfbpiseragsch7qeeyi2szvua,""
3632082,f1ctj55dkuv57vnkmj6ngrnykofurgotrzncfsrnq,""
3632805,f1eguy4uruawgfecmsj5kid57c7v6kcdprzwejggi,""
3633013,f410ftn4wwvokyz3lkiuo776fxa2znethb4nac6ic24q,""
3633013,f410ftn4wwvokyz3lkiuo776fxa2znethb4nac6ic24q,0x9b796b55cac676b5228efffc5b8359692670f1a0
3633014,f410fp6fg7iwixrvtci7ecmzxmfnqfrks24ntjheittq,0x7f8a6fa2c8bc6b3123e413337615b02c552d71b3
3633015,f410fg6hsfc4nb2hztwvoiba7tiefsah3rrw27tovw2a,0x378f228b8d0e8f99daae4041f9a085900fb8c6da
3633016,f410fuwydqssa3cib56ie7ea4jwdmgaewdsbhz6544pq,0xa5b0384a40d8901ef904f901c4d86c300961c827
3633017,f410fwtfuun5yiffpa5i6s5tcmwsjrktjtmwfrmcmy4i,0xb4cb4a37b8414af0751e9766265a498aa699b2c5
3633018,f410f3c2w7pddqspukzxex577bcsri2zyc3k2dmzw6ai,""
3633018,f410f3c2w7pddqspukzxex577bcsri2zyc3k2dmzw6ai,0xd8b56fbc63849f4566e4bf7ff08a5146b3816d5a
3633019,f410fxxn75jlhm5fgnmoiciwigx32amdgalct3ym7wgq,0xbddbfea567674a66b1c8122c835f7a0306602c53
3633020,f410fy6xsq34nf6bv5z7cpomrelip22dfwdeu7hqqjfa,0xc7af286f8d2f835ee7e27b99122d0fd6865b0c94
3633021,f410fayxonlr7f2ezgfx4ggjsewsd2ebytgn7p4c3mjq,""
3633021,f410fayxonlr7f2ezgfx4ggjsewsd2ebytgn7p4c3mjq,0x062ee6ae3f2e899316fc3193225a43d1038999bf
3633022,f410fq7hups4hhh2befqqnik7jeeb6njggdycnwocdmq,""
3633022,f410fq7hups4hhh2befqqnik7jeeb6njggdycnwocdmq,0x87cf47cb8739f41216106a15f49081f352630f02
3633023,f410f4otpi2lkfymmhxbwbupsc3rxynzeqsmm2e25jbi,0xe3a6f4696a2e18c3dc360d1f216e37c37248498c
3633025,f410fhgrqajsdjec6ljxuk33uvopkyopu4jecok4gvaa,0x39a30026434905e5a6f456f74ab9eac39f4e2482
3633027,f410fu6luqparfgebtrnfjibz5udm2w5nat3cwed24qa,0xa797483c11298819c5a54a039ed06cd5bad04f62
3633028,f410fhtkhnhwfztb2nn3lfywwj5gtlsuhgtxx32bpxjq,0x3cd4769ec5ccc3a6b76b2e2d64f4d35ca8734ef7
3633029,f410fzhhjtvacsdtnjtsezvrvjfowslbltr6lyoxm3ei,0xc9ce99d40290e6d4ce44cd635495d692c2b9c7cb
3633030,f410fhabfdajgnpvn3fjnwohdg5lckomrnglmf3lysby,0x38025181266beadd952db38e337562539916996c
3633033,f410fdjzk2tnrgv4t7jdfjkxliahmemztkj7b2mrmtoq,""
3633033,f410fdjzk2tnrgv4t7jdfjkxliahmemztkj7b2mrmtoq,0x1a72ad4db135793fa4654aaeb400ec23333527e1
3633035,f410fpwvfn6cw7gg3g7jx5sk23z2g7p5c2we7kp2y6la,0x7daa56f856f98db37d37ec95ade746fbfa2d589f
3633036,f410fehh3the4j3yjncu62pswz6vyygy6bokmnhtcaoq,0x21cfb99c9c4ef0968a9ed3e56cfab8c1b1e0b94c
3633176,f1l7pvebfns5gavlcxnktcc2dop7fco4aqb72et7a,""
3633240,f410ftz2xvcbex3pczwfivzakq7yfd2jww3nwjp7hv5i,0x9e757a8824bede2cd8a8ae40a87f051e936b6db6
3633242,f1ogj5dk3edl47lq6hn2rjeudcbtwhppw3vvnf3kq,""
3633330,f1mcfo3j4ickd3ybxx2aslyjfvwxipi5gow3w7ynq,""
3633431,f1hggb5aiksj73aae6kca77fqhgqrl7d2lphtq6ry,""
3633887,f3rrnxdb6wtzpupcnnvloxjfjwo2kn44w2jqu22j5a4dkbiizf7m7to7is22bo7yhfd6qea2ydbveyqe3lxp7q,""
3634050,f410f5dobdlddamee4qbzt7vaesbkcj3knmdnjrm4zca,0xe8dc11ac6303084e40399fea02482a1276a6b06d
3634053,f410f66xoxrwo5hhgyxbr44xjzzpt3dtzfulzxhonmca,0xf7aeebc6cee9ce6c5c31e72e9ce5f3d8e792d179
3634057,f410fersq5lrlyfkolgvkkbljgn5qvmor2hueiqel3uq,""
3634057,f410fersq5lrlyfkolgvkkbljgn5qvmor2hueiqel3uq,0x24650eae2bc154e59aaa50569337b0ab1d1d1e84
3634130,f410f5clmcx2recqhyjeb4d6phuai4he6o3a77guvfny,""
3634130,f410f5clmcx2recqhyjeb4d6phuai4he6o3a77guvfny,0xe896c15f5120a07c2481e0fcf3d008e1c9e76c1f
3634175,f1wovdbvew2yo6bwzu6rivov6owvoqxztlqppcjvq,""
3634237,f1jbkwylyjminkq5wrih343fpsja6jtik2rga5jfy,""
3634272,f410febaipikn3srp274wemzg2jn2w5wbgrb5np5vqni,0x204087a14ddca2fd7f9623326d25bab76c13443d
3634274,f410fcllfjfx6ovhmavj4ir7avl36b3hgxt6ey5vb7di,0x12d65496fe754ec0553c447e0aaf7e0ece6bcfc4
3634275,f410fjxhr4kl4fjvuuvnpkesfxaekbujduvswb3is7jq,""
3634275,f410fjxhr4kl4fjvuuvnpkesfxaekbujduvswb3is7jq,0x4dcf1e297c2a6b4a55af51245b808a0d123a5656
3634279,f410fdpjkp5pd2t45sdkgukfnwtpanxe2swkjsbvvowa,0x1bd2a7f5e3d4f9d90d46a28adb4de06dc9a95949
3634419,f1364ppngdgkzitzskv2rtooe2wz2iafioaog224a,""
3634474,f17etrtgskjni5v2ugie3v2wdsfd2jyqjqqr4s6aq,""
3634899,f1dskufcj6kxyeretgkkdlurwpbiub4bvt433uyga,""
3634904,f14j4dvmqboapvqs4gpzushk4yqxzr2j6yhsibyui,""
3634927,f16k5n2uqxp3ly5xqnwd6gxyl6xbwzblfau2p3lci,""
3634929,f1pxfsz24cyrvohytewt5cj5slpias7jxvgo42gsq,""
3635122,f1kqvqrfg5s3jafxc26ohxmgzkfxuzkh2k4fzzizy,""
3635282,f1n4zgam2zn56bgqbv4qiznlz32cpurhy7iuowhwa,""
3635435,f1kur4jy3kj7eavaou7lwekthbcln5wsxx32shr4a,""
3635645,f1mokx5ogircmhlbijlthsl2rzb4rhflkvzo77yuy,""
3635864,f1wbaxswqd2nbgusf5fg5wmf4lqfxnxaucgqr2lgq,""
3635869,f1zzxiixpqv37wrff7igjv2olvethald3tv43ab7a,""
3635873,f1tkqbvi6prs6hxolcrqbyr2yytl6vrejy3feeomi,""
3636162,f1snecd7i2jgeku6xsmcqkhe3bgakd7zqakhbshlq,""
3636250,f410f5u7uoqebfcw32yrjeywgw5w2rexttkglzkh2awq,0xed3f47408128adbd6229262c6b76da892f39a8cb
3636409,f1hnlnngv5fdxudruqrbqykds7ebxtxbtqkcmgndi,""
3636470,f16hz56jzitdbcvtjmsx4tfs4kfhjbhcsppvr2pdy,""
3637614,f3wjizvisvjvezu6o5ny2rhsm2bzztucovsa4jz7cbxnfkd44nddmlgswsqhffgdlzwhgnom6n4ola36f7dzja,""
3638319,f1ysnjk6rm5gn25dtrvawye7irz7mvzpncgwjwhlq,""
3639000,f1nrllerlnvas4wwoutizik3jw4wu47czfamnf5wq,""
3639212,f1kxqdrspgucke3dqejzijfvcywx2fadfauljcgxq,""
3639221,f1xiqcgiblat7men3isjirit4vrnqqh4udab2nrmi,""
3639609,f1xgd34ltjiy45mn5qovzk7othsy4hq7tdgutawdi,""
3639627,f1jh5fasirziwfjwda5dmst3ndsxryoo3pts4aaii,""
3639989,f1dzk6i5fb5mkwpfzbc67k3ihddbzb6umch3tguii,""
3640608,f1dbmyvehe2m3n5nwkrgoq57pm2nwu7gbaa7jvtey,""
3641076,f14cduluuq5ybtusx277vtdvd5c33buiggb65zewy,""
3641096,f410fl27c4o2fjbcr7ed7ewcbkarurpy3ucxr2coez2i,""
3641308,f410fro5c7z5rxkxdkncgpxcetbpmsxuhptxlpo2hfgi,""
3641423,f410ftbbxnk6r75krrnvotudfyqdjnlurnxei735ruja,""
3641423,f410ftbbxnk6r75krrnvotudfyqdjnlurnxei735ruja,0x984376abd1ff5518b6ae9d065c40696ae916dc88
3641573,f3vaptbmltbbl4wi3gkseqscdv5n5lsk2ipzhrdtvlvumiviai7vs7g5573yt45nbqrwz3bz735q3uspazwgga,""
3641653,f1r7oh66iquzdjqnhzsngcxc4dqskdzhzdpwjzvmq,""
3642471,f3sdjcjzyrcv2mboovi464znpsin3kqog5e7de2ohe26cu3uftvmrqvkivibj2nh6xsbfo4aecqjksiqpwiwiq,""
3642623,f1qrajjqdasge46nzv5ganoo6qf6qozjpfxzrxlfi,""
3642677,f1ua5tpq5elkvhghxk3omcvsf7fhiablzr2zcvvlq,""
3643067,f1obowrwovjjerx6o5tibairr4rpefhnxoil5ticy,""
3643068,f1ytpjruronyqmtsejjp5e3kxzn2jlgtlgveq4wui,""
3643069,f1rb2ljeftrc2tlbfwhnea6fy2laeh5r57q7ho5ba,""
3643070,f1xldaiwvflgz4zat5gqnf3lhicm4l5nn7nsal5ry,""
3643337,f1lhkudy3pi7w4hxneewbzj57uhr5h22xpphujwyq,""
3643396,f1nylfi7iv5ozldmhzqpmaqpxi6vauh4pztmn77ti,""
3643397,f1a5eqeekslgn4y7rb7tfxnmuctnbhvr5zdt6dory,""
3643398,f1efpfk6jmdgpsbkt5jvq7oaf2c5dcxcg43y4fzoi,""
3643399,f1v5bf3y4wrmxgoakodxtfoic227p2fz7m2hsqusi,""
3643545,f1nhs2hi7p2e2eyzmscov5msknznkjrnllixf6gpi,""
3643634,f1jxsfnxg4yhqtmedpnngyw4arl6jvky2mgfdx4ja,""
3643932,f410fvanmswvbapubtstkzjakdtoe5f726nhcuxbijei,0xa81ac95aa103e819ca6aca40a1cdc4e97faf34e2
3643935,f410fyib5ndifdm4r6foa7kmtlsm5wi44ktserjc2moq,0xc203d68d051b391f15c0fa9935c99db239c54e44
3644051,f1a54zb7xbrzya4qkwg74s3pnuw4eifolctsvcijy,""
3644055,f12sl24fpamcok5wq3zv6hvxuktaix6l6rcbzrzgq,""
3644090,f410fsvzjpkcgcb2vfm2j66uikuc45maflgenfrdzisi,0x957297a846107552b349f7a885505ceb0055988d
3644094,f410fnbsl6igbxd744ltkfxyjrflw5i4zklqxtpfrmqi,0x6864bf20c1b8ffce2e6a2df0989576ea39952e17
3644095,f410fe4gk6f2eem7gmoqyq4zgz2xriegqb2bqahk6v5a,0x270caf1744233e663a1887326ceaf1410d00e830
3644096,f410f2xgqfmpd53zdbfy36etp5lduum56cvxm4ziraty,""
3644096,f410f2xgqfmpd53zdbfy36etp5lduum56cvxm4ziraty,0xd5cd02b1e3eef230971bf126feac74a33be156ec
3644097,f410fzdvcwm3pqdwtsxjihiifo2k4go44mr5e343zp6a,0xc8ea2b336f80ed395d283a1057695c33b9c647a4
3644099,f410fsgfhaex7stmaytli2cmfngrzn5xmuwlhm7txlzq,0x918a7012ff94d80c4d68d098569a396f6eca5967
3644100,f410fitkq57xtvhny4acpldybufuakg5wpn3e2fsfcsy,""
3644100,f410fitkq57xtvhny4acpldybufuakg5wpn3e2fsfcsy,0x44d50efef3a9db8e004f58f01a168051bb67b764
3644101,f410fqgrzta5lgircinczexbtrz3dbvithgtdakbs37a,""
3644101,f410fqgrzta5lgircinczexbtrz3dbvithgtdakbs37a,0x81a39983ab322224345925c338e7630d51339a63
3644103,f410fjjdwlspmvltmkqemkbeyiodrwjm5eimunh625vy,""
3644103,f410fjjdwlspmvltmkqemkbeyiodrwjm5eimunh625vy,0x4a4765c9ecaae6c5408c5049843871b259d22194
3644104,f410fz574sgpenpscyv766yzr2q4cxwwgeux25bnderq,0xcf7fc919e46be42c57fef6331d4382bdac6252fa
3644105,f410fecvrfjgmi2pezw6pndwsindyvblkmbtl6x7avnq,""
3644105,f410fecvrfjgmi2pezw6pndwsindyvblkmbtl6x7avnq,0x20ab12a4cc469e4cdbcf68ed243478a856a6066b
3644107,f410fi42aedoydzlqkpetbqlfazup7ldxp324jduiubi,0x4734020dd81e57053c930c1650668ffac777ef5c
3644122,f1nk4fp4udf7wpuoyoru2avncncmnuxvebglmv4va,""
3644478,f410fdtmld7fdg4qhnxnl6jicpjbqm2xtxga4pxke5ga,""
3644478,f410fdtmld7fdg4qhnxnl6jicpjbqm2xtxga4pxke5ga,0x1cd8b1fca3372076ddabf25027a43066af3b981c
3644480,f410fcm774hm2m2lgcndpx45xkl446ccvgd5eovtqg6a,0x133ffe1d9a669661346fbf3b752f9cf085530fa4
3644598,f1nplitd46e2m5woeiwlcjqu7kri66hr2rx4sywvi,""
3644933,f12efiattfj62bqt6mgbfvxyq3b65fzzw7rxjhtwi,""
3644936,f1n6ov6ydbg4c7z3sjcudkw3br5fjvy6q4zxjbqjy,""
3645553,f1f5sn4qtqu7yr73puvnqrk66lzh3h77r7rpkofpa,""
3645919,f1pslfhdoo53oxligjkljx4jumt67b2yffr5mhqna,""
3645957,f1btrcp4a6w7zkki2t5visrvixh7kflsw43y5gpgy,""
3646313,f1ltwevn27ryyhnjiajegwf6bxhldrbkwtdwzb55q,""
3646622,f155bd2ax2uig77k2wnhg5pxppj6sy27grp6ir4mi,""
3646975,f1p4l7ivnfbdlz4vtjo5b3t4unjldu4bpetgstk6q,""
3647280,f1y2dhv5zrzmy7vtam2idermejkgqv2ll6kbg27jq,""
3647346,f1oak3f4avrgfki6pgvt4ruoidint5ntryk5sm6ga,""
3647405,f1lu5uovsrmdva3zafca2b23ofm5tienm6jhx2qja,""
3647414,f1rqniwtlza3pdzt2eziljx7zsv3s3qtlgxjzcy7q,""
3648235,f1u7azj2ixqrkcgmip6wmc7mc5dfqd3pvcucphddy,""
3648677,f1i7liy2zu7nfi5crqhpm65qlaz7o35rkw6tfnxxq,""
3648794,f1j45fxmyvm2qleqynohmn6wkuyxivdds7fh7dpka,""
3648847,f3w2g5jzugv6aepegvlegjlyzigig6x43okv3ylui3nfkfsbanilr5iyfx6azu7hxsh7ttzhl4ijtuduahmdwq,""
3649102,f1mb7ayjwpwtxbqmgdp6iynsblvxi2d2tjc3oerkq,""
3649823,f1lurvvlzrl6ljo64jb7wpojbykjmsw4ln6cdvmfq,""
3650887,f1zpf35mopkrlzm7mrwit4vg5ovl3fkxvw6wu7ora,""
3651796,f2ii4vteekhiho7t2njfjm6iy5u4hmxdh3unm4ahi,""
3651811,f2cp4py4vzsfqjxw3gdedrcdyzx5k27equaqdtyoq,""
3651906,f1a46hcs4225vhkz6t5vpgts7ofqrfnaeryh4n3ri,""
3653613,f3uxr2kt5b2i5yvkqwg3vpav64uugb42m3n7rk5ntchhpd6dwksplkhore6x5ta7tvudrlez3inx4su6srpzhq,""
3654552,f1b52wbst7e3ld5iy2ywokd7kk4366wl4brtvjoli,""
3655442,f1x3hr3xbf5sqq3eakduo5uerdeg5yziadv3dnnbi,""
3655775,f1euzdscaljy755b74mtxv6pgbustuamdn5g4naaa,""
3655776,f1hjjiwqye5cr6hyqnzjkictkegpnomf4w62i7jhy,""
3658167,f1w4k3xztzbaxrg2zzjgqpuqxbe3yxm7ke2wktxpi,""
3659300,f17akw2lgsugiud2gm5wef6zfuonk6z7vjck6eg6a,""
3660704,f1nq3ml3nktkrmzcf4uqbhgmc2qy62bqwpobjmuuy,""
3660706,f1togyxnizj64jxlheinmlek3jtxbsuvlvpwetpbi,""
3660717,f176tfz7hkvesc7rp3pp3jwvew5c6f22p5pyd4zaa,""
3661066,f1yyvjru6ei4vuysexaxfa6kqskcp7zemtd7dalea,""
3662041,f1hwh6vu3xs6rkd4terlahvjuargtsmiy34hztayy,""
3662052,f1zoddji34isrs2lkjuercwapmkr4uo2axqvd73xq,""
3663686,f152dwtilgsvpqmjlylarrux5tznchbkc323orfmy,""
3663687,f1patexmxnhwsdlt4ul4trea6sbdrdxjizpr3ch4y,""
3663688,f1qmsr77m2hwpkstckucjqdn3ke7xxu5i57xscthy,""
3663689,f17iihrfclnzxayhjhnxtoe7nrqo7agt3q6iff4za,""
3663973,f1k7cr2azwdnei647ubyj34uw5id4y7mnfiv6k2qy,""
3665104,f15hg7tqnlarpv6qihylza6vzofeljnlpjri5xw3y,""
3665208,f1sxcnzbsynv6gmvz3i4thbiunm53kaziw6sjquui,""
3665272,f12hktbdboce3vnlf3cvgtbza2e56zuc3yq5wdcgi,""
3665273,f1f5pxujh3i7gcr5qy5i4ldude63cwg4a5qryhhva,""
3670299,f1wpcwt2chhibn5nas4itz3iiqhtzfamyeuqd6j7q,""
3671952,f1o3r7gdgi7mx6xuarwvzx7khnlx53bfyfjaroupa,""
3674130,f1bpyi37fyj6ugkw6f4xpq7f5yakqg2ruq4nr5xgq,""
3674131,f1kynuznc5bqrdbww6acrhwvygsfvmtk4uqxnejyq,""
3674132,f1ujvzftbqam5lsij3zy7u5rsh7fhmu7fetxwxeoa,""
3674135,f1phm6bpfcbbnckfzwqlgblqydiixwa4wongjf52i,""
3674216,f12wp2aeydft4z3vrn7gmzlquesroneyyrwyhwjxi,""
3676984,f1wkax6r4go76qn3raavsrn3zdcfbl2wd2ljm75fi,""
3677297,f1tmol4ive6uajr45d5a6ruz7tp3pjifbba7b2may,""
3678114,f1dlyeuoudandahi3cqhq4z2ig4zlsrn6ksy5z3vq,""
3678326,f12qplaccrwv25sgkdgz5ddt6dj6dxeetmjujrosi,""
3680110,f1uz3la5ci4d4rkpwg6i3e4ywhip27smwo2ttglrq,""
3682400,f410f63znsyyjthrr4cxzqp5nze5w2izg6vvnmdryxha,0xf6f2d9630999e31e0af983fadc93b6d2326f56ad
3684196,f1d5vdyjalzkqthtwc7kci736wgtrxy2o3sivjyva,""
3699579,f1pbdexc4axprdt46jt23zbam7vt3ghvssfirgvma,""
3699580,f1afpe656hy5thc7w453kkps7swjk2yhpc5yuxbai,""
3707780,f15jfbzakapixifndvfe5a4y7qu3xjue27dqcugli,""
3707782,f1bwxhhzpor5ha2h5klq4zxf63pe4gvy5ha6at47a,""
3707848,f1f5r4bzkipwzj7hs4lgksjn5zqk6ytayp55cndhi,""
3708890,f1xnn7s7cxwydvgo5kudvnbdwejasvpwlmn2l27aq,""
3710047,f1s54hddea773gm72huf4dxutoe5tsnbdq5by2kqi,""
3710050,f1u54yvu4mfb7q36bvn2attnfxo2cfe7j4gzn54zy,""
3713487,f173bhxc77euxunnsbdtqbnrnx4h53ffhfr4d4okq,""
3713505,f1uhmdemkmnl5zbzdppj5ul3ejbzj6ukh22jmbiuq,""
3713526,f1u4p4xdng7vuqwrphhq3q5vlj7lgrnrdb3sm24iy,""
3713528,f1o5xfd6z4iptoeso3dqgsshp3djvpsgcpob52zxi,""
3713779,f1pfqpto7wn52at5kiiymczlbkx7axobyeq5nkuqq,""
3713833,f1bstra2tbkkj76lkkmfbubj64lfnc3rd5qd7p2zq,""
3713847,f12qljrv5zy7mil5mlkpl3juiyvmtz4bjvckox44q,""
3713853,f1q5rlk2qw4uyrbjlljd6quy773eto23tustzhlai,""
3714005,f1nrf22oat3qd46ibyaj2racqja4ovwkwnktifrca,""
3714573,f1lexrgnhvtvopruw7xo6jxc6qvxxf3skp6qwri7i,""
3714578,f1wczt545f7gln6oernqmrhfrr45nlacn6rrxtbga,""
3715783,f1g6d2bxia57f2m3o6ruqtswmmqjdc6apfraimnsa,""
37306,f1jvkxpoj3bvrq5bs6kjmmnri65xidvu3sradlooq,""
391143,"",""
392406,f3xgxfjtantx2qckdic7rqfmbcjjhygtbplxthcko3s3xyzhqa2l5bqtnkiwwettate653mvyghns4zdhmbdhq,""
393474,f3s54wuqrljhjtf62smehfmammxodrfocdmbwfeoduoce3q433hpxkdm5oy5ldef4evffbv5dxwhwy63baj2da,""
394702,f3tgmml5p6i3jq3ze6sm3toqgz7pbx6eepdoegysa3lh7ws355salecx24vspt7d4xvjifyhmyzr6dpvawmifq,""
396567,f3sznfk6wc6pgb75hftsxj64q6umguurvevo7lfaka4kvgwz4g3beyqmuoeed6af4l57jxlvtp5kfrjdropkia,""
396867,f3svqkzrzfp6uowa5p34zozqzlqz3geyxqsrtblf7wv33gvtozhsg35t3nbdxmuugslqk67w76dpra452xy6ya,""
396933,f3vsfk3hzw4stjkisbu76hr667sf6hwbx2kie5lewjp4opflodokwc52wlx2qqn7kikkskypo3gs4hnbcao4va,""
397096,f1a2puhxcwvoxf7hveekzz2jalm3zro6slnctmxoa,""
397376,f3vnq2cmwig3qjisnx5hobxvsd4drn4f54xfxnv4tciw6vnjdsf5xipgafreprh5riwmgtcirpcdmi3urbg36a,""
397405,f3srs3lcabsyqyxuz2o6vvsun7ri6bymyzi6hnzatq6pkaqqmuohnuhkj5eq5be2dluv7jd3vtfmnkandzkq2q,""
397664,f1r5idduxae7ecopashldq7ptfyj2zzskm2rojtva,""
398079,f3vuq53z65cgyty7polrwyqyqios6qbjrkxihipvrzlg3yzocnd4najuso3y26nm22pqimadur6fyt6bqqt3xa,""
398346,f17uxblkclbvlkr2bsddmocdxo6ug6gr6vca7huly,""
398369,f3w6tm57c4cog4k5sfjjznisyyxhelhyp7rt6vk47etz3meciowucqhodwr2qcndcdwiye3ww3frtskvodnpvq,""
399444,f1bodegkwcdjofy55wli23jidxg2v3wbftrg3itey,""
399467,f1oxsiozcbsjeypzlclhfxt7xgbi637izhqsw75qy,""
399929,f136b5uqa73jni2rr745d3nek4uw6qiy6b6zmmvcq,""
399944,f1fh53sdaie3yi25qxwcqxpt5h4naex5ibdaffibi,""
401668,f3virvhhamrt46ql6b4dhfxecrhpcbumdaytlxnwbebjewnmpvg3o4lmdz5nsp3egntkysg5dgjr2eihqmhwtq,""
401677,"",""
401722,f3wq7hcex7elk6qcfgnmyetafwoixpk2csxsqw2oecpswsh4th66ux3o4od3chu73jiunef2t564yglb6nyuhq,""
406716,f1wninfaoogdihtbqntlhjanb3z5bswqvjcestuuq,""
40756,f1folnwfvuomdkrcwwwnzlkqrdtwcw5ytoil4sdii,""
409843,f1jpsviafwjnwx43g72xyqtj74muolxyvkvbxzg5a,""
409870,f1leoxm6pdrgsrz3fd6dcpfifn7awmwdbcamf4t7y,""
410761,f1merjrbdx4pvfgxdm4xrf7dyhvap6kkysh6fhymq,""
411939,f1jttpq32myxfb3dt3ybytfyigvpltsjqssx427ai,""
411956,f1akfbnyuemagwocknlqbx3nbzmrhcfyzx3wtxsci,""
411963,f1sszhqbou3pya2xglly6shquajygdm665gqlef4q,""
411975,f15jlo5iesrvhcvm2jphl3uygsgji6gxcnnfpaqiq,""
411997,f1qaajtfjd6azzoylf6ugrffef5ua7i6bzq4jfh5q,""
412740,f1zlu452b3caqhxozxxklonqvdbf5qb2ujw6sehsy,""
415847,f1sfq74iqhoseslc7vofvbdfknfo6tbtj2gnimgni,""
417659,f17chz2xuedput42kfhfs722f7q6lk7ue4ioi2zyi,""
41906,f3woyrzyn634jgelyt4tj4hzw7mp7lxpacxbvaav3f7jnb4jrowjzl4mjadlpxgvxdiu36w23fzlizc5vs2bqa,""
419060,f3xdlovm6hxjb2nobtuv22lxuzc6tii34xron5xgtr5o24xqubi73euxseozzk3g3646jmzgs7nynlxilhz7aq,""
419063,f3v7sudxtj3xl33tdlt5kkqbfjkcksak7kuxwiiyvea5nmsg3bpgilqpadhkh4niswkcinqj2cqy3es6gqo5zq,""
420107,f3v5hprze6uvov6xlhmvexrqllq5ffpyl5ximsqj5lykv4dnel4fei2wucfwbdljeoppqzpj3vk4msykz4j5cq,""
421031,f3qiok2jpz4amlzcxn6ddk67vmo75776m5nym7eoutd66g5j3zioppdpo5apbnhbo5i4mtnxngqi5kzerhgisa,""
421471,f1u473b5j57rrkt6uqfizc4bz3wejkrc3cqqmurxy,""
421499,f1wdxdpqh3hirrhp353i4o6ld7bsw6evh3v7i5jtq,""
422489,f1g7ynmax7azy6kbeudidtcxzaljshauupl25itcq,""
425768,f12ielnhn2v6tbid2evqaejbjtpekag56p4osz5rq,""
425789,f1535guobqdbr54xp22to7jkcbghkd3m4tyh3ffwa,""
425799,f16ar7hj66crobrxteh6xrv5ao5vqbk2zp46bcwva,""
42612,f3vsg65k7fs365uueavmfnwcd2wzxq62vdhh7ydgws6oi2xliwjenyp75cg4ynxjez3i2migafpgv26iyee74q,""
430029,f16xi724wl27bkfkgwt5uagh32kprl3d4ebj2b3ly,""
432898,f1kg7estn3wg3a6cjb7immyxrjihg5jsrab3lha2i,""
432918,f1icvucdqo3b2w77vyuymiosdtv2i4xhaazpgi33q,""
433150,f1qns4bujxytsjjihb5ctjzjbwgzymhfrxvud4s5q,""
433186,f1igy5um4epsvokqn76r76b5u22fayfm6tx66rwdq,""
433203,f1347nt2bzhl425kfpvmejymwicfrzaidy5it7mra,""
433211,f1xvgoddf7mfdjktrspscqbrpxvhdzjzxq42ygepa,""
433252,f1jq6k6elieo2xwr3npjypyqhxex4vpmilokwromq,""
433349,f1savsexqq7zymy2iftgeiqcykse7gr2hxjzaqgva,""
433379,f1o3vu7tzrxkhmfx6wwcye5vpzkf7l72mg3bpwb7q,""
433404,f1qemutmdoca6ouyrcaavmomtpxxqzafglo6lo5cy,""
433713,f3qpxctorx5cvsfz4emzl5tgraiqavzkdazul475hpe4tdjc6mydnunt4betsweons4fwyd7d54vcvbcskx4la,""
433735,f3vhw33iashdhdkjxlwmjit5fey7xp74dibowyyl4haojlyqx5h4kv2r3pbedpieyspcmkql7nocyjhtnu7lia,""
434442,f1goyxvs2e4f4cpehv4q3g4fo5m7mzfhi7mgdxkgq,""
435022,f1qj7eg3m6vrqj3c54uplkskxzifi3wphulmrmkqy,""
435041,f14gv3lvndhfzpo5imltbmeysagpknrexbi6e3nua,""
435047,f1r64svtdarpe3vqottqhpgskddnvnx52r6p5fsky,""
436449,f3qqah4csnixfjvfkyxkitgdta3ksetjm6bm36ti6b5qgk3yets2gwokquce4w2m23tc2t6jsckee3miqkgbla,""
437969,f1dj46wzbpzmqfc4e2gbiybbc5qkgqwbcfssp5jmi,""
439263,f1eweltibnmizsp4a37b4j64fy3wpeakxyytj32ya,""
441714,f3xcu5ykb4cfoeyhvgy57outenx4njndazzgakcoebjiuvxrpwpl3bpv7wzfbvplgdq3w4mn5ke6ek2zuzpiea,""
441861,f12m4wzu4ynkpilkh5bv4zaadigmr6hml4zg46dhq,""
441948,f1hnlwy7swr7lyjf3pmuryqkoih6smvcapbxdkp6y,""
447847,f12bw7aryzwrzzaty6r5ebooxgbezvbd62jj5dvoy,""
447852,f137m6gt5sv7gb6wvgzp7tlagjgp2opkimdvsbkea,""
448215,f1yogtfjjwsg2dpkjry2wepe3hxi3ap6mhimu6juq,""
453618,f123ccstgky2xvowrnntuhsigrint575v3ghkmhba,""
45545,f3uaocstgn5qpobqsnuynscpgvzyvkcqoxk537oqgn2rcvgwu24l55tsrs5gaaccbthrafjh4egziswlavgegq,""
455992,f16iua2eds54udyaj43zrtriq6itdj2kitzeaa7vy,""
46345,f1ib7mmqlgrdzoeojt367toebpccynkdylt6tza6i,""
464763,f1ztna4zcsmxpz2buyl2ordstu4wi5gq4hraeajyq,""
466735,f1e4dilkxbo4y6e2xn6irvr7oqhdga7waamrs5sji,""
468928,f1xlmvopfuur6yfwompltedl3gwwsshnswvmiavqy,""
477212,f13dmqke7psvwnpndbkrkevapnpdtihlpm5vdke4i,""
477235,f3skr4eoob25qr2shndyuplllke7nrrftfkvxuk2dng6tyhbanzjhwxkqw32my2my7mjn3hg6wa5hgvokz4m3a,""
477397,f1qubz23msq2duergypmps4khssvfjfzwgbi6xwjy,""
477885,f3vdfmtebp4my5lrhl7yhuyt4haa2z2tejn7pgesjndxg2djohx3rbnm6p46xmp6a562db5jbrbyex7st6ifaq,""
478803,f3ta4se3xvrfkffelemurx56b53kna56ovneto6mud2nvkurlargfoldcgyefpsnvp3mxot475mveqcutubpwq,""
478904,f1jtqlf45zl2a74mbpcsv6elkdxoa7xa3nsrhyo7a,""
483791,f3wgwfrl36rpuqpuoxrufzwnlkxvc7nbhupzphiku52o6eoellepzohv4tn5scojbn6ra7efiqwr2h4uxa2toa,""
485531,f3szpn43v6gxow44flc5xsjilsemilrkppdawv2bamcirmpms7y3r5txupeewcou6ee4alaftzk77rudl77r3a,""
485745,f3u4d3datwagdpgcgkd6rjaasm46mm6qrnldi5b77jpkgjpavx6oum7klvkkrpnjpaqmdcyc4lwkvvm2gvexta,""
486901,f1mxtcba3l5qnzkh2wjmnynnrrht35bya6ec53pnq,""
488032,f3qzseqsmk4t3bms5na5gvco3jfx63znougkcxak7h2h2hwzn5phmitw5wzl2bnphzjcnhnuzpxqu46rh3ahva,""
490038,f1zgwmeyjs5hcpapxec34cd5wpybqj2i4tchh63hq,""
49367,f1vaxz47wmq5ne6ph7rc4yi66lmrlhxeijebogvuy,""
49717,f1kzyw5ii3ivxb4iteswrheuklwn3mmjvizllrmky,""
49756,f3wwlgdkd7pxunrv7xaxsr5y7kej3a567j3x3wpvlf2ex2cpittjxt7fp7zwsyrpm4xcp57l2gvk4xuib5pjxq,""
49771,f3uiapzx5ohrwne4vdbrgj7o2yntwjhkoe4hddasfpzrm3vtdxju3q5iygho4c62zqjjn6jexjjleszdracn7a,""
498698,f1x2a6tokzdtmagovzer3qjd2wcizrg25dmkbyhwq,""
499458,f3uykx7jjl2lp22vfhieckttztv7yrjt6hifjlttd44g4qexkcbfc5pcm4qtwcxhnunhog3k434swzubhclv4a,""
509224,f1v6lafkrq23vhp3dcxjo7gfupmcwztdpvi5wzg7y,""
509950,f1c5gxtgarncfqpudfvaan7hlb3e7pzspsqe5v24a,""
510343,f3wwiudiv2vjdswtc4aab5o3qs6ygeujrrixyv6a2z4o6aoma34rjayapsmwvqxxgn7aavmzomfquzwd2dn3fa,""
510945,f173ak23ir4scdbompyneokhtljk6fkak3ywmeisq,""
511862,f1paantyyxvw562mpaqe45dnjhxe6pypectod7rya,""
511870,f16vsdjjjz6zqxmhrdazs6qp33hk6iu4vnbs3o64i,""
512167,f12k4hggmygiggvhtqsucmwtomkxp4bexyzmjolyq,""
513304,f3u5qyehz6vsr2sub3r7bvp7ag33yzwvrd6icz3kj7a2ppvpk7mayeswhjfswdbapeyxx43i7rltgzr7viq6oq,""
514990,f3wwufzajvzypww33amf7sdypyxl3ua7tkab3ojif2hp3douy3bhyipcifu4hyg22x6diu5wtve5mmnfteaujq,""
521562,f3ugiwojyigjfivuq7nfojhggje63nvgdv3uo2tpljf4wmnl52f3bsnom45r64ga6fmdzv6a64ef36chhw3gqa,""
521569,"",""
54739,f3qne2hc6e6hoki2o47urwodci3546z2govz6zjachm3yeogj6rfqyoh2xticeuwwt7rk6yfbit7xvdiukt4tq,""
58332,f3rab4mhsr7f2gdg6ozgj44mtny6bhcy3rvlftc5xyki6t4hvhdkaji3ahfaid6fh2o3wff4yfrzag4lge2r2q,""
60072,f2frvvgf3ls2vwj23uyajnzrm3ilzi6hgtqdtsuui,""
601616,f1mxiyzocnfycrog5vjqndajtxzye2dzewqnc2njy,""
62344,f3wblghh4elyutejrkmauhxg5jqvqzr7pp5y77ky4hmen56rt565ktsfmuzc7hxzbt5sf7na666jzkzoshho7q,""
62392,f3sfrn2s523s7rpkedw7efqzlk2wzs7y3sg3ie6xuuyx72pchyk2mzg4ms4q7favb2iv7m6uy3pjlp2e4zob3a,""
63628,"",""
64247,f1kyjuwznrxzw2zvvs66udlnj3x2r4wxnthvv5gri,""
66341,f3vxf2bjxlo6yjezfk3edmi6hjkvqyjgdwt5r7agazctmpkvhyjrwzajuxmvd2d5vfhiqbnl7xidrpbk5gaveq,""
671968,f17du2ulfhtpwgs4rwd4ngnrblueatjv4c5n57umy,""
672083,f1w3s2kaha3l2fr5psdsbqx2awotejrrczfhrdn4q,""
673996,f16lqqxq6gghvw7fmy55e5nxzsve43tjw6mfcdjai,""
67596,f3smqun56nlpyqo7cgqmyge3v5zv5ku7x3pwopmierlsrtns5l5low6uuc7mnyfcrsrrrkpkgxwwh7ig72zy6a,""
678959,f3vifqxri3bydjfibsznw3tbyjiiuvqs6rquyg4yhxmgmgnzq5qqwjot2ibe4gq7ypmw6geytox24iubkb2r6q,""
680144,f1pvwovgv35q76zn3yb5jfajd6w4lhhl6eswuqpdy,""
680681,f1zuidelrq2lfunc3zha3me4k3v62o7af2gxfymti,""
688165,"",""
689911,f136bz32l2hlyad4npmfg5dngcdw3jk3tpcpoz2ja,""
690668,f1pvgkqj5vs7ohel3i2fdmpjn44lbntsljoaoyaza,""
69263,f16hjknco6u2nxlgyswwltr5m4jcgi53pzbee5zpa,""
693556,f3skmubv3pnfncosld4bzg2a5fwcupllremp7l52dcm2ba2d4437syndwxuljduor5fbbjd27x2voui6kz7j3q,""
693850,f3wz2slkkd5xllmfpi64aknswkwmkwfgedepckwf5rxcq7k4pnp73gcwgxdc7br4xrdjryq4wyxsy5yusdqvea,""
697575,f1iugbjhypzyhhi6ymc6vnab5uj7re5y56km52rky,""
698874,f3v3u4uj3nhpwuiigyyrsydct2unqybv2gvastnmysotwtca27vf3jpbdjuqocj34efaivw6hazxthkeqsllzq,""
700403,f3rcvj5f76ldtffghhyowqeen5nliz3i6rtnkfqysf4a7h2yry5rurg7pjeoyruipanukbgzqqplig5ej6cbpa,""
700600,f3w5fx6wta4ewl2iyf7xcogmzffz2fmrngpzdpduj3xmk3dwjxc6dyq36gdf3rflkkrblh5nci5xymc5hal3qq,""
704549,f3qxqn6fy5ffzbbvzgf2yu2msh477wy5qoqyn2vivhd6crvlgo6jzbsfvjjj2nlilo4camcmkwmooi4pttmt7q,""
710060,f1d2ec3ca5uswidohd3rs4cbb2ka4fgiz6prabthq,""
710242,f14sofcfnlfaeunm47r4sf4zvfsegnvamihl5ylwi,""
710941,f1hw5szpu2kv4jwcyqye4aci23dcxlg2e4tq3ngti,""
712347,f3qk4pcyngk32i7jkuzli4bric7npimpolx6kbixxxhdfoqwvi4thnxkslb5cbjxv75zmszglg5gbvcvi2elgq,""
713948,f1qtnta4wlrx4s6lkm23kzacdo46gw5lehw2fjn4i,""
714526,f3w5vs6nznvpl4j3oi4y2x2cwxtbvcyzsej45ked33r4jjamlmt57qgmfzmolbn56fhnxutmq66wmelew5dhwq,""
714702,f1wxzmfqyaug2x43fptz3736uqn3gu2sdyvpbyyzy,""
717800,f1zpuneatkevejv4ibjl36eno3flhp6z4r3lgfyaa,""
720621,f3qz7736dlcttljxscxmw62so7whteipp7vrdl42ii6mcrftdavz2qfigzsvtyqjl32jxqueubnphnajsfxrua,""
720629,"",""
72719,f3r6xwuzvruds2xtobeod4heybimlyrnfxwq4ytborgzfru62l5mdte66elzw2ugzw5frzo56c4jqvpl3wujvq,""
727453,f2hpjyosvewvswntzbvmz5hjrqzpm6lkmm4mxq33y,""
727594,f1qbbibd53sg2qiijyubqz7s6srfdnan4idhvstfq,""
727629,f154mkdk3sjfybyqbmtfxn6amnmkasjekfalkb4qy,""
727732,f1ppq367642chbnpozt5ypgocic2sm7aj53xgxddq,""
728006,f1trgmnee4q6v2ndswfxx2e7j4pfvmn35yn5uiosq,""
728116,f15q5q5fevdghbjc6ou4puu6csbnwqoqitkjhypki,""
728274,f162wvphculese2okdlkuc7263zjxkel4jm2453ba,""
728592,f3rpbm3bt4muydk3iq5ainss6phht4bjbe5dq6egrx4rwzqjgwc5eruyloozvf6qjunubo467neaqsvbzyxnna,""
729782,f14gfiillrqqn3t2ckagjboxyoqezs6iq4cecwdwq,""
730942,f2s4f3cvo32uhxvjnyjoky2gq7jfwjlmxpa2rk7ki,""
731233,f1gplvf5qrrvjtae3dhevsr3tpr5kchfjldeesawa,""
731758,f12lqyrihjtgbi5mkskpwv5uxtxnhw2bgffq66uta,""
733810,f3stiysooqabre54diuepkjhgrclmcllcv7ron5oydozu4ceuuz3lrvrsrsohhytzfdimp22qotncfl2wm3joq,""
733840,f1swdd3b3bxpacza7upcl3xizvps2ndmgnqihfqmi,""
733890,f1d6gehbbm2jhtxkmdck4f2jioufgx4rc5zqx2ebq,""
733892,f1drs65lemecr62sbap72o24rrrjdpv4mygqxwofy,""
733898,f1k2rph4tjkz2bnbyjjhscb6cgds2e4zwjelb3c6i,""
733904,f14sxp3wifjn2vkk4svwvz7vhphps7u2yveagbw5i,""
734353,f152uxcu4kwdzdezirfz354cuya7xvhwhp2h654eq,""
737830,f3uusvtrl5byukullii67ovmlhcprk6zpoyr73q4rsqdbja2u2yzpmbamcm5lbb3qrp45oknpna2gsxedjjzlq,""
743060,f144zep4gitj73rrujd3jw6iprljicx6vl4wbeavi,""
743766,f1icrb6txdwwahglzw2ybkl3qst2n6tj34f5b5aka,""
743890,f3vuexiyzjdysxoiw6h3bprcil32kumrowhe35mu2pctq6cfi5ksg7ybbw43udkrzmryrkkkaluzz23x3vijra,""
743919,f3rxun7fp4cdeuxquwvv23aktw47mxlf7bdohuwk7lmpkfofteo36fn32tnp7i42ta3hvpyuufwwcvcliuhkrq,""
744209,f3vdhnovvu3si7cjwwqgx36jw7gu557qozazkej77fm5si6a5sx4jpmzfwwnsljq2pycezlnthac6ryfbokxma,""
754895,f1op4aklt3cn25y53odxekxekdfblflbgle2s6yuy,""
755650,"",""
755815,f1x2hwyonb3645r5mv4eu5ihnwxnby45iajywdn3a,""
758760,f3st2jlwjogrsgs6mpcjadtpm3szrkkk5oukvonzvusstoyb7mevws7nuxdiazsapkksqgn3qzcnd6mvjgv4pa,""
759733,f1kuvijco4gbu26vkf5jh63cy2627xxsti6yr2ely,""
763791,f3u7hkfol2tfd2vo7splnoilr2y6pqhtpidpr4fos5gshacvusi2dic5dsp3wuslk5wumkfqaviwf7wv77cera,""
763825,f3s5lsf4vccwomvnalaugte35ws6befpvv2jw6cohuzd4k5dpk3jubznfnqto7zbhnirpsyn3w3tgkm5ed5dcq,""
78999,f17rdwr554krungtqkngcihrs7ty2wiolsfjdahyi,""
8044,f3s5c6udj35ttigibuuastqobhq6ympo3rlm6rie6w46ulkcfge6agx33hmer7shr254v2ict2jshmjmtbouqa,""
80476,f1sdzgaqmitbvgktkklpuaxohg6nuhce5eyvwxhaa,""
805971,f3v62hgg7ilxkvmxt3wonrka2m62e3uuq3fjco26kw3zwl7lej7bodghwixyhgiwayk256n6m5y7mmfeflmd5a,""
806227,f3qzntwkqjiey75azi33b7g5dv7suf7jcnideiskbe2whba46vqff7d5bxkwgntzd54j72rkpm3ncdcpvm3m4q,""
806547,f3ufjwdxayyld2adudldyvjfavywmptqwmcmd2otd7olwc4bsukwtnbmfeal4bglxpgmzfaribovnc6mvfp4za,""
806940,f1avfkllpeqlx32bwjcka6y27scftpl5nzh754yly,""
8093,f13os6jdbaxrsra3m4jmbwln6gllvpiv3bflxgegq,""
809471,f3tgb53ykqstj5ttjsexudwxtg5dqlpxrxwa5hobwavh4skvn3uikxpvyvijq3k45bx547eg22nzwflxdm2dsa,""
809514,f3v2he3b7g2l3hb3rlo44xm7j7qckkyczilqzb4pihgd4vsvhvyfavyrfkji3fwgt2rlapkq5hlxkl2kkfzaga,""
809557,f3rcqhsangwujtka2om4nu7edljp2yauvxynpc4w2hj4hug5ln5tjwqcq2evh56sapcxnefzwzb4fsqpufaryq,""
810193,f3sw6yug5mvulr4m4fugqvdmai52tsnhemoo26lzpd3ozdp6ot24ynxo3ucdvheleu37gcx7bqsd3doxeyr6wq,""
813807,f1sw2g5phmybxxzvgoskpzb2rohvmqbz5knqmt5xq,""
814015,f3qqmokf2y4avyzbjdrxqrfqgxaslfyk7dsg6gqylbeyn6eyag3udu44rg4zsay6htap7tslufnrxcdpe5geca,""
8153,f1h6fepddlm35b7bkveoz3ugqsrrydpbzjhbno7di,""
8155,f3wopdmnfpq2rgjqeguqwodv6gzfjukr5f3ybnsxdx5vzvxvs62z3i2kjaamjxl4uju7rn332g6oecsk5stlfa,""
815501,f3umpowvibfqz2fmbvxfbk35xoe7rn26y64pf7e7pujibrszpjx6xykro2lsbtoadpyib4x4j4ushbkhflmdyq,""
816966,f1b7jchlgo6nkkv3l5nouyn72af6bplwk5vkdqonq,""
816967,f1j7xkzmchl4zufoqlgbbmdqqhxwvpimnh6t2vscy,""
816968,f1tmuircaaenwvffdmyuydcqlidfxvgvg2wsj344i,""
817808,f3wqmgjtr5aj2wmpe6e4bskbppvqr2tntkmmipmuj22dcxpg5grbu4joptp66ucziuhuqhp7s4sxq4knk53jpa,""
818357,f3xhx2g4r5aqf367zouht6g5g3qygkqcla5eytueiis4yv32f2hanvv4evymarie4lxkeyovgfbeet5cg3wmoa,""
82095,"",""
82191,f3sar6tat2mhqadlqjjxewmpqya3whpkzuqaevpo5vwfvdhnm3uztd7p67d6ozpsfkiwvrvqrhp3zu6psi23ma,""
824922,f17mzmfx6xsjzeu5xwmmljyowjt6c26uubgihdloi,""
826095,f3wqye7duhvvgxl3qxofgdsadmybzbmzgtt3ts4nb7m3giag6sues6p4amd3nqhdy4zubirzby5gmjvmctypqa,""
827713,f3sueqjs4cfayheox646cumzutwx4vsj3pub2yttqkn2kdsdkk2ox4uwf3dp2uhtxy4gdn5vbksbq3ogsyjqqq,""
835035,f3vf4umoz2kqiu7v4f3uqfr6rnvdjfrk2kwhw2fb6wxpei7k3cngwj2y6cwq7snbus665yz5egkveadgbr2cga,""
836312,f1menwgdnhzhlmzzmwe7we2nxulu6yjmpp4ekuhnq,""
838452,f3qlxplebhdizmguiblo2h3nom6rrgfrectmj2zwzfadncdidzto4cjxehlgbqmu6ik26pmqk2wcf5umknywwq,""
838467,"",""
8391,f3waqhsynu4a3w2a4mcwfaprd4fu6rgd3uuvt7mwj5v24br7u6vcb37xbvgbdgekaav3vcc3m6spz6etuh4aja,""
8403,"",""
84030,f1x7wsqpj6waymzzfqmu4hh32tyc4pbbqnpwy2ucq,""
840390,f1rgnemor4vsggmzcu334c7zepeaxlm2k6zjsvwca,""
840422,f3ucwnfqtzsijtgsmccmlgxwjxcvnwkbk3e7romnbacqlysfvdmiyplksxycjl3zpq74zfojbapgya7tw6mdtq,""
840423,f3vh4iqs6n7updvrcrhvgsx4u2komad6o2xkt2dlwjag5sq7gssd2mhayvmcbqvw52mmnhygbq2b3stxisirsq,""
843755,f1g463yb4ok3lq3tffkvvfmfyngcagpx4kg7c7rei,""
844096,f3qis6dmgb3y73xycgrlkzm2iimjivyxovfizthjdt72kkvzuhfjzrj5yuaoo7d2tsczospmnotdaf35tz34uq,""
845704,f1c3sa3gcs3snt5ashgti32ecppj7dq5vny57f6ay,""
847478,f1uw237q5bfnrabds3u6tcymjcirymdj3eicwnyoi,""
848492,f3qf7ekyxp7yrkmigr3vkh5khfqwjw6sm6mtv4djloqaf4snwhx5n3efc2rs2532z7vwya3menagpduvaqhlba,""
8530,f3stkrpgz6iiho3l3x2gklygykot6med4dcdgpf5u5dx4dikb6nom4hcgzuomte2ho7ihvj67nqt5xif77bqtq,""
853042,f1rza2dzzy7ngs6m22fqr2lhjpuv5lx2piuecvthq,""
856496,f3qwml4jwjt7pj6d4nnliv7byhgtotj25eemepemx7xecbbalfrkil6awzyxvpw3zfyfy45ob4bz44vzspbxtq,""
856505,f1yswits4hd4zu6n2pl7nk7cspcuieuzl7btjn5ia,""
857772,f3qdvqvm56orw5if2gal6wapfgsdvs3ow57hb2pryssehftgnrncplee7epx7h2r7ly6ietwth63az37cg4u5q,""
861941,f1kkz36h6olh6oaeosnoqdeq3nkyliitz3o2ig57q,""
862111,f3rld67a6chvi3d7omfkuu2uo37rvnovq722v24lyklusgidabbi7bvv724daifrpocfaieyx6u3hmajftz24a,""
863609,f14yy4c2gscx2a3wesevxwu62hplnjfrvwrep7uji,""
866487,f3xajel2dj5mk7rglom46c4ccu5vxn2pietrjkjsdesxvxd2lpwk2wjjyuqrm5xgenmbdprgqlojklb3evekzq,""
86671,f1lq35h7sk5pdyzymnhh27ywubr7qsnu7cgcwgjla,""
86680,f1ozspv62aays4owiwzen2xvi22vbymkplaplxrli,""
86681,f3qxw65gv4fdlptz6n45aw4s6mvanpegjf3zfnsbiy5ghvuvtortxjmoc2ydrm33t2m2lmpzklkovddw6j5imq,""
86682,f3vmoie5eprp7hemixg6onrrpmlpsr4frmghlfnxx7fi3rxbdq4c5enpj7r2qjipxenacaijncq35oldgb7irq,""
868284,f3vzp47uzsrg74un3urfsxvugl7fg5w52emzandyh4pucgcf3m6axzcxtltt7cigl2p6pyyzz3hvllqu27gbna,""
868703,f3v5pmo7dkx7obfdm7ppg4lkq46delk5iwjuuzwttxi3wrzxnam4cacsd5wcflgceaxlhlpjblc4se4fu76g4a,""
869493,f3ut6pq7cd3uwwmwamsbe7lanagucuj7yhxv6jwprrdx5bi3dnarclmlekleghkypjli7txb7miaqzv3y3av4q,""
870099,f1nedgxcxolnm3zovq6nsqeke3fgjs6nprr7zbqjy,""
870846,f1mg5fv447nu2nvty3a7xporsztixzecoh4uildwq,""
872489,f1ydohlnx4r7ytmh5pecdgjndez5qo4jcsd4pc2ci,""
87264,f3ug3yxcynl457skempulutx3rfoxjxdnjbpicjp3raockxzrtangwr6u4tsgo4lldi2tvzijhfx6xvhbm5xea,""
874057,f2h2fu76ga5nfrrnmagf4lrukjcdcg7b3n4emcany,""
875190,f1zebhpsvuoina45kuz5f5looe5ro5ai6s7lmby2i,""
875342,f1fumnclfthpnq4lnoe6hmu4plvixs5ksxk65xzra,""
875365,f137vzxfrszsmszrqf4stkumtd5xcfcn6sxhijv2q,""
875383,f1npkb3og72syg52kf7cj26y34rldyaq6wp7afw5i,""
877255,f3sv5hhnbvybm2xp722oqlekihifnfajlpqepnl6xoelrzfdw33mqu5lkkzjgrwappjqnjjg4roqir4ndj57ia,""
877269,f3qlm7ohpyzcn5224symagscymxzmj5ysgpfc24ilofy74sqfn3giarcgkxkqsi2hvqyql42vpbmb5ktwval2a,""
877901,f1pszawcqrdmwmrv3y5xusyyw6idbzkbfena3agby,""
878063,f1vkndub7i5eq527hef6p5xwz43mlru6y3anolepi,""
881071,f3ubdqlxgf6fagd6ilfcohyhlfzlc7xdygqn2nffi5u53hpfdpz2exbsfk3mgsybx3zi2baoufxqtu73yyhx3a,""
882343,f1ecn2sqtlmgdbn4yamr3ht5gs6owm3iwqeq244yy,""
882606,f3tdwmsqvaofsstn64bhdhnz4ssvllrp3rknnlr6wlab4lwrvoktmoe4audktcx32bd5mzee524n4btk3hgzma,""
89721,f3wfovmet4goxalkks7mobcgeraxy5ln5qfwchx2aqvlb2hsykjsxiufkyjuznlertgjnl4ezmdq2chj3w67ia,""
92887,"",""
93173,f3qqttrr5b6df5kjrtt6fwy3bafthqboe3aeghhqas2qiwavlxjlbdmo5xsai4s5hnam53pdiq55wsvkf52s6q,""
94088,f3wtftfpyxqyc4geuvca72k6o7ctkn4b7urbavnlizujtrow3qtdjzzpbc4mp7z4327mkzzqnfykzm333fk6sa,""
94248,f1ankhv7lzt4uklo7r4drej3sugxw6yvvtnqbctuy,""
9524,f137sjdbgunloi7couiy4l5nc7pd6k2jmq32vizpy,""
95279,f13pm5wh74ij4eumez5ag6i6v6ge64ocf4ms4mlyi,""
95685,f1jlpws4zvwt74i6umwmw7ess6rhxcgcnvkuian6a,""
95852,f14ew4fybr3grirbaii2yj4mmfo77kpayu74xegbi,""
96167,f3u5l74k5b3kh4drszygkaowx7rx3fv4pcqh7c7yn2k6xgvtdcb344v3cyfvzssropkqr7bqxnkyuhyqmoez6q,""
97089,f1k3shsarzzjf6hx7hcllyyqumg3hldj4roehovna,""
9710,f2xze7jbv5ukfrphsfp45a3iebyjb4j45adxuw5ja,""
98077,f1dbpdc56q6wfcmb4p2ppzqruufiqcr2s5xqwybma,""
984903,f3sqltk4pcc6cqsdqjr6ufnz5rmlutwmcrcm42hajyw6ru7jqxt22cfmd2rzzzd5xyhiodj4sioox7rv4bircq,""
984905,"",""
985604,f1shup6au4uqrx77ek2bpstqh4yk7plmc34vprroa,""
986001,f3ww3ibgqnuaas24f3yvonpm6q3nuehmx2gvkwqv5rbpt2driodr7tv5to422lfodt57eb2cq4vj3asok5l3xa,""
